kid2019,pindex2008,NOBS2008,pindex2009,NOBS2009,pindex2010,NOBS2010,pindex2011,NOBS2011,pindex2012,NOBS2012,pindex2013,NOBS2013,pindex2014,NOBS2014,pindex2015,NOBS2015,pindex2016,NOBS2016,pindex2017,NOBS2017,pindex2018,NOBS2018,pindex2019,NOBS2019,pindex2020,NOBS2020,pindex2021,NOBS2021,pindex2022,NOBS2022,pindex2023,NOBS2023,pindex2024,NOBS2024,pindex2025,NOBS2025,avg_return_all_time,avg_return_10yr,avg_return_5yr,return_2009,return_2010,return_2011,return_2012,return_2013,return_2014,return_2015,return_2016,return_2017,return_2018,return_2019,return_2020,return_2021,return_2022,return_2023,return_2024,return_2025,dataset_type
01001,899.868,447,840.359,447,758.64,260,917.58,391,885.337,295,1051.37,263,1241.494,272,1063.013,278,1255.478,206,1300.899,229,1563.0,185,1472.986,184,1513.494,218,1986.284,216,2463.259,222,2213.255,306,2101.247,242,2164.37,94,6.2,8.19,8.61,-6.6131,-9.7243,20.9506,-3.5139,18.7536,18.0835,-14.3763,18.1056,3.6178,20.1477,-5.7591,2.7501,31.2383,24.0134,-10.1493,-5.0608,3.0041,apt_purchase
01002,989.189,1102,940.008,1212,1006.786,813,1079.324,790,1176.723,745,1372.882,842,1456.949,1081,1402.743,787,1571.094,932,1740.64,862,1901.16,778,2054.068,670,2310.896,535,2754.797,580,3048.613,669,2740.288,986,2552.723,1359,2631.839,512,6.24,6.86,3.2,-4.9719,7.104,7.2049,9.0241,16.6699,6.1234,-3.7205,12.0016,10.7916,9.2219,8.0429,12.5034,19.209,10.6656,-10.1136,-6.8447,3.0993,apt_purchase
01003,1155.542,792,1047.305,889,1142.586,633,1152.021,889,1375.289,674,1311.495,788,1391.027,649,1542.673,625,1616.685,393,1927.762,526,2058.219,672,2506.583,548,2709.924,477,3139.933,439,3425.094,464,3410.017,815,3362.727,1126,3521.851,370,7.11,8.86,5.57,-9.3668,9.0977,0.8258,19.3805,-4.6386,6.0642,10.9017,4.7976,19.2417,6.7673,21.7841,8.1123,15.8679,9.0818,-0.4402,-1.3868,4.732,apt_purchase
01004,764.769,192,714.929,338,1314.647,2656,1151.898,581,822.662,204,801.954,289,739.012,260,786.596,246,908.61,191,914.849,179,907.884,188,1139.218,329,1319.06,172,1687.305,87,1968.968,109,1657.713,175,1657.685,165,1695.081,55,7.07,8.78,6.21,-6.517,83.885,-12.3797,-28.582,-2.5172,-7.8486,6.4389,15.5116,0.6867,-0.7613,25.4806,15.7864,27.9172,16.6931,-15.808,-0.0017,2.2559,apt_purchase
01051,1094.346,314,1049.074,347,1076.782,221,1003.888,373,1191.691,412,1219.271,422,1270.678,593,1336.906,470,1532.278,364,1440.272,324,1644.626,302,1656.082,212,2186.192,179,2639.66,154,3509.531,123,2806.695,202,2688.278,257,2848.986,151,6.65,9.09,7.09,-4.1369,2.6412,-6.7696,18.7076,2.3144,4.2162,5.212,14.6137,-6.0045,14.1886,0.6966,32.0099,20.7424,32.9539,-20.0265,-4.2191,5.9781,apt_purchase
01053,1029.132,489,923.382,634,932.784,476,1024.063,453,1028.473,416,1114.977,470,1223.079,460,1252.638,393,1261.762,274,1346.029,323,1386.064,367,1674.03,291,1793.813,332,2136.937,268,2468.306,292,2350.363,316,2358.068,314,2538.971,156,5.74,7.62,7.57,-10.2756,1.0182,9.7857,0.4306,8.4109,9.6954,2.4168,0.7284,6.6785,2.9743,20.7758,7.1554,19.1282,15.5067,-4.7783,0.3278,7.6717,apt_purchase
01054,2650.343,1341,2486.452,1158,2612.908,748,2821.821,795,3015.203,704,3577.41,843,4524.856,1289,4154.421,866,4095.563,826,4515.479,739,5185.84,792,4504.62,663,4894.161,524,5524.397,390,7100.576,385,6770.087,604,6215.702,909,5612.848,438,5.22,3.81,3.77,-6.1838,5.0858,7.9954,6.8531,18.6457,26.4841,-8.1867,-1.4168,10.2529,14.8458,-13.1362,8.6476,12.8773,28.5312,-4.6544,-8.1887,-9.6989,apt_purchase
01055,1533.391,3066,1422.112,2324,1413.381,1768,1522.08,1937,1613.388,1812,1654.523,2421,1752.845,2118,1726.696,1735,1836.667,1378,2007.388,1154,2330.239,1265,2537.002,889,2770.032,818,3733.279,676,4257.245,750,3913.103,1576,3875.463,1988,3952.563,833,6.14,9.16,8.35,-7.2571,-0.6139,7.6907,5.9989,2.5496,5.9426,-1.4918,6.3689,9.2952,16.0831,8.873,9.1853,34.7739,14.035,-8.0837,-0.9619,1.9894,apt_purchase
01056,1036.294,1468,1004.239,1615,1023.69,1195,1101.56,1194,1223.856,1115,1287.022,1247,1343.4,1518,1416.207,1318,1496.729,932,1663.418,1552,1831.82,1393,1998.579,950,2195.012,814,2623.526,706,2959.455,755,2658.97,1200,2520.575,1364,2655.602,541,5.92,6.82,4.47,-3.0932,1.9369,7.6068,11.1021,5.1612,4.3805,5.4196,5.6858,11.1369,10.1239,9.1035,9.8286,19.5222,12.8045,-10.1534,-5.2048,5.357,apt_purchase
01057,1206.378,548,1150.062,619,1035.65,461,1181.035,517,1217.157,482,1257.806,582,1319.355,649,1326.249,488,1577.778,445,1691.078,523,1862.968,497,2002.584,371,2078.017,254,2639.675,310,3110.852,310,2774.561,662,2992.87,778,2781.754,221,5.51,8.25,6.98,-4.6682,-9.9483,14.038,3.0585,3.3397,4.8934,0.5225,18.9654,7.181,10.1645,7.4943,3.7668,27.0286,17.8498,-10.8103,7.8682,-7.054,apt_purchase
01058,1013.635,691,1000.142,743,1044.944,521,977.002,762,1099.935,626,1174.278,655,1211.793,674,1170.849,674,1224.456,529,1394.154,451,1498.51,450,1579.651,406,1897.142,361,2154.827,356,2222.662,354,2340.667,559,2231.732,612,2375.93,259,5.36,7.53,4.77,-1.3311,4.4796,-6.502,12.5827,6.7589,3.1947,-3.3788,4.5785,13.8591,7.4853,5.4148,20.0988,13.5828,3.148,5.3092,-4.654,6.4613,apt_purchase
01059,937.182,375,763.176,627,840.446,374,986.628,498,948.756,469,998.064,420,1053.399,481,1100.03,364,1144.005,339,1260.188,324,1473.354,294,1583.606,282,1736.202,272,2049.258,234,2308.549,183,2144.477,338,2429.411,572,2190.833,171,5.62,7.52,5.41,-18.5669,10.1248,17.3934,-3.8385,5.1971,5.5442,4.4267,3.9976,10.1558,16.9154,7.4831,9.636,18.0311,12.6529,-7.1071,13.2869,-9.8204,apt_purchase
01060,1055.55,1032,1020.364,1385,1208.566,2375,1194.934,1671,1165.823,716,1244.255,825,1366.007,890,1356.266,955,1348.355,640,1702.665,648,1736.083,773,1714.145,629,2276.825,522,2344.165,451,2815.549,497,2470.723,857,2465.989,691,2515.244,281,5.83,7.18,2.52,-3.3334,18.4446,-1.1279,-2.4362,6.7276,9.7851,-0.7131,-0.5833,26.2772,1.9627,-1.2636,32.8257,2.9576,20.1088,-12.2472,-0.1916,1.9974,apt_purchase
01061,803.313,204,725.77,278,689.907,197,811.613,208,773.535,197,778.021,178,738.146,245,795.788,187,780.889,174,920.937,205,922.134,167,1105.314,109,1128.209,113,1439.778,83,1778.764,147,1635.67,114,1672.847,110,1540.086,66,4.54,7.56,7.49,-9.6529,-4.9414,17.6409,-4.6916,0.5799,-5.1252,7.809,-1.8722,17.9344,0.13,19.8648,2.0714,27.6162,23.5443,-8.0446,2.2729,-7.9362,apt_purchase
01062,1148.083,1093,1132.096,1228,1171.003,828,1244.923,896,1332.06,625,1415.792,742,1530.966,939,1626.8,735,1746.81,582,1859.236,550,2028.174,825,2132.541,545,2494.027,523,2673.768,386,3009.688,487,2741.785,791,2697.336,714,2654.384,297,5.22,5.27,1.53,-1.3925,3.4367,6.3125,6.9994,6.2859,8.135,6.2597,7.3771,6.4361,9.0864,5.1459,16.951,7.2069,12.5635,-8.9014,-1.6212,-1.5924,apt_purchase
02000,1732.94,11552,1740.173,12063,1835.404,9888,2024.474,9307,2333.277,8134,2394.088,8940,2478.459,12041,2473.011,13581,2752.961,7889,3040.165,7542,3340.07,7797,3642.323,6169,4175.222,6197,4590.094,6000,5171.017,6159,4731.47,10066,4853.482,11823,4877.909,4083,6.46,7.25,3.43,0.4174,5.4725,10.3013,15.2535,2.6062,3.5241,-0.2198,11.3202,10.4325,9.8648,9.0493,14.6307,9.9365,12.656,-8.5002,2.5787,0.5033,apt_purchase
03101,925.114,1549,911.183,1727,891.34,1611,960.756,1342,985.747,1107,1141.84,1319,1227.911,1213,1298.004,1141,1551.411,1248,1634.791,1076,1770.254,960,1913.37,839,2106.003,852,2271.152,898,2484.442,1050,2322.083,1052,2248.52,1188,2323.268,637,5.76,6.22,2.17,-1.5059,-2.1777,7.7878,2.6012,15.835,7.5379,5.7083,19.5228,5.3745,8.2863,8.0845,10.0677,7.8418,9.3913,-6.535,-3.168,3.3243,apt_purchase
03102,696.102,392,640.892,573,610.427,407,571.458,574,586.434,595,625.73,633,599.178,654,677.89,448,906.013,854,802.424,454,825.344,426,802.165,322,936.864,399,1168.263,291,1319.738,368,1301.339,406,1139.772,499,1260.414,276,4.27,7.35,6.89,-7.9313,-4.7535,-6.3839,2.6207,6.7008,-4.2434,13.1367,33.6519,-11.4335,2.8563,-2.8084,16.7919,24.6993,12.9658,-1.3941,-12.4154,10.5847,apt_purchase
03103,855.63,491,811.236,405,821.956,360,867.078,349,904.126,290,1091.47,307,1270.822,268,1282.645,409,1521.072,350,1576.458,457,1625.882,502,1785.517,465,1903.954,511,2055.242,546,2111.02,580,2046.546,665,1841.056,925,1814.645,392,4.82,3.79,-0.77,-5.1885,1.3214,5.4896,4.2727,20.721,16.4322,0.9303,18.5887,3.6412,3.1351,9.8184,6.6332,7.946,2.7139,-3.0542,-10.0408,-1.4346,apt_purchase
03151,830.793,255,780.091,252,754.505,221,819.713,208,902.676,213,919.329,239,967.549,309,1155.082,247,1317.741,227,1305.592,258,1419.47,235,1447.52,170,1591.11,183,1765.021,155,1885.222,158,1854.659,182,1821.59,318,2005.6,150,5.53,5.82,4.89,-6.1028,-3.2799,8.6425,10.121,1.8448,5.2451,19.3823,14.082,-0.922,8.7223,1.9761,9.9197,10.9302,6.8102,-1.6212,-1.783,10.1016,apt_purchase
03153,611.492,581,573.128,648,566.351,910,560.152,1320,536.277,1182,542.262,1376,550.523,1606,544.784,1291,540.914,1077,619.172,742,758.51,711,685.768,916,756.361,661,987.426,508,1173.564,604,1061.663,745,1055.546,876,1069.14,425,3.9,7.75,8.12,-6.2738,-1.1825,-1.0946,-4.2622,1.116,1.5234,-1.0425,-0.7104,14.4677,22.5039,-9.5901,10.294,30.5496,18.8508,-9.5351,-0.5762,1.2879,apt_purchase
03154,661.393,98,647.14,177,616.947,119,621.81,100,615.129,141,557.905,141,759.723,226,724.275,192,1122.036,513,978.126,305,932.031,291,946.119,189,1326.322,180,1238.722,133,1385.87,85,1600.817,180,1451.948,231,1348.812,94,5.8,8.35,0.88,-2.155,-4.6656,0.7882,-1.0744,-9.3028,36.1743,-4.6659,54.9185,-12.8258,-4.7126,1.5115,40.1855,-6.6047,11.879,15.5099,-9.2996,-7.1033,apt_purchase
03157,714.616,314,618.938,457,602.593,345,659.026,334,684.958,230,826.0,294,683.895,293,1096.716,398,1221.399,505,1142.699,306,1115.244,219,1165.818,251,1327.606,216,1367.103,226,1540.105,190,1513.158,300,1558.743,442,1597.101,104,5.96,4.03,3.87,-13.3887,-2.6408,9.365,3.9349,20.5913,-17.204,60.3632,11.3688,-6.4434,-2.4026,4.5348,13.8776,2.9751,12.6546,-1.7497,3.0126,2.4608,apt_purchase
03158,791.383,371,721.496,436,751.095,423,724.768,425,744.593,398,774.541,417,818.433,447,895.514,378,1064.145,299,1018.821,332,1143.26,295,1228.962,229,1264.341,224,1623.271,270,1774.771,226,1626.686,366,1530.664,386,1462.881,132,4.11,5.62,3.81,-8.831,4.1024,-3.5051,2.7354,4.0221,5.6668,9.4181,18.8306,-4.2592,12.214,7.4963,2.8788,28.3887,9.333,-8.3439,-5.9029,-4.4283,apt_purchase
03159,889.669,1195,758.786,1315,739.567,1321,813.145,1132,828.936,866,962.144,851,932.312,912,904.568,739,1107.674,513,1233.793,488,1424.733,551,1431.602,474,1654.829,363,1803.588,423,1901.512,461,1925.63,455,1884.356,500,1974.168,249,5.2,8.37,3.66,-14.7114,-2.5329,9.9488,1.942,16.0698,-3.1006,-2.9758,22.4534,11.3859,15.4759,0.4821,15.5928,8.9894,5.4294,1.2684,-2.1434,4.7662,apt_purchase
03241,958.44,7400,895.613,7098,936.813,6130,960.755,6742,989.419,6092,1081.757,6063,1189.271,6192,1330.316,5628,1484.616,4566,1620.865,4834,1800.0,4617,2005.162,4432,2281.41,4206,2596.983,4244,2756.132,4867,2472.528,6426,2294.01,6109,2380.987,2440,5.76,6.32,1.25,-6.5551,4.6002,2.5557,2.9835,9.3325,9.9388,11.8598,11.5987,9.1774,11.0518,11.3979,13.7768,13.8324,6.1282,-10.2899,-7.2201,3.7915,apt_purchase
03251,843.976,411,824.518,365,790.145,325,849.221,400,899.88,421,933.231,366,988.468,323,1046.487,241,1070.73,270,991.158,358,1182.653,277,1289.549,195,1360.162,223,1710.387,265,1893.77,146,1779.117,232,1967.997,410,1998.758,134,5.52,7.13,8.52,-2.3055,-4.1689,7.4766,5.9653,3.7062,5.9189,5.8696,2.3166,-7.4316,19.3203,9.0387,5.4758,25.7488,10.7217,-6.0542,10.6165,1.5631,apt_purchase
03252,732.419,790,633.275,655,603.356,470,633.647,731,593.537,751,670.016,767,596.851,802,646.877,530,633.848,465,638.57,745,650.369,578,725.307,528,1070.152,220,1201.379,301,1469.722,259,1400.666,307,1447.149,463,1391.78,194,4.69,8.9,5.88,-13.5365,-4.7245,5.0204,-6.33,12.8853,-10.9199,8.3817,-2.0141,0.745,1.8477,11.5224,47.5447,12.2625,22.3362,-4.6986,3.3186,-3.8261,apt_purchase
03254,803.623,563,693.714,915,751.539,612,784.212,658,811.252,610,852.596,652,840.552,724,879.861,728,900.1,540,1063.62,514,1151.019,521,1194.295,381,1317.685,302,1731.523,358,1936.402,370,1704.197,546,1679.078,706,1786.85,283,5.28,7.9,7.24,-13.6767,8.3356,4.3475,3.448,5.0963,-1.4126,4.6766,2.3002,18.1669,8.2171,3.7598,10.3316,31.4064,11.8323,-11.9916,-1.4739,6.4185,apt_purchase
03257,768.798,354,687.73,496,696.316,328,695.147,521,722.9,517,698.635,519,685.53,476,742.477,472,788.456,376,861.5,395,939.802,359,1044.826,288,1209.356,296,1280.178,273,1561.376,259,1552.247,494,1546.336,384,1607.331,174,4.7,8.23,6.16,-10.5448,1.2485,-0.1679,3.9924,-3.3566,-1.8758,8.307,6.1926,9.2642,9.089,11.1751,15.7471,5.8562,21.9655,-0.5847,-0.3808,3.9445,apt_purchase
03351,731.197,378,646.193,355,653.754,303,673.531,281,620.594,294,789.866,315,706.368,434,830.025,390,816.407,432,866.759,347,823.034,365,1022.659,299,1274.123,292,1529.198,325,1534.764,288,1567.006,300,1629.469,288,1633.488,120,5.53,7.5,5.34,-11.6253,1.1701,3.0251,-7.8596,27.2758,-10.5712,17.506,-1.6407,6.1675,-5.0447,24.2548,24.5892,20.0197,0.364,2.1008,3.9861,0.2466,apt_purchase
03352,1266.732,513,1052.499,599,1124.834,415,1121.575,370,1282.116,341,1308.856,548,1170.743,493,1419.461,521,1595.092,529,1859.22,516,1849.446,421,1998.896,377,2162.585,505,2639.831,388,2679.382,383,2860.594,678,2760.439,717,2558.104,317,4.76,6.42,3.9,-16.9123,6.8727,-0.2897,14.3139,2.0856,-10.5522,21.2445,12.3731,16.5588,-0.5257,8.0808,8.189,22.0683,1.4982,6.7632,-3.5012,-7.3298,apt_purchase
03353,1089.611,879,1082.024,907,1086.003,605,1078.997,635,1225.242,569,1331.404,618,1422.873,723,1444.305,546,1564.088,446,1674.409,587,1780.755,435,2009.617,321,2191.334,341,2445.394,347,2839.117,374,2558.496,501,2478.468,579,2797.629,241,5.93,7.12,5.51,-0.6963,0.3677,-0.6451,13.5538,8.6646,6.8701,1.5062,8.2935,7.0534,6.3513,12.852,9.0424,11.5939,16.1006,-9.8841,-3.1279,12.8774,apt_purchase
03355,1065.118,574,1005.033,629,1140.112,484,1115.737,469,1150.072,322,1298.889,273,1416.798,370,1534.291,463,1582.351,365,1739.178,396,1836.67,360,1803.127,375,2274.737,245,2829.287,200,2861.907,275,2654.845,417,2645.295,412,2682.075,284,5.96,6.23,3.87,-5.6412,13.4403,-2.1379,3.0773,12.9398,9.0777,8.2929,3.1324,9.911,5.6056,-1.8263,26.1551,24.3786,1.1529,-7.2351,-0.3597,1.3904,apt_purchase
03356,816.299,184,707.787,211,797.433,153,798.007,143,810.623,145,835.213,194,900.768,266,998.276,207,950.206,255,935.159,263,1055.826,323,1033.064,317,1265.468,229,1709.322,121,1775.56,227,1927.234,197,1804.125,133,1565.72,64,4.56,5.47,5.58,-13.2932,12.6657,0.072,1.5809,3.0335,7.8489,10.825,-4.8153,-1.5836,12.9034,-2.1558,22.4966,35.0743,3.8751,8.5423,-6.3879,-13.2144,apt_purchase
03359,885.824,582,722.167,559,867.182,401,887.113,477,945.857,320,1055.724,302,1132.056,329,1250.914,292,1147.08,260,1332.602,285,1367.508,332,1548.328,256,1532.987,381,1849.469,282,2055.018,261,2070.244,413,2031.356,479,1677.259,275,4.46,3.59,2.64,-18.4751,20.0805,2.2984,6.6219,11.6156,7.2303,10.4993,-8.3007,16.1734,2.6194,13.2226,-0.9908,20.6448,11.1139,0.7409,-1.8784,-17.4316,apt_purchase
03361,883.07,468,745.011,540,832.546,413,848.274,354,845.532,322,940.662,296,896.661,272,1160.589,262,1124.004,199,1170.901,179,1412.865,236,1348.056,169,1672.155,131,1824.539,122,1951.407,129,1848.853,159,1943.82,289,1985.56,115,5.47,5.92,3.62,-15.634,11.7495,1.8891,-0.3232,11.2509,-4.6777,29.4345,-3.1523,4.1723,20.6648,-4.5871,24.042,9.113,6.9534,-5.2554,5.1365,2.1473,apt_purchase
03401,696.289,364,650.937,479,573.818,312,647.61,198,730.492,267,747.672,198,741.943,185,835.106,211,945.102,130,1102.085,174,1044.269,279,1086.36,158,1444.389,95,1558.782,79,1535.331,181,1596.157,138,1470.014,161,1452.277,109,4.95,6.28,0.25,-6.5134,-11.8474,12.8598,12.7981,2.3518,-0.7662,12.5566,13.1715,16.6102,-5.2461,4.0307,32.9568,7.9198,-1.5044,3.9618,-7.9029,-1.2066,apt_purchase
03402,736.492,162,680.569,180,640.951,147,634.382,131,602.931,168,858.619,236,910.409,213,939.837,241,787.175,293,750.985,470,869.491,258,979.391,100,1011.084,133,1364.28,131,1616.781,76,1346.122,162,1542.253,165,1732.064,62,6.27,7.44,12.72,-7.5932,-5.8213,-1.0249,-4.9577,42.4075,6.0318,3.2324,-16.2435,-4.5975,15.7801,12.6396,3.236,34.9324,18.508,-16.7406,14.5701,12.3074,apt_purchase
03403,1013.475,878,943.035,733,1026.522,633,1091.031,805,1270.053,702,1412.743,1199,1403.96,1073,1487.604,928,1614.92,687,1797.606,840,1853.115,708,2025.13,725,2319.416,1052,2617.301,649,2755.518,520,2464.239,624,2369.041,640,2413.675,374,5.5,5.23,1.11,-6.9503,8.853,6.2842,16.4085,11.235,-0.6217,5.9577,8.5585,11.3124,3.0879,9.2825,14.5317,12.8431,5.2809,-10.5708,-3.8632,1.8841,apt_purchase
03404,954.629,705,831.645,596,837.789,461,879.697,418,918.488,482,996.371,750,1090.904,953,1177.413,786,1310.714,410,1513.406,368,1631.38,494,1658.953,391,1934.244,310,1770.29,320,2230.754,254,2093.341,457,2135.801,598,2066.181,190,5.07,6.3,2.03,-12.8829,0.7388,5.0022,4.4096,8.4795,9.4877,7.93,11.3215,15.4642,7.7953,1.6902,16.5943,-8.4764,26.0107,-6.1599,2.0283,-3.2597,apt_purchase
03405,694.739,389,615.793,624,616.9,350,686.473,507,757.7,388,764.052,457,786.19,456,745.817,365,779.936,369,716.79,288,741.777,318,737.067,220,1295.436,193,980.875,219,1594.186,157,1346.291,310,1413.31,338,1458.437,180,6.77,10.6,6.17,-11.3634,0.1798,11.2778,10.3758,0.8383,2.8974,-5.1353,4.5747,-8.0963,3.486,-0.635,75.7555,-24.2822,62.5269,-15.5499,4.978,3.193,apt_purchase
03451,1049.689,544,1064.808,460,1038.258,382,1125.004,442,1236.483,340,1254.933,365,1319.967,503,1438.274,377,1401.138,246,1560.319,309,1531.626,425,1853.963,379,2039.274,471,2107.206,169,2419.916,102,2258.479,273,2363.355,338,2404.48,135,5.22,5.59,3.58,1.4403,-2.4934,8.355,9.9092,1.4921,5.1823,8.9629,-2.582,11.3608,-1.8389,21.0454,9.9954,3.3312,14.84,-6.6712,4.6437,1.7401,apt_purchase
03452,2173.128,926,1931.991,871,1991.727,1048,1869.197,839,2122.144,621,2253.481,692,2440.803,765,2525.853,738,2286.215,504,2264.1,627,2436.594,522,2588.212,397,2997.061,339,3810.957,318,3721.273,274,4308.328,390,3803.336,491,3672.731,261,3.65,4.46,5.08,-11.0963,3.0919,-6.1519,13.5324,6.1889,8.3126,3.4845,-9.4874,-0.9673,7.6187,6.2225,15.7966,27.1565,-2.3533,15.7756,-11.7213,-3.434,apt_purchase
03454,793.832,237,679.404,375,999.259,271,1004.611,220,960.854,268,961.287,288,997.97,349,1029.793,315,1028.999,337,1098.67,271,1274.909,212,1269.579,158,1302.447,107,1667.714,115,1743.54,116,1704.459,320,1731.041,328,1752.395,158,5.53,5.8,6.63,-14.4146,47.0788,0.5356,-4.3556,0.0451,3.816,3.1888,-0.0771,6.7708,16.0411,-0.4181,2.5889,28.0447,4.5467,-2.2415,1.5596,1.2336,apt_purchase
03455,1250.544,408,1287.251,421,1321.295,553,1255.83,725,1156.189,423,1294.559,389,1340.701,386,1293.861,310,1531.692,197,1706.492,229,2495.003,226,2146.315,190,2156.854,128,2338.55,185,2736.891,170,2077.633,338,2234.628,474,1995.618,305,3.85,6.07,-0.35,2.9353,2.6447,-4.9546,-7.9343,11.9678,3.5643,-3.4937,18.3815,11.4122,46.2065,-13.9755,0.491,8.4241,17.0337,-24.0878,7.5564,-10.6957,apt_purchase
03457,1108.525,171,1205.019,173,1262.384,175,1432.929,194,1577.728,192,1919.01,243,1818.446,369,1738.462,178,1552.057,200,1504.355,275,1612.121,184,2397.833,101,1013.574,381,1857.912,133,2341.11,82,2237.368,224,2442.517,226,2898.854,100,9.78,11.71,26.55,8.7047,4.7605,13.5098,10.1051,21.6312,-5.2404,-4.3985,-10.7224,-3.0735,7.1636,48.7378,-57.7296,83.303,26.0076,-4.4313,9.1692,18.6831,apt_purchase
03458,838.326,144,820.006,146,826.053,132,933.192,72,839.752,119,1005.606,84,1037.049,130,1310.771,352,1020.619,90,1203.238,118,1402.505,134,1469.63,120,1779.964,103,1988.659,125,1807.201,97,2069.067,112,2138.106,110,2083.545,59,6.29,5.61,3.58,-2.1853,0.7374,12.97,-10.0129,19.7504,3.1268,26.3943,-22.136,17.893,16.5609,4.7861,21.1165,11.7247,-9.1246,14.4901,3.3367,-2.5518,apt_purchase
03459,864.508,461,747.361,575,755.219,451,770.836,556,766.898,421,845.534,537,925.284,586,950.972,618,1072.551,507,1162.522,624,1234.503,617,1109.095,381,1324.767,252,1651.198,263,1768.502,260,1780.336,321,1908.974,493,1927.793,220,5.22,7.73,8.13,-13.5507,1.0514,2.0679,-0.5109,10.2538,9.4319,2.7762,12.7847,8.3885,6.1918,-10.1586,19.4458,24.6406,7.1042,0.6692,7.2255,0.9858,apt_purchase
03461,764.549,179,770.348,138,703.974,130,682.252,249,837.165,240,831.455,211,804.341,199,866.879,98,814.078,124,1067.064,127,875.565,113,1183.461,97,1369.868,71,1461.578,169,1693.774,88,1839.651,100,1336.48,96,1564.106,78,5.55,7.88,4.17,0.7585,-8.6161,-3.0856,22.7061,-0.6821,-3.261,7.7751,-6.0909,31.0764,-17.9463,35.1654,15.751,6.6948,15.8867,8.6125,-27.3514,17.0318,apt_purchase
03462,1368.579,193,1287.532,161,1399.109,224,1452.656,340,1586.666,249,1527.614,210,2091.143,156,1819.299,150,1841.735,150,1454.793,136,2169.007,179,2052.716,81,2253.027,84,1872.298,115,2980.338,83,2894.007,128,3168.669,203,3304.016,145,7.23,8.69,10.63,-5.922,8.666,3.8272,9.2252,-3.7218,36.8895,-12.9998,1.2332,-21.0096,49.0939,-5.3615,9.7583,-16.8986,59.1808,-2.8967,9.4907,4.2714,apt_purchase
04011,932.982,2921,878.541,3288,899.234,2860,936.636,2295,1047.735,2004,1185.363,2086,1248.604,2176,1283.306,1737,1498.508,1292,1548.654,1470,1658.449,1721,1852.098,1554,2110.837,1792,2309.607,1578,2508.671,1905,2282.225,3031,2263.514,2935,2320.245,1317,5.73,6.35,2.14,-5.8352,2.3554,4.1593,11.8615,13.1358,5.3352,2.7793,16.7693,3.3464,7.0897,11.6765,13.97,9.4166,8.619,-9.0265,-0.8199,2.5063,apt_purchase
04012,515.004,271,353.12,841,353.11,485,421.484,465,495.924,396,565.538,544,657.795,521,841.167,348,769.437,349,823.816,416,958.599,533,1004.708,421,1150.901,382,1126.887,337,1195.136,310,1128.157,446,999.351,682,1337.001,259,6.99,5.5,4.15,-31.4335,-0.0028,19.3634,17.6614,14.0372,16.3131,27.8768,-8.5274,7.0674,16.3608,4.81,14.5508,-2.0865,6.0564,-5.6043,-11.4174,33.7869,apt_purchase
05111,1415.415,7171,1421.538,6787,1471.636,6093,1583.911,6156,1733.51,6549,1984.373,7752,2075.723,8429,2097.069,6876,2203.56,5554,2498.872,4118,2798.904,3829,3073.099,3098,3474.737,3425,3742.611,3297,4086.933,4080,3743.033,7046,3737.867,7051,3734.771,2616,6.04,6.16,1.65,0.4326,3.5242,7.6293,9.4449,14.4714,4.6035,1.0284,5.0781,13.4016,12.0067,9.7965,13.0695,7.7092,9.2,-8.4146,-0.138,-0.0828,apt_purchase
05112,835.147,1905,693.442,2798,752.083,2101,783.187,2347,798.617,2839,650.856,3995,692.753,5272,775.09,3210,689.35,3755,743.35,3922,834.021,2621,618.986,2984,661.921,3041,786.315,2915,953.083,2491,1026.328,2610,1003.772,3354,968.483,1425,1.74,3.21,8.39,-16.9677,8.4565,4.1357,1.9702,-18.5021,6.4372,11.8855,-11.0619,7.8335,12.1976,-25.7829,6.9363,18.7929,21.2088,7.6851,-2.1977,-3.5156,apt_purchase
05113,1055.844,4175,931.13,4638,994.88,4174,990.583,4475,955.098,4856,944.065,5683,904.455,7463,978.985,5105,1026.631,4141,1113.811,3710,1242.057,2870,1439.955,2051,1601.555,1898,1709.916,1942,1994.07,1997,1976.477,2567,2004.955,2566,2124.777,1171,4.46,8.19,5.98,-11.8118,6.8465,-0.4319,-3.5822,-1.1552,-4.1957,8.2403,4.8669,8.4919,11.5142,15.9331,11.2226,6.766,16.618,-0.8823,1.4408,5.9763,apt_purchase
05114,937.426,1681,867.513,2367,915.543,1844,889.108,1876,921.876,1936,802.209,2407,828.852,2966,956.155,1780,995.274,1503,1046.956,1398,1116.957,1182,1153.818,920,1363.465,857,1761.65,842,1914.132,914,1802.568,1305,1918.163,1249,1947.421,474,4.82,7.74,7.99,-7.458,5.5365,-2.8874,3.6855,-12.9808,3.3212,15.359,4.0913,5.1927,6.6861,3.3001,18.1699,29.2039,8.6556,-5.8284,6.4128,1.5253,apt_purchase
05116,827.177,2156,796.369,3018,780.09,2325,836.88,2226,847.262,2116,844.988,2518,868.433,2647,926.784,2026,978.282,1297,950.821,1293,978.428,1335,1054.998,949,1334.312,916,1386.873,996,1744.115,1087,1681.013,1163,1675.36,1159,1730.21,463,4.76,6.9,5.8,-3.7245,-2.0442,7.2799,1.2406,-0.2684,2.7746,6.7191,5.5566,-2.8071,2.9035,7.8258,26.4753,3.9392,25.7588,-3.618,-0.3363,3.2739,apt_purchase
05117,1070.305,1191,1018.885,1384,1046.507,1075,1103.849,1030,1243.74,1308,1091.832,1494,1175.297,1613,1193.17,1588,1161.136,1241,1203.503,970,1288.943,937,1449.218,701,1595.871,534,1785.474,542,1907.635,477,1838.323,746,1881.589,812,1919.203,277,3.71,5.01,3.89,-4.8042,2.711,5.4794,12.673,-12.2138,7.6445,1.5207,-2.6848,3.6488,7.0993,12.4346,10.1195,11.8808,6.8419,-3.6334,2.3536,1.9991,apt_purchase
05119,881.804,919,738.632,1579,782.662,1179,820.373,1240,831.75,1371,690.521,2387,744.694,2534,875.673,1685,862.069,1544,900.44,1541,871.974,919,953.18,780,1136.674,787,1297.937,607,1563.235,564,1481.249,595,1595.027,715,1552.668,309,3.95,6.27,6.88,-16.2363,5.961,4.8183,1.3868,-16.9797,7.8452,17.5883,-1.5535,4.451,-3.1613,9.3129,19.2507,14.1873,20.44,-5.2446,7.6812,-2.6557,apt_purchase
05120,905.58,467,891.467,709,867.713,778,887.285,650,885.909,863,884.017,892,924.951,1066,859.185,1066,885.889,987,842.012,781,897.789,736,1008.816,363,1325.47,336,1406.821,366,1795.949,332,1577.445,496,1644.186,518,1682.845,251,4.23,7.67,5.64,-1.5584,-2.6646,2.2556,-0.1551,-0.2136,4.6305,-7.1102,3.1081,-4.9529,6.6243,12.3667,31.3887,6.1375,27.6601,-12.1665,4.231,2.3513,apt_purchase
05122,1083.886,1126,993.894,1036,956.175,988,992.535,1261,1056.66,1101,1039.321,978,1144.4,960,1164.529,880,1208.284,629,1330.103,717,1466.357,759,1535.489,741,1614.128,621,1925.527,507,2099.158,508,1981.268,625,1938.606,769,1823.491,353,3.35,4.85,2.92,-8.3027,-3.7951,3.8027,6.4607,-1.6409,10.1104,1.7589,3.7573,10.082,10.2439,4.7145,5.1214,19.2921,9.0173,-5.6161,-2.1533,-5.938,apt_purchase
05124,885.467,2693,755.999,4456,814.395,4043,812.643,4326,819.038,4603,818.329,5329,800.752,4969,817.723,3978,851.769,3225,894.971,3167,1025.567,2415,1019.186,2474,1167.633,1563,1403.147,1408,1693.828,1456,1491.07,1872,1455.044,1946,1681.853,693,4.32,7.99,8.42,-14.6214,7.7243,-0.2151,0.7869,-0.0866,-2.1479,2.1194,4.1635,5.072,14.5922,-0.6222,14.5653,20.1702,20.7164,-11.9704,-2.4161,15.5878,apt_purchase
05154,1019.383,555,899.863,824,933.54,582,963.316,969,950.422,756,949.939,822,979.164,770,1091.153,623,965.629,938,949.999,1701,966.469,852,1172.435,452,1424.159,421,1501.488,382,1042.725,525,1527.837,436,1743.369,352,1787.245,189,4.57,6.94,7.6,-11.7247,3.7425,3.1896,-1.3385,-0.0508,3.0765,11.4372,-11.5038,-1.6186,1.7337,21.3112,21.4702,5.4298,-30.5539,46.5235,14.107,2.5167,apt_purchase
05158,1135.764,5309,1070.62,5005,1067.326,4582,1087.744,4828,1087.555,4356,1139.709,4334,1233.085,4772,1262.242,3296,1334.687,2442,1411.333,2536,1627.974,2118,1705.786,1757,1934.188,1595,2225.777,1713,2442.31,1765,2283.751,2629,2255.023,3004,2319.756,1014,4.48,6.49,3.98,-5.7357,-0.3077,1.913,-0.0174,4.7955,8.193,2.3646,5.7394,5.7426,15.3501,4.7797,13.3898,15.0755,9.7284,-6.4922,-1.2579,2.8706,apt_purchase
05162,1137.731,2876,1072.217,3557,1092.591,2902,1090.882,3019,1172.386,3167,1227.556,3215,1240.537,3274,1293.461,2508,1388.465,1984,1483.036,1862,1639.552,1595,1719.452,1477,1924.977,1277,2282.72,1348,2606.919,1309,2431.917,2006,2262.066,2282,2267.85,1049,4.37,6.09,3.87,-5.7583,1.9002,-0.1564,7.4714,4.7058,1.0575,4.2662,7.3449,6.8112,10.5538,4.8733,11.9529,18.5843,14.2023,-6.713,-6.9842,0.2557,apt_purchase
05166,978.49,1247,943.226,1756,918.922,1567,942.418,1444,994.983,1631,1007.565,1412,1032.081,1694,1128.924,1537,1130.572,697,1159.59,748,1251.201,723,1342.582,571,1541.259,551,1666.45,663,1990.978,529,1936.309,744,1975.915,876,2027.645,321,4.54,6.22,5.9,-3.6039,-2.5767,2.5569,5.5777,1.2645,2.4332,9.3833,0.146,2.5667,7.9003,7.3035,14.7981,8.1226,19.4742,-2.7458,2.0454,2.618,apt_purchase
05170,993.753,1693,938.901,1950,931.341,1714,951.615,1948,948.923,2080,921.72,2216,962.889,2394,1019.643,1872,1031.249,1672,1089.685,1481,1167.187,1327,1186.937,1065,1351.223,1149,1777.347,963,1924.315,779,1720.914,1092,1748.131,994,1842.227,373,4.04,6.56,7.24,-5.5197,-0.8052,2.1769,-0.2829,-2.8667,4.4665,5.8941,1.1382,5.6665,7.1123,1.6921,13.8412,31.5362,8.269,-10.57,1.5815,5.3827,apt_purchase
05314,1281.229,2473,1262.985,2966,1265.976,2234,1297.258,2236,1381.739,2077,1515.717,2344,1597.983,2339,1646.77,2199,1748.935,1752,1863.636,1467,2106.712,1353,2291.492,1143,2607.496,941,2987.511,933,3140.594,1041,2969.222,1685,2974.019,1921,3077.14,904,5.42,6.62,3.57,-1.4239,0.2368,2.471,6.5123,9.6963,5.4275,3.053,6.204,6.5583,13.0431,8.771,13.7903,14.5739,5.1241,-5.4567,0.1616,3.4674,apt_purchase
05315,1441.757,9816,1388.728,10718,1431.342,8482,1496.094,8124,1584.331,6829,1690.377,8253,1828.614,8195,1985.591,7067,2152.137,4827,2446.16,4769,2681.016,4458,2813.692,3634,3230.141,3647,3709.588,3444,3977.601,4346,3724.201,7103,3750.288,9247,3917.279,4118,6.21,7.23,4.17,-3.6781,3.0686,4.5239,5.8978,6.6934,8.1779,8.5845,8.3877,13.6619,9.601,4.9487,14.8008,14.8429,7.2249,-6.3707,0.7005,4.4528,apt_purchase
05316,1149.717,1373,1091.069,1124,1106.312,973,1047.151,968,1064.841,918,1106.322,931,1218.684,1026,1242.937,888,1295.816,558,1463.486,524,1573.246,566,1716.95,378,1959.923,410,2292.724,297,2456.791,436,2288.318,700,2309.114,815,2433.919,363,4.72,7.16,4.72,-5.1011,1.3971,-5.3476,1.6893,3.8955,10.1564,1.9901,4.2544,12.9393,7.4999,9.1342,14.1514,16.9803,7.156,-6.8574,0.9088,5.4049,apt_purchase
05334,1032.754,2214,999.834,2817,1086.538,2309,1051.874,1987,1180.155,1785,1196.033,2207,1262.685,2584,1318.318,2306,1432.98,2076,1423.83,2010,1565.645,1677,1357.73,1434,1618.772,1149,2123.492,1006,2229.439,1082,2338.407,2159,2330.391,2581,2402.031,832,5.5,6.78,8.76,-3.1876,8.6718,-3.1903,12.1955,1.3454,5.5728,4.4059,8.6976,-0.6385,9.9601,-13.2798,19.2264,31.1792,4.9893,4.8877,-0.3428,3.0742,apt_purchase
05358,830.673,641,786.026,948,793.812,776,791.002,774,780.164,807,803.733,835,811.788,807,835.565,800,993.656,591,980.23,663,1064.001,544,1244.705,359,1377.154,356,1693.271,404,1841.791,495,1513.358,795,1398.371,778,1692.975,258,4.82,8.11,5.47,-5.3748,0.9906,-0.354,-1.3702,3.021,1.0022,2.929,18.9203,-1.3512,8.5461,16.9834,10.641,22.9544,8.7712,-17.8323,-7.5981,21.0677,apt_purchase
05362,1016.1,3647,925.115,4656,949.611,3435,931.913,3086,980.189,2770,1007.434,2915,1004.052,2948,1153.8,2473,1099.076,1929,1200.973,2096,1407.548,1848,1586.444,1569,1730.997,1524,2028.736,1400,2415.145,1393,2338.172,2148,2287.004,2382,2205.849,1202,5.01,7.09,5.46,-8.9543,2.6479,-1.8637,5.1803,2.7796,-0.3357,14.9144,-4.7429,9.2712,17.2006,12.7098,9.1118,17.2004,19.0468,-3.1871,-2.1884,-3.5485,apt_purchase
05366,959.29,366,897.5,595,910.67,388,924.67,349,966.389,428,961.841,422,888.381,389,951.942,306,1018.011,315,1226.597,320,1394.037,251,1361.23,112,1516.872,155,1779.224,146,1981.896,176,1798.171,352,1626.749,331,1807.119,127,4.19,7.11,4.19,-6.4412,1.4674,1.5373,4.5118,-0.4706,-7.6374,7.1547,6.9404,20.4896,13.6508,-2.3534,11.4339,17.2956,11.391,-9.2702,-9.5331,11.0878,apt_purchase
05370,748.266,470,682.652,763,743.17,529,762.977,600,770.674,410,833.438,539,771.787,443,868.113,470,864.31,429,988.666,447,1242.172,419,1242.529,280,1376.902,296,1490.447,286,1718.028,310,1685.981,438,1764.857,417,1753.898,171,5.48,7.61,5.14,-8.7688,8.8651,2.6652,1.0088,8.144,-7.3972,12.4809,-0.4381,14.3879,25.6412,0.0287,10.8145,8.2464,15.2693,-1.8653,4.6783,-0.621,apt_purchase
05374,922.999,607,793.946,876,818.882,698,872.499,637,849.569,700,830.065,793,818.842,858,898.332,665,850.927,711,960.961,601,956.066,541,1007.646,429,1221.701,302,1460.13,371,1551.067,247,1507.213,434,1592.81,499,1500.626,184,3.28,5.66,4.56,-13.9819,3.1408,6.5476,-2.6281,-2.2958,-1.3521,9.7076,-5.277,12.9311,-0.5094,5.395,21.2431,19.5162,6.228,-2.8273,5.6792,-5.7875,apt_purchase
05378,1155.328,2187,1083.992,2516,1110.746,1994,1175.939,2226,1157.293,2276,1194.966,2163,1218.932,2094,1277.688,1466,1385.59,1189,1452.311,1079,1618.778,1039,1727.073,743,1944.75,634,2262.386,642,2496.963,869,2311.955,1234,2348.187,1337,2466.641,491,4.74,6.99,5.18,-6.1745,2.4681,5.8693,-1.5856,3.2553,2.0056,4.8203,8.4451,4.8153,11.4622,6.6899,12.6038,16.333,10.3686,-7.4093,1.5672,5.0445,apt_purchase
05382,1063.779,2723,1031.951,3731,1003.909,3019,1055.0,2816,1098.317,2409,1176.932,2530,1250.313,2877,1263.553,1816,1399.26,1454,1521.942,1431,1647.836,1456,1817.451,1113,2069.739,1072,2309.779,946,2541.927,1068,2385.185,1440,2387.426,1981,2436.046,792,5.15,6.96,3.52,-2.992,-2.7174,5.0892,4.1059,7.1578,6.2349,1.0589,10.7401,8.7676,8.2719,10.2932,13.8814,11.5976,10.0507,-6.1663,0.094,2.0365,apt_purchase
05512,1022.157,334,912.911,516,909.788,351,937.94,403,877.573,506,893.253,504,950.261,573,936.345,435,1056.499,336,1121.303,391,1186.308,334,1320.177,259,1563.174,233,1622.169,140,1804.746,225,1320.186,395,1698.113,323,1856.933,153,4.29,8.06,5.23,-10.6878,-0.3421,3.0943,-6.4361,1.7867,6.3821,-1.4644,12.8322,6.1338,5.7973,11.2845,18.4064,3.7741,11.2551,-26.8492,28.6268,9.3527,apt_purchase
05513,753.173,700,671.593,1046,626.556,955,691.026,1308,678.262,1536,516.979,2579,587.454,3004,655.627,1730,584.958,2085,637.974,1822,676.282,1328,592.232,1146,675.86,1047,747.819,1103,857.158,1551,1032.815,985,1004.539,1363,1089.435,565,2.93,5.75,10.29,-10.8315,-6.706,10.2896,-1.8471,-23.7789,13.6321,11.6048,-10.7788,9.0632,6.0046,-12.4282,14.1208,10.647,14.6211,20.493,-2.7378,8.4512,apt_purchase
05515,1340.957,1691,1316.204,1741,1339.744,1643,1354.171,1459,1501.835,1152,1633.154,1513,1799.654,1831,1864.574,1491,1970.844,1190,2129.707,1034,2341.806,844,2567.296,714,2926.756,573,3339.329,603,3487.311,742,3366.686,1301,3390.162,1451,3588.692,551,6.08,6.9,4.32,-1.8459,1.7885,1.0768,10.9044,8.7439,10.195,3.6074,5.6994,8.0607,9.9591,9.6289,14.0015,14.0966,4.4315,-3.459,0.6973,5.8561,apt_purchase
05554,1027.939,535,889.817,658,940.242,481,974.802,463,946.895,415,1056.543,665,1081.984,721,1146.6,646,1118.075,568,1228.414,570,1316.953,578,1351.354,449,1426.833,396,1597.505,307,1943.008,205,1850.234,375,2029.766,440,2039.166,229,4.4,6.18,7.8,-13.4368,5.6669,3.6756,-2.8628,11.5797,2.4079,5.972,-2.4878,9.8687,7.2076,2.6122,5.5854,11.9616,21.6277,-4.7748,9.7032,0.4631,apt_purchase
05558,948.798,501,925.659,486,925.486,417,976.517,438,989.757,372,1036.422,372,1074.987,480,1177.076,381,1095.748,359,1275.709,401,1342.042,243,1458.342,186,1647.016,231,1842.055,146,2069.635,144,2042.391,249,2044.043,341,2112.881,94,5.0,6.26,5.27,-2.4388,-0.0187,5.514,1.3558,4.7148,3.721,9.4968,-6.9093,16.4236,5.1997,8.6659,12.9376,11.842,12.3547,-1.3164,0.0809,3.3677,apt_purchase
05562,951.768,2099,858.76,2348,876.653,1873,887.939,2177,859.471,2626,771.556,3353,869.451,3336,895.219,2552,924.336,2175,922.501,2427,1023.271,1799,1032.626,1408,1181.732,1424,1310.002,1216,1497.973,1510,1535.613,1650,1453.436,1909,1571.649,682,3.27,5.98,6.1,-9.7721,2.0836,1.2874,-3.2061,-10.229,12.688,2.9637,3.2525,-0.1985,10.9236,0.9142,14.4395,10.8544,14.3489,2.5127,-5.3514,8.1333,apt_purchase
05566,872.778,750,850.442,898,840.831,975,878.93,842,965.804,906,989.54,926,1030.172,986,1070.392,836,1152.436,775,1162.871,831,1271.793,642,1468.671,488,1592.335,474,1734.986,340,1840.506,378,1841.159,702,1932.374,836,1800.156,356,4.48,5.5,2.64,-2.5592,-1.1301,4.5311,9.8841,2.4576,4.1062,3.9042,7.6649,0.9055,9.3666,15.4803,8.4201,8.9586,6.0819,0.0355,4.9542,-6.8423,apt_purchase
05570,858.731,616,885.998,742,856.314,669,862.228,632,881.242,556,839.767,521,924.065,608,934.456,563,1039.894,417,1165.842,393,1213.116,371,1393.693,237,1490.63,224,1461.459,238,1710.646,181,1559.776,379,1869.69,274,1646.936,172,4.28,6.35,2.85,3.1753,-3.3503,0.6906,2.2052,-4.7064,10.0383,1.1245,11.2834,12.1116,4.0549,14.8854,6.9554,-1.957,17.0506,-8.8195,19.8691,-11.914,apt_purchase
05711,959.135,1517,927.447,1610,949.824,1202,982.757,1396,991.29,1378,1046.816,1450,1135.7,1554,1131.128,1157,1211.062,1024,1302.977,955,1445.765,1061,1518.067,681,1725.597,577,2138.031,678,2243.156,842,2057.302,1194,2061.381,1171,2041.35,625,4.78,6.4,3.95,-3.3038,2.4128,3.4673,0.8683,5.6014,8.4909,-0.4026,7.0668,7.5896,10.9586,5.001,13.6707,23.9009,4.9169,-8.2854,0.1983,-0.9717,apt_purchase
05754,967.488,802,903.714,886,944.799,1018,997.33,974,1001.626,1058,1071.688,1026,1109.619,1079,1152.982,855,1190.003,671,1270.635,577,1365.743,584,1504.73,489,1649.642,362,1896.666,361,2016.769,408,1901.973,644,1859.478,715,2066.534,400,4.72,6.18,4.9,-6.5917,4.5462,5.56,0.4308,6.9948,3.5394,3.9079,3.2109,6.7758,7.4851,10.1767,9.6304,14.9744,6.3323,-5.6921,-2.2343,11.1352,apt_purchase
05758,774.32,498,736.635,768,730.123,482,726.629,616,723.158,674,768.961,705,833.434,837,1009.799,884,1049.299,453,979.104,654,1045.2,422,1141.515,399,1238.676,364,1518.617,356,1788.747,453,1641.012,479,1561.832,582,1671.509,255,5.01,5.6,6.87,-4.8669,-0.884,-0.4785,-0.4777,6.3337,8.3844,21.1612,3.9117,-6.6897,6.7507,9.215,8.5116,22.6,17.7879,-8.2591,-4.8251,7.0223,apt_purchase
05766,879.962,1148,800.861,1521,815.381,997,871.262,1227,849.039,1182,818.614,1052,864.837,1259,877.858,1239,907.872,813,992.628,1052,1037.166,1235,1159.223,921,1241.791,661,1211.699,564,1578.696,474,1430.477,769,1328.847,1067,1305.061,571,2.73,4.57,1.92,-8.9891,1.813,6.8534,-2.5507,-3.5835,5.6465,1.5056,3.419,9.3357,4.4869,11.7683,7.1227,-2.4233,30.2878,-9.3887,-7.1046,-1.79,apt_purchase
05770,814.041,513,714.262,848,766.962,865,822.44,1340,741.282,1139,813.132,1067,853.567,790,960.263,706,919.174,620,950.691,743,1094.792,518,1181.498,474,1234.169,361,1233.58,426,1507.499,447,1485.596,589,1543.676,576,1685.295,221,4.71,6.05,6.76,-12.2572,7.3782,7.2335,-9.868,9.6927,4.9727,12.5,-4.2789,3.4288,15.1575,7.9199,4.458,-0.0477,22.2052,-1.4529,3.9095,9.1741,apt_purchase
05774,943.428,1242,925.809,939,895.672,778,942.385,684,981.128,805,1079.072,729,1189.83,1212,1256.301,1030,1263.771,939,1365.216,806,1373.707,967,1473.09,718,1763.184,509,1784.984,419,2094.801,403,2135.8,630,2070.003,817,2027.281,279,4.8,5.16,3.08,-1.8676,-3.2552,5.2154,4.1112,9.9828,10.2642,5.5866,0.5946,8.0272,0.622,7.2347,19.6929,1.2364,17.3569,1.9572,-3.0807,-2.0639,apt_purchase
05911,1020.211,1658,952.718,2357,919.64,1580,968.9,1775,964.143,1736,842.011,2496,883.151,2342,1004.49,1694,1014.668,1536,1075.538,1212,1191.269,1047,1286.345,809,1392.828,906,1573.277,706,1852.524,847,1733.658,1450,1645.975,1376,1701.305,509,3.37,5.66,4.52,-6.6156,-3.472,5.3564,-0.491,-12.6674,4.8859,13.7393,1.0133,5.999,10.7603,7.9811,8.278,12.9556,17.7494,-6.4164,-5.0577,3.3615,apt_purchase
05913,977.229,3089,851.946,3883,854.115,3006,904.667,3672,900.227,3751,923.422,4257,977.827,4640,1010.881,2892,1038.863,2725,1098.809,2661,1207.573,1978,1303.897,1435,1385.962,1492,1724.442,1393,1914.219,1364,2032.879,1792,1881.227,2486,1988.612,903,4.55,7.26,7.97,-12.8202,0.2546,5.9186,-0.4908,2.5766,5.8917,3.3804,2.7681,5.7703,9.8984,7.9767,6.2938,24.422,11.0051,6.1989,-7.46,5.7082,apt_purchase
05914,915.273,593,835.341,617,821.505,557,826.891,770,826.645,692,800.15,895,782.57,960,821.885,909,763.225,727,787.203,909,836.334,855,876.147,743,861.091,709,1003.378,696,1319.17,613,1255.351,678,1224.961,718,1336.288,268,2.65,5.51,9.97,-8.7331,-1.6563,0.6556,-0.0297,-3.2051,-2.1971,5.0238,-7.1373,3.1417,6.2412,4.7604,-1.7184,16.524,31.4729,-4.8378,-2.4208,9.0882,apt_purchase
05915,786.149,270,716.073,598,722.518,424,787.821,416,686.714,303,794.987,432,858.485,414,847.264,424,837.061,281,868.387,292,1024.928,159,997.657,225,1020.674,360,1397.334,135,1501.199,175,1535.481,266,1409.77,310,1621.431,112,4.96,7.37,10.69,-8.9138,0.9,9.0383,-12.8338,15.7668,7.9873,-1.3071,-1.2042,3.7424,18.0266,-2.6608,2.3071,36.9031,7.4331,2.2836,-8.1871,15.0139,apt_purchase
05916,830.827,499,673.376,875,713.675,619,754.048,623,759.865,846,626.303,1443,675.207,1813,735.457,1275,689.2,1024,715.315,1154,818.512,750,701.894,782,886.746,570,1166.499,447,999.594,700,1116.044,674,1108.34,664,1084.71,352,2.51,5.01,5.21,-18.9511,5.9846,5.6571,0.7714,-17.5771,7.8084,8.9232,-6.2896,3.7892,14.4268,-14.2476,26.3362,31.5483,-14.3082,11.6497,-0.6903,-2.132,apt_purchase
05954,1039.689,1421,1017.655,1509,964.256,1311,981.698,1404,964.659,1440,949.333,1682,1006.914,1704,1033.039,1427,1090.08,1109,1111.246,1159,1185.373,1084,1142.982,931,1187.094,781,1401.025,719,1652.095,687,1602.923,908,1525.443,1148,1720.683,536,3.24,5.53,8.19,-2.1193,-5.2473,1.8089,-1.7357,-1.5887,6.0654,2.5946,5.5217,1.9417,6.6706,-3.5762,3.8594,18.0214,17.9205,-2.9763,-4.8337,12.7989,apt_purchase
05958,771.206,514,766.102,900,703.865,536,685.177,690,691.037,723,709.378,900,674.443,1078,695.288,725,713.638,599,810.891,578,986.776,508,848.741,354,1051.555,266,1194.987,239,1237.433,270,1449.359,352,1480.305,426,1569.518,152,4.74,9.03,8.5,-0.6618,-8.1239,-2.6551,0.8553,2.6541,-4.9247,3.0907,2.6392,13.6278,21.6903,-13.9885,23.8959,13.64,3.552,17.1263,2.1352,6.0267,apt_purchase
05962,854.947,1157,761.9,1669,744.157,1070,752.655,1149,767.611,1343,730.309,1399,730.739,1656,775.771,1189,752.654,1242,795.619,1213,942.537,1037,990.86,720,1077.222,570,1268.268,560,1405.579,577,1339.955,635,1319.042,881,1381.246,316,3.14,6.21,5.41,-10.8834,-2.3288,1.142,1.9871,-4.8595,0.0589,6.1625,-2.9799,5.7085,18.4659,5.1269,8.7159,17.7351,10.8267,-4.6688,-1.5607,4.7158,apt_purchase
05970,920.636,389,895.791,493,892.783,355,927.994,413,989.983,483,976.168,509,1030.218,649,979.926,659,861.675,586,992.823,516,1080.626,514,1115.78,505,1387.088,324,1413.447,297,1590.502,277,1652.576,459,1564.564,511,1656.757,207,3.84,5.85,3.78,-2.6987,-0.3358,3.944,6.6799,-1.3955,5.537,-4.8817,-12.0673,15.2201,8.8438,3.2531,24.3155,1.9003,12.5265,3.9028,-5.3257,5.8926,apt_purchase
05974,911.003,1150,839.364,993,856.255,796,920.127,712,999.836,1463,959.307,1084,895.257,861,1025.732,626,1021.191,618,947.931,784,1085.274,446,1314.766,319,1231.628,393,1662.069,308,1855.263,289,1643.727,467,1711.684,532,1719.92,281,4.45,6.15,7.96,-7.8638,2.0124,7.4595,8.6628,-4.0536,-6.6767,14.574,-0.4427,-7.174,14.4887,21.146,-6.3234,34.9489,11.6237,-11.4019,4.1343,0.4812,apt_purchase
05978,907.411,1438,869.324,1587,848.204,1286,871.717,1481,839.343,1532,904.397,1531,938.457,1725,967.708,1490,900.341,1280,887.762,1424,953.472,1356,1120.671,789,1273.751,650,1418.617,658,1692.617,540,1615.911,900,1486.795,986,1701.3,357,4.11,6.28,6.52,-4.1973,-2.4295,2.7721,-3.7138,7.7506,3.766,3.1169,-6.9615,-1.3971,7.4018,17.5358,13.6597,11.3732,19.3146,-4.5318,-7.9903,14.4273,apt_purchase
06411,1418.498,1515,1396.027,1007,1459.952,851,1590.088,886,1579.59,641,1621.699,770,1680.196,696,1696.227,814,1945.717,675,2061.422,569,2280.325,411,2443.795,519,2840.434,538,3214.924,631,3350.647,577,3226.581,918,3079.169,777,3180.883,303,5.03,6.71,2.49,-1.5841,4.5791,8.9137,-0.6602,2.6658,3.6071,0.9541,14.7085,5.9467,10.619,7.1687,16.2305,13.1843,4.2217,-3.7027,-4.5687,3.3033,apt_purchase
06412,1826.895,9934,1785.945,8048,1799.909,5748,1935.014,6715,2065.837,5581,2034.286,6415,2195.958,7901,2374.715,7027,2610.562,4456,3000.883,3563,3467.524,3880,3773.573,3846,4270.904,4680,4499.34,4636,4644.767,5699,4338.721,6446,4281.778,6474,4242.576,2676,5.27,6.22,-0.05,-2.2415,0.7819,7.5062,6.7608,-1.5273,7.9474,8.1403,9.9316,14.9516,15.5501,8.8262,13.1793,5.3487,3.2322,-6.589,-1.3124,-0.9156,apt_purchase
06413,1179.101,1268,1030.99,1231,1100.151,984,1188.503,1260,1301.36,1348,1344.873,1664,1396.359,1561,1594.8,1398,1671.991,939,1876.548,822,2111.462,795,2280.222,954,2640.127,682,3084.505,832,3120.631,817,2858.709,1106,2824.465,947,2866.584,430,5.67,6.33,1.98,-12.5613,6.7082,8.0309,9.4957,3.3437,3.8283,14.2113,4.8402,12.2343,12.5184,7.9926,15.7838,16.8317,1.1712,-8.3932,-1.1979,1.4912,apt_purchase
06414,1516.51,4906,1457.26,4022,1474.343,3454,1502.562,2902,1713.352,2766,1877.346,3211,1956.312,3419,2133.382,4409,2167.508,2190,2422.839,1989,2597.994,1997,2748.034,1716,3041.463,1651,3315.994,1561,3557.285,1828,3212.602,2537,3214.441,2802,3213.4,998,4.69,4.37,1.33,-3.907,1.1723,1.914,14.0287,9.5715,4.2063,9.0512,1.5996,11.7799,7.2293,5.7752,10.6778,9.0263,7.2766,-9.6895,0.0572,-0.0324,apt_purchase
06431,1074.709,1357,1036.703,1174,1011.684,1253,1054.557,1420,1038.454,1171,1097.4,1203,1161.35,1358,1202.872,1200,1233.345,1014,1422.27,1451,1478.612,1011,1572.825,799,1719.643,742,2186.252,588,2317.832,627,2212.857,835,2260.575,841,2161.343,392,4.46,6.39,5.28,-3.5364,-2.4133,4.2378,-1.527,5.6763,5.8274,3.5753,2.5334,15.3181,3.9614,6.3717,9.3347,27.1341,6.0185,-4.529,2.1564,-4.3897,apt_purchase
06432,1151.067,1683,1131.08,1459,1122.275,1364,1203.681,1546,1198.952,1310,1259.708,1509,1333.522,1388,1351.232,1295,1425.318,960,1576.684,900,1797.737,898,1932.448,616,2202.366,675,2358.153,654,2688.62,650,2583.444,1039,2505.859,1117,2474.723,372,4.77,6.45,2.59,-1.7364,-0.7785,7.2537,-0.3929,5.0674,5.8596,1.3281,5.4828,10.6198,14.0201,7.4934,13.9677,7.0736,14.0138,-3.9119,-3.0032,-1.2425,apt_purchase
06433,1163.022,1466,1108.966,1775,1130.112,1399,1139.077,1624,1153.461,1491,1256.015,1449,1287.731,1573,1404.224,1426,1483.544,1140,1628.631,952,1828.959,842,2004.93,778,2453.824,929,2533.322,913,2821.508,811,2511.498,976,2595.291,1236,2529.942,479,4.94,6.42,0.89,-4.6479,1.9068,0.7933,1.2628,8.891,2.5251,9.0464,5.6487,9.7798,12.3004,9.6214,22.3895,3.2398,11.3758,-10.9874,3.3364,-2.518,apt_purchase
06434,1516.902,5021,1469.04,3401,1500.941,3029,1534.552,3300,1567.311,2180,1708.614,2648,1745.228,2579,1981.089,2211,2225.021,1747,2302.386,1147,2508.805,1142,2668.395,961,2898.321,929,3182.434,949,3449.115,946,3267.418,1666,3283.927,1765,3207.18,767,4.64,5.08,2.22,-3.1552,2.1716,2.2393,2.1348,9.0156,2.1429,13.5146,12.313,3.477,8.9654,6.3612,8.6166,9.8027,8.3798,-5.2679,0.5053,-2.337,apt_purchase
06435,1023.432,2737,960.819,2680,983.08,1970,1052.781,2282,1039.872,2113,1076.549,2437,1167.593,2509,1365.349,2392,1405.92,2106,1441.848,1863,1618.118,1542,1733.692,1326,2004.487,1347,2219.274,1257,2480.185,1325,2339.211,1858,2213.086,1695,2250.226,903,4.97,5.36,2.61,-6.1179,2.3169,7.0901,-1.2262,3.5271,8.457,16.9371,2.9715,2.5555,12.2253,7.1425,15.6196,10.7153,11.7566,-5.684,-5.3918,1.6782,apt_purchase
06436,1481.269,5120,1399.847,4312,1369.216,3799,1394.66,3370,1427.024,2950,1530.654,3139,1593.522,2520,1736.414,1864,1847.757,1353,2017.554,1252,2305.761,1259,2491.496,1095,2821.67,1156,3126.603,1063,3321.648,1303,3070.731,1567,2982.265,1739,2989.52,757,4.4,5.8,1.37,-5.4968,-2.1882,1.8583,2.3206,7.262,4.1073,8.9671,6.4122,9.1894,14.285,8.0553,13.252,10.8068,6.2382,-7.554,-2.8809,0.2433,apt_purchase
06437,816.784,203,749.056,311,785.971,265,859.034,288,826.54,173,878.903,250,845.276,330,868.858,219,947.228,216,1102.259,221,1152.655,195,1104.431,169,1200.75,123,1594.207,116,1433.603,134,1403.588,149,1734.295,121,1323.6,64,3.67,5.5,4.1,-8.292,4.9282,9.2959,-3.7826,6.3352,-3.826,2.7899,9.0199,16.3668,4.5721,-4.1837,8.7211,32.7676,-10.0742,-2.0937,23.5615,-23.6808,apt_purchase
06438,1239.53,4393,1083.756,3526,1113.376,3124,1148.36,3883,1221.464,3563,1315.41,3665,1344.288,3955,1413.884,2514,1543.541,2026,1677.607,2184,1842.65,2098,1979.814,1590,2261.494,1662,2542.547,1639,2724.805,1691,2504.54,2403,2529.969,2368,2515.956,1027,4.48,6.13,2.39,-12.5672,2.7331,3.1422,6.3659,7.6913,2.1954,5.1772,9.1703,8.6856,9.838,7.4438,14.2276,12.4278,7.1683,-8.0837,1.0153,-0.5539,apt_purchase
06439,1151.31,1313,1105.216,1115,1121.331,1242,1167.063,1447,1192.825,1363,1297.271,1584,1252.664,1422,1415.61,1177,1478.42,846,1591.46,798,1666.496,782,1785.785,567,2060.332,710,2476.92,607,2479.884,733,2514.539,1014,2314.351,1056,2374.499,374,4.57,5.57,3.27,-4.0036,1.4581,4.0784,2.2074,8.7562,-3.4385,13.008,4.437,7.646,4.7149,7.1581,15.374,20.2195,0.1197,1.3974,-7.9612,2.5989,apt_purchase
06440,1204.538,1348,1134.571,1494,1124.081,1273,1168.032,1445,1372.586,2254,1338.47,2382,1361.645,2197,1463.752,2006,1559.102,1289,1730.406,1384,1733.928,1056,1927.042,666,2236.079,797,2451.988,797,2719.597,704,2589.634,1134,2476.89,1180,2588.534,499,4.84,6.08,3.19,-5.8086,-0.9246,3.9099,17.5127,-2.4855,1.7315,7.4988,6.5141,10.9874,0.2035,11.1374,16.0369,9.6557,10.914,-4.7788,-4.3537,4.5074,apt_purchase
06531,1053.467,629,971.041,712,1023.69,589,1029.892,602,1102.44,670,1168.021,1037,1232.93,1059,1395.779,739,1454.253,507,1502.328,720,1599.41,426,1744.943,310,1904.158,335,2204.659,275,2278.594,342,2286.646,606,2214.957,611,2308.646,260,4.87,5.28,4.12,-7.8243,5.4219,0.6058,7.0442,5.9487,5.5572,13.2083,4.1893,3.3058,6.4621,9.0992,9.1244,15.7813,3.3536,0.3534,-3.1351,4.2298,apt_purchase
06532,912.884,352,801.754,327,889.578,312,882.794,296,902.457,429,925.529,623,882.457,563,1033.176,404,1042.591,341,981.282,382,1263.877,482,1224.19,332,1249.477,272,1628.023,134,1553.02,211,1814.286,438,1941.92,450,1761.436,194,4.6,6.3,8.05,-12.1735,10.954,-0.7626,2.2274,2.5566,-4.6538,17.0795,0.9113,-5.8804,28.7986,-3.1401,2.0656,30.2964,-4.607,16.8231,7.0349,-9.2941,apt_purchase
06533,1045.081,577,944.715,571,869.814,334,1004.678,554,966.704,537,1121.86,525,1156.069,606,1053.277,434,1038.256,330,1183.711,399,1274.67,353,1295.594,457,1480.397,306,1726.862,317,1963.889,297,2067.202,382,2103.304,514,1911.222,180,4.05,6.44,5.65,-9.6037,-7.9284,15.5049,-3.7797,16.05,3.0493,-8.8915,-1.4261,14.0096,7.6842,1.6415,14.264,16.6486,13.7259,5.2606,1.7464,-9.1324,apt_purchase
06534,1067.196,585,1036.748,709,1104.11,491,1097.136,526,1121.078,572,1291.71,482,1386.037,502,1410.116,526,1320.304,399,1554.118,293,1503.876,325,1839.892,195,1891.798,157,2208.047,258,2199.49,251,2076.839,365,1744.771,527,2072.104,145,4.49,4.68,2.7,-2.8531,6.4974,-0.6316,2.1822,15.2204,7.3025,1.7373,-6.3691,17.7091,-3.2328,22.3433,2.8211,16.7168,-0.3875,-5.5763,-15.9891,18.7608,apt_purchase
06611,845.669,1017,761.99,975,799.041,597,849.482,600,946.488,560,1017.508,606,1076.281,482,1169.982,601,1277.339,584,1462.229,474,1565.104,456,1534.933,453,1779.357,519,1706.374,366,2114.435,263,2077.004,487,2015.21,638,2062.344,264,5.69,6.21,3.48,-9.895,4.8624,6.3127,11.4194,7.5035,5.7762,8.706,9.176,14.4746,7.0355,-1.9277,15.9241,-4.1017,23.9139,-1.7703,-2.9752,2.3389,apt_purchase
06631,847.382,301,875.271,354,836.042,253,917.002,238,1021.877,280,1093.75,365,1158.04,343,1004.232,232,1134.974,221,1308.902,187,1506.784,218,1457.156,179,1610.543,160,1900.235,123,2009.456,187,2049.45,295,2077.919,163,2156.92,71,5.95,8.16,6.18,3.2912,-4.4819,9.6837,11.4367,7.0334,5.8779,-13.2818,13.0191,15.3244,15.1182,-3.2936,10.5265,17.9872,5.7478,1.9903,1.3891,3.8019,apt_purchase
06633,809.035,403,730.313,474,748.151,288,717.282,261,845.668,394,929.33,473,965.054,454,972.161,385,898.961,413,1098.935,342,1158.935,358,1247.578,178,1464.305,451,1543.645,281,1851.199,121,1533.012,263,1645.847,258,1525.24,131,4.37,5.34,1.64,-9.7304,2.4425,-4.126,17.899,9.893,3.8441,0.7364,-7.5296,22.245,5.4598,7.6487,17.3718,5.4183,19.9239,-17.1882,7.3603,-7.328,apt_purchase
07111,1054.546,624,1114.845,667,1079.224,534,1100.914,455,1092.086,456,1194.186,375,1282.752,327,1308.83,373,1498.29,320,1745.544,296,1940.768,459,2125.443,415,2235.532,308,2468.971,277,2611.853,337,2381.333,533,2190.083,675,2134.182,225,4.48,5.37,-0.64,5.718,-3.1952,2.0098,-0.8019,9.3491,7.4164,2.033,14.4755,16.5024,11.1841,9.5156,5.1796,10.4422,5.7871,-8.8259,-8.0312,-2.5525,apt_purchase
07131,1088.957,728,1044.174,667,1065.432,709,1116.403,739,1178.565,1014,1197.388,790,1200.003,669,1306.776,434,1344.665,383,1403.858,326,1528.514,356,1650.323,320,1751.551,294,2073.664,241,2173.732,228,2009.69,422,1983.408,486,1982.884,220,3.74,4.46,2.87,-4.1125,2.0359,4.7841,5.5681,1.5971,0.2184,8.8977,2.8994,4.4021,8.8795,7.9691,6.1338,18.3902,4.8257,-7.5466,-1.3078,-0.0264,apt_purchase
07133,950.856,461,917.561,543,928.773,621,943.425,502,995.925,514,1021.073,501,1055.802,543,1153.037,481,1200.184,418,1268.426,449,1255.893,476,1523.748,399,1645.562,307,1889.916,326,2135.485,268,1876.794,440,1927.258,610,2141.802,209,5.16,6.77,5.91,-3.5016,1.2219,1.5776,5.5648,2.5251,3.4012,9.2096,4.0889,5.686,-0.9881,21.3279,7.9944,14.8493,12.9936,-12.1139,2.6888,11.1321,apt_purchase
07137,906.343,579,816.716,621,861.86,595,926.832,641,881.707,524,973.608,471,1042.95,541,1098.336,521,1184.221,401,1224.331,400,1382.54,386,1514.59,396,1649.113,282,1930.528,223,2028.781,303,2009.906,517,1866.029,670,2008.654,222,5.03,6.43,4.34,-9.8889,5.5275,7.5386,-4.8687,10.4231,7.1222,5.3105,7.8196,3.387,12.9221,9.5513,8.8818,17.0646,5.0894,-0.9304,-7.1584,7.6432,apt_purchase
07138,879.465,358,800.773,486,801.485,484,839.316,446,922.818,421,921.882,474,934.044,532,916.188,381,1004.681,312,1060.121,378,1260.421,255,1521.869,273,1546.477,296,1699.009,334,1992.162,262,1897.31,576,1916.47,551,1946.667,150,5.09,8.14,4.99,-8.9477,0.0889,4.7201,9.9488,-0.1014,1.3193,-1.9117,9.6588,5.5182,18.8941,20.7429,1.617,9.8632,17.2544,-4.7613,1.0099,1.5757,apt_purchase
07141,822.318,409,773.08,414,796.246,318,794.315,343,815.092,392,850.943,410,852.221,404,894.471,389,863.047,359,933.101,294,1079.391,310,1250.161,259,1300.273,228,1545.21,278,1886.251,260,1767.963,274,1570.731,319,1842.321,147,5.28,8.09,8.15,-5.9877,2.9966,-0.2425,2.6157,4.3984,0.1502,4.9576,-3.5131,8.1171,15.6778,15.821,4.0084,18.8374,22.0709,-6.2711,-11.1559,17.2907,apt_purchase
07143,799.955,269,687.905,467,748.694,334,773.404,480,778.757,483,805.59,483,773.182,580,883.261,416,874.989,276,930.585,341,1210.116,271,1231.928,262,1305.32,188,1578.728,152,1654.242,192,1596.832,245,1703.659,214,1702.168,107,4.97,7.21,5.77,-14.007,8.8368,3.3004,0.6921,3.4456,-4.0229,14.2371,-0.9365,6.3539,30.0382,1.8025,5.9575,20.9457,4.7832,-3.4705,6.6899,-0.0875,apt_purchase
07211,1241.653,718,1350.978,1195,1371.747,1206,1367.882,808,1431.86,1099,1561.984,1371,1527.915,734,1691.148,840,1806.839,862,1940.083,777,1963.524,431,2161.721,311,2238.234,346,2338.587,219,2680.16,275,2429.493,456,2567.418,604,2595.384,408,4.58,4.56,3.3,8.8048,1.5373,-0.2818,4.6772,9.0878,-2.1811,10.6834,6.841,7.3744,1.2082,10.0939,3.5394,4.4836,14.606,-9.3527,5.6771,1.0893,apt_purchase
07235,1159.21,325,1030.708,484,1112.176,473,1232.083,354,1227.608,332,1379.183,503,1371.391,446,1267.487,435,1318.744,345,1258.649,295,1339.502,193,1344.896,249,1791.44,252,2062.121,160,2202.372,108,2400.59,141,2157.685,295,2092.703,221,4.04,5.73,3.56,-11.0853,7.9041,10.7813,-0.3632,12.3472,-0.565,-7.5765,4.044,-4.557,6.4238,0.4027,33.2029,15.1097,6.8013,9.0002,-10.1186,-3.0117,apt_purchase
07311,913.84,450,916.256,417,911.134,527,972.949,705,1028.226,799,1102.408,686,1175.904,783,1134.231,492,1282.616,467,1493.375,578,1521.168,480,1606.508,295,1790.123,219,2129.0,201,2333.181,277,2143.674,288,2209.289,386,2160.017,99,5.42,6.96,4.25,0.2644,-0.559,6.7844,5.6814,7.2146,6.6669,-3.5439,13.0824,16.432,1.8611,5.6102,11.4294,18.9304,9.5905,-8.1223,3.0609,-2.2302,apt_purchase
07312,798.332,591,788.288,455,792.101,559,822.107,490,873.188,419,974.652,531,916.473,616,941.333,493,975.012,339,1119.635,335,1219.416,327,1237.334,294,1501.456,336,1681.635,257,1863.588,285,1757.864,351,1804.563,446,1903.058,170,5.47,7.54,5.05,-1.2581,0.4837,3.7882,6.2134,11.6199,-5.9692,2.7126,3.5778,14.8329,8.9119,1.4694,21.3461,12.0003,10.82,-5.6731,2.6566,5.4581,apt_purchase
07313,913.875,353,1005.22,390,969.809,306,1060.031,274,1188.857,227,1243.649,302,1264.597,323,1318.262,349,1522.732,250,1690.419,347,1837.469,284,1993.61,263,2253.729,218,2475.537,155,2627.528,167,2355.071,240,2071.661,462,2188.03,159,5.55,5.6,-0.16,9.9953,-3.5227,9.3031,12.153,4.6088,1.6844,4.2436,15.5106,11.0122,8.699,8.4976,13.0476,9.8418,6.1397,-10.3693,-12.034,5.6172,apt_purchase
07314,945.183,1006,866.472,1271,893.552,1127,994.549,1516,1003.402,1554,1025.885,1510,1075.371,1742,1197.817,1584,1255.957,1468,1454.082,2228,1524.179,1428,1691.185,860,1881.72,897,2036.559,857,2374.805,869,2205.359,1133,1994.161,1319,2096.984,511,5.08,6.1,2.66,-8.3276,3.1253,11.3029,0.8902,2.2407,4.8237,11.3864,4.8538,15.7748,4.8207,10.9571,11.2664,8.2286,16.6087,-7.1352,-9.5766,5.1562,apt_purchase
07315,1256.89,2441,1208.024,3487,1229.308,2569,1342.766,1915,1431.848,1898,1405.943,2000,1614.789,1939,1761.511,1258,2016.047,1035,2121.737,1209,2327.232,1169,2480.135,989,2710.228,850,3087.387,722,3425.109,929,3180.269,1597,3073.46,1560,3244.114,561,5.94,6.51,3.98,-3.8879,1.7619,9.2294,6.6342,-1.8092,14.8545,9.0861,14.4499,5.2424,9.6852,6.5702,9.2774,13.9161,10.9388,-7.1484,-3.3585,5.5525,apt_purchase
07316,1048.378,310,954.544,312,1080.459,322,1137.745,439,1221.926,274,1301.888,330,1405.936,320,1369.92,449,1425.111,209,1594.368,320,1474.923,326,1777.431,153,2094.591,198,2256.593,220,2611.875,196,2253.119,276,2228.362,303,2275.511,100,5.08,5.75,2.15,-8.9504,13.1911,5.302,7.3989,6.5439,7.9921,-2.5617,4.0288,11.8768,-7.4917,20.5101,17.8437,7.7343,15.7442,-13.7356,-1.0988,2.1159,apt_purchase
07317,529.496,127,449.014,451,403.257,199,376.381,193,521.016,148,644.001,141,594.014,168,655.015,167,569.115,205,576.921,210,556.125,153,634.389,73,720.334,179,772.308,106,842.539,159,830.283,141,1011.328,184,928.16,64,4.31,4.07,5.69,-15.1997,-10.1906,-6.6647,38.4278,23.6048,-7.7619,10.2693,-13.1142,1.3716,-3.6047,14.0731,13.5477,7.2153,9.0937,-1.4547,21.8052,-8.2236,apt_purchase
07318,1090.803,314,1106.164,415,1072.424,323,1186.236,266,1342.492,288,1397.611,378,1409.79,345,1501.019,457,1638.093,263,1724.331,308,1875.463,215,2023.049,258,2396.413,228,2773.724,181,2893.781,187,2667.919,357,2561.96,257,2616.272,162,5.5,5.99,2.08,1.4082,-3.0502,10.6126,13.1724,4.1057,0.8714,6.4711,9.1321,5.2645,8.7647,7.8693,18.4555,15.7448,4.3284,-7.8051,-3.9716,2.1199,apt_purchase
07319,889.394,472,808.967,494,902.097,432,913.789,378,920.043,426,1035.28,546,1077.165,882,1140.689,561,1099.005,490,1359.933,730,1497.567,535,1522.678,339,1743.742,331,2152.485,277,2190.795,303,2115.29,398,1965.362,513,2077.48,176,5.51,6.68,4.08,-9.0429,11.5122,1.2961,0.6844,12.5252,4.0458,5.8973,-3.6543,23.7422,10.1206,1.6768,14.5181,23.4406,1.7798,-3.4465,-7.0878,5.7047,apt_purchase
07331,897.784,328,854.568,299,811.128,353,910.276,408,872.291,292,966.083,386,935.815,458,1020.262,419,1108.501,249,1240.924,351,1325.981,370,1500.945,289,1534.518,277,1869.64,304,2127.816,286,1994.794,290,1974.032,379,2045.947,126,5.28,7.49,6.4,-4.8136,-5.0833,12.2235,-4.1729,10.7524,-3.1331,9.0239,8.6487,11.9461,6.8543,13.1951,2.2368,21.8389,13.8089,-6.2516,-1.0408,3.6431,apt_purchase
07332,1044.129,595,967.263,615,1020.002,524,1032.254,739,1062.343,553,1119.619,525,1247.03,972,1351.182,659,1330.496,532,1326.798,1036,1517.377,715,1461.172,424,1623.407,394,1963.246,283,2055.388,317,2163.232,509,2228.509,554,2130.151,226,4.52,4.94,5.9,-7.3617,5.4524,1.2012,2.9149,5.3915,11.3799,8.352,-1.531,-0.2779,14.3638,-3.7041,11.1031,20.9337,4.6933,5.2469,3.0176,-4.4136,apt_purchase
07333,891.061,343,707.969,378,566.209,206,605.072,224,583.822,207,699.997,361,736.133,392,776.373,243,741.284,334,782.746,599,894.748,441,892.442,246,1074.682,149,1348.0,152,1494.884,100,1582.93,141,1298.186,150,1428.074,72,3.71,6.98,6.85,-20.5476,-20.0235,6.8637,-3.512,19.899,5.1623,5.4664,-4.5196,5.5933,14.3089,-0.2577,20.4204,25.4325,10.8964,5.8898,-17.9884,10.0053,apt_purchase
07334,1044.815,548,987.784,538,1002.48,558,1052.046,742,1121.114,658,1187.696,741,1135.497,868,1175.473,670,1397.049,445,1487.637,835,1605.005,718,1743.893,320,1991.311,395,2313.668,345,2504.931,389,2252.329,433,2196.572,604,2310.409,292,5.04,7.31,3.42,-5.4585,1.4878,4.9443,6.5651,5.9389,-4.395,3.5206,18.8499,6.4842,7.8896,8.6534,14.1877,16.1882,8.2667,-10.0842,-2.4755,5.1825,apt_purchase
07335,752.448,313,683.826,257,775.238,182,746.056,167,705.032,146,763.534,238,804.737,283,811.669,306,841.324,253,975.322,322,927.909,226,1021.771,162,1038.261,158,1366.854,90,1282.855,135,1380.711,163,1341.093,186,1972.8,50,6.67,10.38,15.47,-9.1198,13.3677,-3.7643,-5.4988,8.2978,5.3964,0.8614,3.6536,15.927,-4.8613,10.1154,1.6139,31.6484,-6.1454,7.628,-2.8694,47.1039,apt_purchase
07337,969.172,495,1014.627,374,1038.61,364,967.631,379,1051.841,344,1067.368,484,1117.905,533,1211.571,422,1281.251,312,1385.734,265,1482.538,312,1591.542,296,1745.545,267,1929.773,220,2250.367,245,2174.724,369,2152.081,480,2105.077,161,4.82,5.85,4.12,4.6901,2.3637,-6.834,8.7027,1.4762,4.7347,8.3787,5.7512,8.1548,6.9858,7.3525,9.6763,10.5542,16.613,-3.3614,-1.0412,-2.1841,apt_purchase
07338,992.53,743,994.428,729,1025.152,694,1039.871,828,1083.608,864,1179.131,1089,1205.856,1439,1250.225,1135,1343.41,795,1502.241,1092,1609.906,862,1715.967,422,1948.234,428,2181.496,356,2400.983,440,2206.632,697,2151.623,722,2209.485,279,4.96,6.07,2.83,0.1912,3.0896,1.4358,4.206,8.8153,2.2665,3.6795,7.4535,11.823,7.167,6.588,13.5356,11.973,10.0613,-8.0946,-2.4929,2.6892,apt_purchase
07339,1112.261,1254,1076.114,1471,1069.179,1236,1056.829,1068,1181.906,1121,1230.779,1620,1301.004,1317,1362.658,1057,1387.919,808,1460.859,797,1687.38,817,1869.316,748,2074.495,600,2276.139,508,2323.517,490,2440.018,837,2381.514,838,2362.134,317,4.67,5.8,2.72,-3.2499,-0.6444,-1.1551,11.8351,4.1351,5.7057,4.739,1.8538,5.2553,15.506,10.7822,10.9762,9.7201,2.0815,5.014,-2.3977,-0.8138,apt_purchase
07340,697.979,87,607.961,129,638.092,81,651.371,82,649.845,149,661.64,189,707.928,210,666.824,131,674.432,102,848.025,93,766.547,122,821.688,135,692.37,147,879.276,76,1075.355,54,1363.849,68,1099.518,106,1129.961,53,3.83,6.82,11.9,-12.8969,4.9561,2.081,-0.2343,1.815,6.9959,-5.8062,1.1409,25.7391,-9.608,7.1934,-15.7381,26.9951,22.3001,26.8278,-19.3813,2.7688,apt_purchase
08111,1565.942,10373,1540.828,9057,1584.704,7045,1657.213,7056,1802.413,6189,1976.915,6591,2315.224,8060,2387.987,5281,2669.034,3643,2987.192,3474,3278.039,3143,3513.331,2846,3764.543,3639,4124.279,3512,4345.887,4309,3845.322,5784,3683.025,5683,3683.741,2515,5.38,4.7,-0.16,-1.6038,2.8476,4.5756,8.7617,9.6816,17.113,3.1428,11.7692,11.9203,9.7365,7.1778,7.1503,9.5559,5.3733,-11.5181,-4.2206,0.0194,apt_purchase
08115,1382.992,5115,1312.268,4170,1296.163,3706,1337.228,4187,1357.849,4034,1492.995,4628,1616.951,4686,1658.482,3064,1809.325,2365,2097.046,2090,2266.535,2276,2452.825,1780,2802.167,2265,3109.221,2114,3351.584,2220,3110.521,3483,2969.689,3598,2965.454,1647,4.8,6.24,1.38,-5.1138,-1.2273,3.1682,1.5421,9.9529,8.3025,2.5685,9.0952,15.9021,8.0823,8.2192,14.2424,10.9577,7.795,-7.1925,-4.5276,-0.1426,apt_purchase
08116,1371.187,6385,1311.375,5578,1326.331,5202,1369.343,5226,1419.084,4791,1542.541,5015,1588.943,3970,1696.843,3466,1934.074,2253,2152.06,2750,2358.794,2576,2523.273,2463,2751.762,2553,3068.583,2350,3311.631,2422,3068.078,3809,2918.264,4094,2959.437,1666,4.8,5.95,1.72,-4.3621,1.1405,3.2429,3.6325,8.6998,3.0082,6.7907,13.9807,11.2708,9.6063,6.973,9.0553,11.5134,7.9205,-7.3545,-4.883,1.4109,apt_purchase
08117,1097.975,1402,1060.107,1478,1028.517,1277,1057.425,1909,1076.257,1681,1136.376,1760,1196.422,1660,1263.429,1438,1401.995,1017,1556.35,1107,1704.501,1147,1861.902,869,2078.234,947,2254.779,863,2481.641,944,2297.765,1308,2223.331,1226,2326.812,579,4.68,6.49,2.51,-3.4489,-2.9799,2.8106,1.7809,5.5859,5.284,5.6006,10.9675,11.0097,9.5191,9.2344,11.6189,8.495,10.0614,-7.4095,-3.2394,4.6543,apt_purchase
08118,1306.089,6690,1252.18,6858,1259.316,6017,1318.427,6791,1362.357,5918,1532.814,7891,1734.709,8216,1815.811,5077,1946.127,4073,2188.661,4475,2318.182,4667,2453.098,3496,2819.118,3401,3125.727,3290,3385.652,3490,3158.093,4996,2968.724,4870,2990.261,2050,5.2,5.35,1.44,-4.1275,0.5699,4.6939,3.332,12.5119,13.1715,4.6753,7.1767,12.4624,5.9178,5.8199,14.9207,10.8761,8.3157,-6.7213,-5.9963,0.7255,apt_purchase
08119,1283.465,5510,1264.96,6130,1246.19,5715,1258.903,5464,1315.299,4625,1429.242,4359,1516.558,4299,1650.019,3171,1846.751,2178,2051.29,2377,2223.555,2508,2378.89,1873,2669.176,2019,2931.691,1993,3105.85,2323,2850.459,2900,2795.1,3194,2803.014,1260,4.86,5.65,1.18,-1.4418,-1.4838,1.0201,4.4798,8.6629,6.1093,8.8003,11.923,11.0756,8.3979,6.9859,12.2026,9.8351,5.9406,-8.2229,-1.9421,0.2831,apt_purchase
08121,1067.128,911,1055.158,1018,1017.05,924,1073.94,993,1142.323,902,1261.978,1108,1362.501,993,1454.76,887,1676.226,688,1884.077,727,2097.362,741,2222.349,594,2620.247,612,2821.146,655,3046.748,811,2794.072,1085,2721.608,1041,2747.983,486,5.94,6.86,1.15,-1.1217,-3.6116,5.5936,6.3675,10.4747,7.9655,6.7713,15.2235,12.3999,11.3204,5.9592,17.9044,7.6672,7.9968,-8.2933,-2.5935,0.9691,apt_purchase
08125,1098.303,1665,1028.681,1813,1025.65,1738,1087.657,2264,1105.5,1970,1169.268,2081,1214.687,2247,1298.394,1864,1450.434,1645,1611.683,1509,1761.784,1453,1948.359,1182,2195.832,1432,2434.918,1309,2676.488,1320,2583.215,1676,2458.864,1795,2422.401,847,4.94,6.65,2.21,-6.3391,-0.2946,6.0456,1.6405,5.7682,3.8844,6.8912,11.7099,11.1173,9.3133,10.5901,12.7016,10.8882,9.9211,-3.4849,-4.8138,-1.4829,apt_purchase
08126,969.621,293,958.762,404,933.219,382,1009.435,438,966.295,444,1056.37,585,1063.108,585,1171.885,561,1209.193,494,1346.793,579,1480.655,484,1699.586,409,1839.706,385,2158.25,407,2305.876,615,2276.975,587,1966.111,578,2165.348,214,5.13,6.69,3.88,-1.1199,-2.6642,8.167,-4.2737,9.3217,0.6378,10.232,3.1836,11.3795,9.9393,14.7861,8.2444,17.3149,6.8401,-1.2534,-13.6525,10.1336,apt_purchase
08127,909.922,1083,849.991,1310,873.206,1780,967.304,1298,956.735,901,976.426,934,1081.839,1002,1111.139,801,1239.074,529,1242.294,525,1444.204,864,1648.827,654,1889.92,696,2050.585,634,2469.799,502,2234.435,701,2074.431,770,2093.321,319,5.37,7.0,2.63,-6.5864,2.7312,10.7762,-1.0926,2.0581,10.7958,2.7084,11.5139,0.2599,16.253,14.1686,14.6221,8.5012,20.4436,-9.5297,-7.1608,0.9106,apt_purchase
08128,906.954,175,882.544,268,871.933,254,926.026,267,1014.08,278,1037.62,361,1090.05,326,1086.918,257,1157.637,248,1341.502,287,1357.073,195,1475.488,192,1623.499,218,1784.907,166,2086.894,238,1925.836,329,1963.479,380,1806.252,105,4.37,5.54,2.62,-2.6914,-1.2023,6.2038,9.5088,2.3213,5.0529,-0.2873,6.5064,15.8828,1.1607,8.7258,10.0313,9.942,16.9189,-7.7176,1.9546,-8.0076,apt_purchase
08135,964.551,391,931.598,364,876.025,277,905.595,503,981.647,861,1027.203,911,1039.574,905,1027.637,549,1131.431,363,1179.892,405,1348.36,337,1579.273,339,1701.464,302,1980.822,290,2133.063,215,2124.032,306,2050.005,544,2037.991,206,4.72,7.31,3.92,-3.4164,-5.9653,3.3755,8.398,4.6408,1.2043,-1.1483,10.1003,4.2832,14.2783,17.1255,7.7372,16.4187,7.6857,-0.4234,-3.4852,-0.586,apt_purchase
08136,1049.481,1200,971.404,1067,980.584,1131,1024.19,1835,1023.192,1608,1085.083,1841,1183.23,2049,1241.662,1495,1385.12,1124,1443.679,1128,1674.438,1121,1805.927,796,1964.622,820,2203.639,793,2347.062,684,2298.146,952,2228.602,1208,2289.16,451,4.86,6.47,3.26,-7.4396,0.945,4.4469,-0.0974,6.0488,9.0451,4.9383,11.5537,4.2277,15.9841,7.8527,8.7875,12.1661,6.5085,-2.0841,-3.0261,2.7173,apt_purchase
08211,1554.897,820,1677.16,1059,1495.963,1148,1497.438,1592,1804.954,1018,1845.869,1286,2103.629,1343,2118.703,958,2133.301,663,2194.545,571,2276.658,573,2576.079,707,2603.941,610,2767.601,393,2923.961,474,2981.608,641,3017.979,758,2757.993,365,3.69,2.8,1.3,7.8631,-10.8038,0.0986,20.5361,2.2668,13.9642,0.7166,0.689,2.8709,3.7417,13.1518,1.0816,6.2851,5.6497,1.9715,1.2198,-8.6146,apt_purchase
08212,1341.8,2852,1331.576,2907,1345.084,2194,1358.49,2316,1511.006,1450,1564.286,1352,1705.871,1458,1793.224,1175,1979.489,895,2276.57,809,2463.883,949,2695.716,698,3101.926,772,3303.967,590,3372.998,867,3181.36,1270,3033.506,1711,3064.237,698,5.15,5.74,-0.14,-0.762,1.0144,0.9967,11.2269,3.5261,9.0511,5.1207,10.3872,15.008,8.2279,9.4093,15.0687,6.5134,2.0893,-5.6815,-4.6475,1.0131,apt_purchase
08215,1180.513,3056,1138.165,2841,1138.616,2674,1160.345,2910,1188.22,2205,1269.132,2296,1328.413,2474,1419.498,2431,1492.734,1551,1715.502,1866,1717.655,1727,1910.149,1224,2197.544,1267,2457.786,1182,2657.307,970,2535.078,1725,2480.38,1845,2488.585,853,4.65,6.0,2.71,-3.5873,0.0396,1.9084,2.4023,6.8095,4.671,6.8567,5.1593,14.9235,0.1255,11.2068,15.0457,11.8424,8.1179,-4.5997,-2.1576,0.3308,apt_purchase
08216,1067.265,1192,1053.853,1101,1078.539,2110,1084.539,2341,1114.5,1411,1204.454,1744,1245.256,1973,1401.662,1527,1446.454,1116,1523.556,879,1662.356,708,1825.207,625,2053.102,663,2310.697,716,2538.991,636,2355.59,963,2301.37,1073,2234.295,480,4.61,4.99,2.0,-1.2567,2.3425,0.5563,2.7626,8.0712,3.3876,12.5601,3.1956,5.3304,9.1103,9.7964,12.486,12.5466,9.8799,-7.2234,-2.3018,-2.9146,apt_purchase
08221,1764.802,1149,1749.058,1108,1791.975,842,1775.357,792,1817.148,720,1765.37,728,1923.345,844,1965.057,786,2223.514,450,2623.028,585,2878.711,487,3006.863,383,3280.774,433,3592.996,417,3953.437,506,3772.481,736,3574.196,986,3659.328,515,4.58,6.65,2.42,-0.8921,2.4537,-0.9274,2.3539,-2.8494,8.9485,2.1687,13.1526,17.9677,9.7476,4.4517,9.1095,9.5167,10.0318,-4.5772,-5.2561,2.3819,apt_purchase
08222,1231.419,2810,1199.201,2604,1172.613,2175,1229.716,2442,1349.594,2335,1472.912,2259,1436.58,2447,1555.578,3115,1683.673,2034,1923.564,2516,2022.774,2126,2213.653,1447,2519.744,1400,2718.514,1290,3082.94,1297,2836.576,1735,2860.403,2647,2866.384,1125,5.29,6.53,2.87,-2.6163,-2.2171,4.8697,9.7484,9.1374,-2.4667,8.2834,8.2346,14.2481,5.1576,9.4365,13.8274,7.8885,13.4053,-7.9912,0.84,0.2091,apt_purchase
08225,802.891,210,825.128,386,733.097,298,779.643,445,814.455,426,854.377,419,833.129,329,999.771,303,1005.329,254,984.101,254,1124.269,270,1135.261,257,1391.014,180,1655.374,273,1833.249,218,1887.632,417,1747.234,288,1631.038,160,4.69,5.48,3.73,2.7696,-11.1535,6.3492,4.4651,4.9017,-2.487,20.0019,0.5559,-2.1115,14.2433,0.9777,22.5281,19.0048,10.7453,2.9665,-7.4378,-6.6503,apt_purchase
08226,1183.069,3927,1140.858,3812,1142.272,3488,1152.275,3768,1216.468,3506,1333.862,4338,1316.504,4125,1371.621,3292,1495.373,2782,1715.679,2965,1794.242,2652,1895.06,1801,2116.542,1685,2412.761,1635,2683.81,1784,2489.22,2459,2445.337,3341,2429.793,1248,4.52,6.12,3.12,-3.5679,0.1239,0.8757,5.571,9.6504,-1.3013,4.1866,9.0223,14.7325,4.5791,5.619,11.6873,13.9954,11.234,-7.2505,-1.7629,-0.6357,apt_purchase
08231,1061.872,1541,990.325,1679,999.737,1405,974.122,1770,1005.569,1573,1049.882,1268,1118.771,1452,1171.957,942,1318.027,862,1505.328,975,1722.674,830,1871.562,619,2054.819,730,2372.718,544,2498.64,694,2382.29,809,2296.817,816,2268.624,388,4.79,7.09,2.26,-6.7378,0.9504,-2.5622,3.2282,4.4068,6.5616,4.754,12.4638,14.2107,14.4384,8.6428,9.7917,15.4709,5.3071,-4.6565,-3.5879,-1.2275,apt_purchase
08235,924.555,1262,876.187,1358,877.937,1268,878.282,1675,874.099,2015,861.333,1991,888.733,1881,966.547,1368,1061.893,1037,1261.375,1009,1353.067,862,1522.648,637,1627.785,685,1955.892,801,2285.627,684,2296.719,1006,2103.632,1065,2063.031,476,5.15,8.25,5.43,-5.2315,0.1997,0.0393,-0.4763,-1.4605,3.1811,8.7556,9.8646,18.7855,7.2692,12.5331,6.9049,20.1567,16.8585,0.4853,-8.4071,-1.93,apt_purchase
08236,1107.973,1017,1062.083,1069,1067.64,1077,1036.057,1241,1053.373,1030,1101.725,1046,1132.313,997,1210.863,856,1304.781,670,1495.59,645,1636.877,535,1843.712,388,2060.956,474,2303.582,376,2514.01,404,2205.881,617,2212.282,857,2204.935,348,4.37,6.49,1.72,-4.1418,0.5232,-2.9582,1.6713,4.5902,2.7764,6.9371,7.7563,14.6238,9.4469,12.636,11.783,11.7725,9.1348,-12.2565,0.2902,-0.3321,apt_purchase
08237,940.406,424,892.406,607,830.164,494,828.302,630,836.662,821,846.688,614,884.12,822,925.56,728,1017.149,625,1197.762,453,1284.05,458,1470.258,418,1564.932,453,1753.635,328,1964.286,307,1935.738,462,1984.565,563,1981.281,270,4.69,8.08,4.99,-5.1042,-6.9746,-0.2243,1.0093,1.1983,4.421,4.6871,9.8955,17.7568,7.2041,14.5016,6.4393,12.0582,12.0122,-1.4534,2.5224,-0.1655,apt_purchase
08311,1676.585,1852,1603.732,1909,1732.729,1873,1846.594,1716,2129.525,1372,2161.973,2330,2193.777,2094,2295.471,1145,2657.818,1050,2795.164,1048,2943.064,994,3067.974,783,3522.855,724,3983.003,609,4196.243,732,3906.575,1346,3878.079,1456,3950.866,564,5.36,5.8,2.53,-4.3453,8.0436,6.5714,15.3218,1.5237,1.4711,4.6356,15.7853,5.1676,5.2913,4.2442,14.8268,13.0618,5.3537,-6.903,-0.7294,1.8769,apt_purchase
08315,1376.828,1587,1308.374,1441,1356.424,1402,1360.076,1466,1384.506,1292,1497.035,1405,1560.623,1548,1588.215,1375,1751.412,999,2012.926,805,2180.225,822,2302.279,708,2582.367,807,2739.699,774,3026.547,564,2938.696,1027,2875.528,1087,3048.586,481,4.92,6.88,3.51,-4.9719,3.6725,0.2692,1.7962,8.1277,4.2476,1.768,10.2755,14.9316,8.3112,5.5982,12.1657,6.0925,10.4701,-2.9027,-2.1495,6.0183,apt_purchase
08316,1306.277,1230,1269.993,944,1257.327,1081,1239.056,959,1339.653,727,1486.904,801,1446.883,576,1566.756,490,1712.88,492,1809.534,378,1975.486,513,2168.302,380,2363.357,468,2649.772,341,2965.889,310,2898.917,608,2833.905,774,2814.909,297,4.78,6.18,3.78,-2.7777,-0.9973,-1.4532,8.1188,10.9917,-2.6916,8.2849,9.3265,5.6428,9.171,9.7604,8.9957,12.119,11.93,-2.2581,-2.2426,-0.6703,apt_purchase
08317,1153.348,1607,1087.925,1436,1104.074,1379,1129.686,2114,1130.156,1510,1164.125,1620,1258.871,1660,1292.305,1472,1380.559,1191,1432.82,1061,1556.641,1113,1706.704,1035,1881.165,769,2080.569,795,2329.624,733,2188.494,1236,2113.205,1462,2109.081,651,3.76,5.2,2.58,-5.6724,1.4844,2.3198,0.0416,3.0057,8.1388,2.6559,6.8292,3.7855,8.6418,9.6402,10.2221,10.6,11.9705,-6.0581,-3.4402,-0.1952,apt_purchase
08325,1017.21,531,886.856,584,843.594,478,902.403,432,890.905,413,1110.989,631,1080.204,1032,1096.592,653,1121.316,571,1246.701,633,1249.496,423,1313.566,324,1589.24,290,1814.85,321,1831.969,287,1816.556,392,1943.133,631,1837.419,221,3.94,5.56,3.17,-12.8149,-4.8781,6.9712,-1.2742,24.7034,-2.771,1.5171,2.2546,11.182,0.2242,5.1277,20.9867,14.1961,0.9433,-0.8413,6.968,-5.4404,apt_purchase
08326,932.037,923,881.641,939,871.743,885,901.81,1663,945.394,1367,985.159,1535,1013.701,1617,993.825,1071,1135.55,857,1152.334,1004,1274.547,771,1258.96,794,1680.967,784,1981.599,853,2132.752,650,1987.185,1012,1912.562,1087,1961.668,525,4.88,7.61,3.5,-5.4071,-1.1227,3.4491,4.8329,4.2062,2.8972,-1.9607,14.2606,1.4781,10.6057,-1.2229,33.5203,17.8845,7.6278,-6.8253,-3.7552,2.5676,apt_purchase
08327,964.611,408,879.842,398,925.054,416,958.794,466,957.14,303,986.499,366,1012.048,483,1113.264,487,1205.392,419,1431.994,588,1349.449,427,1594.742,329,1847.639,494,2138.233,505,2232.586,402,1948.972,443,1904.808,355,2105.539,139,5.09,7.11,3.14,-8.7879,5.1386,3.6474,-0.1725,3.0674,2.5899,10.0011,8.2755,18.799,-5.7643,18.1773,15.8582,15.7279,4.4127,-12.7034,-2.266,10.5381,apt_purchase
08335,1493.091,2330,1425.013,1763,1443.917,1680,1567.659,1930,1649.568,1615,1692.762,1760,1855.899,1571,1914.29,1147,2067.884,838,2419.814,1044,2561.693,1112,2788.26,893,3031.526,910,3146.786,814,3288.749,820,3262.27,1418,3339.469,1439,3463.572,623,5.18,6.21,2.72,-4.5595,1.3266,8.5699,5.2249,2.6185,9.6373,3.1462,8.0235,17.0188,5.8632,8.8444,8.7247,3.802,4.5114,-0.8051,2.3664,3.7162,apt_purchase
08336,1203.963,1381,1212.685,1497,1194.873,1378,1230.939,1402,1297.228,1324,1371.91,1210,1444.267,1516,1569.986,1319,1768.848,962,1927.442,1072,2056.079,899,2248.551,931,2409.468,967,2521.416,946,2853.456,894,2667.117,1289,2623.277,1184,2633.477,520,4.84,5.49,2.01,0.7244,-1.4688,3.0184,5.3852,5.757,5.2742,8.7047,12.6665,8.9659,6.674,9.3611,7.1565,4.6462,13.1688,-6.5303,-1.6437,0.3888,apt_purchase
08337,1069.05,766,1000.167,665,1052.447,909,998.878,841,1064.822,632,1082.682,817,1134.096,1047,1178.276,974,1305.811,810,1419.12,785,1513.964,698,1668.352,505,1830.469,449,2078.656,457,2155.435,524,2085.444,592,2062.116,643,2246.358,207,4.62,6.79,4.36,-6.4434,5.2271,-5.0899,6.6018,1.6773,4.7488,3.8956,10.8239,8.6773,6.6833,10.1976,9.7172,13.5587,3.6937,-3.2472,-1.1186,8.9346,apt_purchase
08415,1250.418,1794,1185.921,1691,1228.298,1420,1248.746,1593,1361.518,1501,1486.022,1893,1522.589,1665,1526.474,1219,1701.275,946,1803.23,1120,1949.981,1222,2192.919,945,2404.076,1086,2675.028,957,3046.191,796,2777.333,1256,2643.019,1463,2657.756,642,4.75,5.97,2.41,-5.158,3.5733,1.6647,9.0308,9.1445,2.4607,0.2552,11.4513,5.9929,8.1382,12.4585,9.629,11.2705,13.8751,-8.826,-4.8361,0.5576,apt_purchase
08416,1476.048,1744,1410.71,1672,1411.096,1398,1459.46,1328,1439.731,1088,1519.413,1262,1539.498,2078,1657.202,1290,1860.571,782,2034.081,835,2272.473,729,2342.064,614,2557.062,536,2945.479,495,3163.23,440,3127.597,715,3126.457,935,3219.513,358,4.83,7.0,4.88,-4.4265,0.0274,3.4274,-1.3518,5.5345,1.3219,7.6456,12.2718,9.3256,11.7199,3.0623,9.1799,15.19,7.3927,-1.1265,-0.0364,2.9764,apt_purchase
08417,970.766,464,864.082,617,882.373,399,850.101,471,1008.66,422,1012.056,699,956.711,763,1040.368,546,1135.808,447,1180.114,457,1375.135,502,1540.239,385,1685.394,419,1886.438,498,1894.118,464,1859.676,821,2014.32,656,2005.098,350,4.66,6.94,3.68,-10.9897,2.1168,-3.6574,18.6518,0.3367,-5.4686,8.7442,9.1737,3.9008,16.5256,12.0064,9.4242,11.9286,0.4071,-1.8184,8.3156,-0.4578,apt_purchase
08421,1387.212,1316,1360.947,837,1380.474,753,1466.448,697,1606.085,713,1741.52,842,1820.626,758,1883.612,657,2183.333,679,2409.684,572,2411.212,432,2608.021,423,2771.472,386,3138.268,394,3395.162,421,2996.736,630,3070.438,647,3091.417,235,5.02,5.36,2.57,-1.8934,1.4348,6.2279,9.5221,8.4326,4.5424,3.4596,15.912,10.3672,0.0634,8.1622,6.2672,13.2347,8.1859,-11.7351,2.4594,0.6833,apt_purchase
08425,1157.009,1096,1048.941,509,1003.008,554,1118.314,730,1174.453,724,1251.913,707,1273.095,713,1350.667,584,1402.91,471,1490.375,539,1641.342,497,1783.061,402,1985.552,414,2355.697,444,2520.113,292,2430.017,571,2479.264,632,2383.041,232,4.56,6.04,4.04,-9.3403,-4.379,11.496,5.02,6.5954,1.692,6.0932,3.8679,6.2345,10.1295,8.6343,11.3564,18.6419,6.9795,-3.5751,2.0266,-3.8811,apt_purchase
08426,1143.004,590,1003.723,394,1002.015,407,1160.976,540,1143.209,625,1246.091,930,1257.556,730,1283.25,565,1327.299,445,1516.118,496,1702.988,440,1727.474,342,1985.952,245,2207.227,306,2467.519,389,2355.168,563,2332.783,566,2286.945,294,4.46,6.19,3.09,-12.1855,-0.1702,15.8641,-1.5304,8.9994,0.9201,2.0432,3.4326,14.2258,12.3256,1.4378,14.9628,11.142,11.7927,-4.5532,-0.9505,-1.9649,apt_purchase
08435,1553.198,2351,1500.923,2129,1565.701,2132,1541.514,1856,1566.436,1539,1715.897,1563,1784.739,1764,1943.282,1523,2088.384,1103,2273.249,1301,2423.349,1308,2795.465,1200,2852.34,1054,3210.373,885,3555.582,708,3261.325,1039,3294.707,1385,3477.388,645,5.02,6.19,4.32,-3.3656,4.3159,-1.5448,1.6167,9.5415,4.012,8.8833,7.4669,8.8521,6.6029,15.3554,2.0345,12.5523,10.7529,-8.2759,1.0236,5.5447,apt_purchase
08436,1243.81,1624,1199.536,1571,1249.268,1314,1296.371,1472,1328.353,1223,1424.407,1452,1480.374,1792,1614.918,1368,1731.448,871,1828.404,992,1971.636,805,2220.169,681,2458.342,731,2688.743,640,2842.061,649,2671.851,998,2687.601,1188,2736.177,594,4.86,5.55,2.3,-3.5595,4.1459,3.7704,2.467,7.2311,3.9291,9.0885,7.2158,5.5997,7.8337,12.6054,10.7277,9.3722,5.7022,-5.989,0.5895,1.8074,apt_purchase
08437,857.903,355,820.861,392,832.228,363,937.014,463,899.25,607,1046.572,970,1035.364,710,1050.535,477,1124.295,408,1292.485,409,1273.054,392,1359.341,232,1588.973,207,1756.135,205,2092.441,167,1989.048,266,2002.306,360,1975.021,117,5.33,6.82,4.81,-4.3177,1.3848,12.591,-4.0302,16.3828,-1.0709,1.4653,7.0212,14.9596,-1.5034,6.778,16.8929,10.5201,19.1504,-4.9413,0.6666,-1.3627,apt_purchase
09161,1391.756,891,1350.501,837,1390.846,601,1556.946,754,1685.995,727,1815.166,797,1974.197,1296,2043.411,1067,2413.929,856,2750.875,1213,2734.824,1294,2780.358,959,2942.806,837,3176.104,715,3517.068,626,3424.841,956,3258.682,1120,3157.45,449,5.13,4.71,1.62,-2.9642,2.9874,11.9424,8.2886,7.6614,8.7612,3.5059,18.1323,13.9584,-0.5835,1.665,5.8427,7.9277,10.7353,-2.6223,-4.8516,-3.1065,apt_purchase
09162,2217.385,31998,2309.889,25146,2403.052,20237,2625.081,17899,3037.407,14160,3197.147,15182,3488.777,18192,3548.307,17136,4309.529,10287,4772.015,11188,5150.289,10743,5522.518,8875,5949.443,9832,6715.259,9637,7156.478,11158,6459.134,15936,6313.239,15960,6392.908,6924,6.65,6.38,1.74,4.1718,4.0332,9.2395,15.7072,5.2591,9.1216,1.7063,21.4531,10.7317,7.9269,7.2273,7.7306,12.8721,6.5704,-9.7442,-2.2587,1.2619,apt_purchase
09163,1389.586,479,1411.795,397,1403.015,367,1389.886,372,1660.235,264,1803.901,364,2040.996,295,2206.023,242,2390.265,175,2664.524,269,2950.691,262,3053.348,181,3408.576,221,3654.585,284,4204.03,328,3894.656,325,3598.64,482,3769.485,197,6.3,5.77,2.41,1.5982,-0.6219,-0.9358,19.4512,8.6534,13.1435,8.0856,8.3518,11.474,10.7399,3.4791,11.634,7.2174,15.0344,-7.359,-7.6006,4.7475,apt_purchase
09171,942.525,349,910.289,313,901.575,362,882.37,209,1006.675,187,983.419,299,1072.103,403,1245.232,450,1372.125,213,1580.448,280,1674.854,207,1927.451,228,2091.528,282,2357.851,288,2605.206,217,2517.775,375,2450.585,324,2492.656,166,6.13,7.39,3.78,-3.4202,-0.9573,-2.1302,14.0876,-2.3102,9.0179,16.1485,10.1903,15.1825,5.9734,15.0817,8.5126,12.7334,10.4907,-3.356,-2.6686,1.7168,apt_purchase
09172,1419.145,559,1350.801,597,1439.251,561,1475.148,504,1609.789,379,1656.848,583,1770.824,673,1885.645,535,2015.597,443,2162.75,414,2265.212,530,2369.392,339,2771.189,404,2912.576,350,3130.25,303,3769.839,648,3670.724,647,3441.942,286,5.55,6.46,4.83,-4.8159,6.548,2.4941,9.1273,2.9233,6.8791,6.484,6.8916,7.3007,4.7376,4.5991,16.9578,5.102,7.4736,20.4325,-2.6292,-6.2326,apt_purchase
09173,1587.298,834,1636.256,1013,1595.214,666,1690.24,777,1716.841,493,1876.478,637,2019.885,497,2226.999,469,2447.547,314,2673.513,470,2848.733,366,3114.047,273,3511.483,229,4193.153,212,4363.789,217,4021.286,459,4018.655,465,3941.371,236,5.69,6.14,2.73,3.0844,-2.5083,5.9569,1.5738,9.2983,7.6423,10.2538,9.9034,9.2323,6.5539,9.3134,12.7627,19.4126,4.0694,-7.8488,-0.0654,-1.9231,apt_purchase
09174,1678.542,1186,1644.891,1004,1704.033,1048,1757.489,1369,1806.715,1584,2068.013,1082,2264.327,680,2465.977,479,2893.396,388,3179.664,509,3512.385,576,3867.214,452,4170.715,551,4826.365,436,4969.064,360,4400.621,864,4252.714,899,4236.061,428,5.85,5.91,0.7,-2.0048,3.5955,3.137,2.8009,14.4626,9.4929,8.9055,17.3326,9.8938,10.464,10.1022,7.8481,15.7203,2.9567,-11.4396,-3.361,-0.3916,apt_purchase
09175,1601.062,1362,1556.512,1139,1599.119,1284,1706.019,1994,1848.837,916,2011.43,740,2236.295,660,2560.543,662,2852.606,560,3056.974,459,3471.476,557,3698.673,552,3813.821,392,4584.544,281,4784.378,351,4476.709,704,4180.416,821,4145.684,417,6.0,5.25,2.14,-2.7825,2.7373,6.6849,8.3714,8.7943,11.1794,14.4993,11.4063,7.1643,13.5592,6.5447,3.1132,20.2087,4.3589,-6.4307,-6.6185,-0.8308,apt_purchase
09176,1244.25,228,1186.419,154,1280.04,212,1196.028,233,1293.432,207,1629.853,232,1545.635,425,1693.468,172,2095.988,133,2358.151,275,2379.804,313,2444.13,227,2458.483,223,2578.136,201,3124.502,166,2938.261,281,2846.046,256,2928.188,138,5.62,6.03,3.97,-4.6479,7.8911,-6.5632,8.144,26.0099,-5.1672,9.5645,23.769,12.5078,0.9182,2.703,0.5872,4.8669,21.1923,-5.9607,-3.1384,2.8862,apt_purchase
09177,1504.295,960,1647.851,1153,1511.26,554,1598.873,710,1660.351,515,1819.233,464,1874.715,427,2014.304,348,2413.242,186,2640.141,259,3036.069,267,3391.0,191,3398.176,213,3848.176,253,4021.399,258,3643.141,490,3517.134,599,3478.023,204,5.34,5.99,0.75,9.5431,-8.289,5.7973,3.8451,9.5692,3.0497,7.4459,19.8053,9.4022,14.9965,11.6905,0.2116,13.2424,4.5014,-9.4061,-3.4587,-1.112,apt_purchase
09178,1522.07,945,1527.146,906,1602.333,995,1691.167,1066,1744.724,773,1905.303,712,2076.466,861,2293.309,563,2558.796,468,3139.547,627,3212.222,458,3291.043,472,3562.421,616,4360.819,771,4688.318,452,4153.185,864,3969.298,931,4050.799,409,6.24,6.34,3.23,0.3335,4.9234,5.544,3.1669,9.2037,8.9835,10.4429,11.5766,22.6963,2.3148,2.4538,8.246,22.4117,7.51,-11.4142,-4.4276,2.0533,apt_purchase
09179,1690.12,2400,1719.912,2396,1776.607,2029,1898.359,2271,2099.371,1824,2277.022,1787,2432.227,1708,2554.347,2235,3009.535,838,3296.424,915,3546.67,1107,3817.652,785,4171.822,784,4688.896,723,4834.118,888,4403.386,1491,4340.336,1602,4304.579,653,5.82,5.62,0.87,1.7627,3.2964,6.8531,10.5887,8.4621,6.8161,5.0209,17.8201,9.5327,7.5914,7.6405,9.2772,12.3944,3.0971,-8.9103,-1.4319,-0.8238,apt_purchase
09180,1776.929,909,1769.22,882,1889.3,748,1987.921,651,2028.745,565,2165.225,845,2082.697,1087,2425.618,985,2563.172,474,2846.393,353,3000.407,383,3373.154,237,4097.943,254,4602.788,188,5013.031,352,4851.652,626,4665.249,630,4638.024,238,6.04,6.96,2.72,-0.4338,6.7872,5.22,2.0536,6.7273,-3.8115,16.4652,5.6709,11.0496,5.4108,12.4232,21.487,12.3195,8.9129,-3.2192,-3.8421,-0.5836,apt_purchase
09181,1322.814,596,1326.313,547,1304.658,390,1520.033,484,1497.342,326,1667.798,354,1792.787,340,1826.921,310,2087.93,237,2353.004,251,2748.414,291,2696.115,217,3096.944,277,3682.094,206,3879.639,263,3518.913,355,3380.198,406,3456.834,135,6.15,7.0,2.66,0.2645,-1.6327,16.5082,-1.4928,11.3839,7.4943,1.904,14.2868,12.6955,16.8045,-1.9029,14.8669,18.8944,5.365,-9.2979,-3.942,2.2672,apt_purchase
09182,1847.813,1187,1676.776,739,2263.017,719,1958.993,643,2207.092,554,2527.886,735,3018.178,747,3262.99,631,3228.21,606,3421.457,593,3727.216,427,4340.303,434,4646.268,372,5423.275,340,5824.19,290,5583.772,484,5670.241,598,5477.747,267,7.2,5.55,3.63,-9.2562,34.9624,-13.4345,12.6646,14.5347,19.3953,8.1113,-1.0659,5.9862,8.9365,16.4489,7.0494,16.7232,7.3925,-4.1279,1.5486,-3.3948,apt_purchase
09183,911.31,457,853.133,547,1047.161,572,1067.41,564,1078.262,372,1102.925,513,1113.889,593,1219.78,435,1451.282,397,1566.422,268,1778.935,317,1902.284,305,2200.765,353,2546.571,245,2829.981,270,2676.117,499,2552.078,500,2465.673,206,6.39,7.65,2.68,-6.3839,22.743,1.9337,1.0167,2.2873,0.9941,9.5064,18.979,7.9337,13.5668,6.9339,15.6907,15.713,11.1291,-5.4369,-4.635,-3.3857,apt_purchase
09184,1926.146,5101,1891.533,4346,1960.125,3870,2161.407,2910,2343.952,2549,2507.452,2568,2808.164,2353,3037.086,2149,3460.43,1343,3792.854,1386,4111.672,1540,4324.883,1331,4760.831,1370,5300.767,1275,5677.499,1395,5038.727,2552,4889.953,2577,4902.251,1231,5.85,5.17,0.9,-1.797,3.6263,10.2688,8.4457,6.9754,11.9927,8.152,13.9392,9.6064,8.4058,5.1855,10.08,11.3412,7.1071,-11.2509,-2.9526,0.2515,apt_purchase
09185,1057.459,249,1001.632,213,1007.269,238,1069.669,365,1143.116,236,1242.31,292,1439.223,530,1578.447,268,1651.79,165,1943.139,168,1959.178,296,2170.035,242,2363.315,258,2772.705,244,3067.197,254,2831.88,391,2741.741,277,2882.759,158,6.33,6.5,4.45,-5.2794,0.5628,6.195,6.8663,8.6775,15.8506,9.6736,4.6465,17.6384,0.8254,10.7625,8.9068,17.3227,10.6211,-7.6721,-3.183,5.1434,apt_purchase
09186,1274.884,409,1251.985,389,1247.335,320,1367.666,352,1582.758,400,1706.942,554,1631.135,589,1687.429,361,1994.126,315,2041.569,561,2441.878,320,2617.243,327,2636.687,280,2822.626,242,3335.676,176,3124.469,348,2998.661,454,2938.832,173,5.35,6.1,2.57,-1.7962,-0.3714,9.647,15.7269,7.8461,-4.4411,3.4512,18.1754,2.3791,19.6079,7.1816,0.7429,7.052,18.1763,-6.3318,-4.0265,-1.9952,apt_purchase
09187,1420.777,1502,1413.374,1445,1385.292,1135,1488.947,1184,1546.827,1065,1617.714,1049,1741.37,1098,1938.533,867,2167.736,646,2432.051,724,2705.861,901,2722.083,573,3022.167,519,3605.445,457,4124.501,564,3677.147,1094,3436.066,1279,3585.412,477,5.88,6.75,4.13,-0.5211,-1.9869,7.4825,3.8873,4.5827,7.6439,11.3223,11.8235,12.1931,11.2584,0.5995,11.0241,19.3,14.3964,-10.8463,-6.5562,4.3464,apt_purchase
09188,2033.636,1411,1939.02,1299,2122.563,1115,2133.051,1165,2522.485,657,2492.533,769,2704.749,878,2981.923,619,3264.466,428,3684.542,401,3763.967,424,4144.382,381,4513.778,331,5245.993,264,5591.471,318,5266.123,516,4818.692,692,4906.042,302,5.59,5.38,2.06,-4.6526,9.4658,0.4941,18.2571,-1.1874,8.5141,10.2477,9.4752,12.8681,2.1556,10.1068,8.9132,16.2218,6.5856,-5.8186,-8.4964,1.8127,apt_purchase
09189,1312.269,1075,1280.059,977,1296.816,775,1330.179,827,1421.779,791,1459.867,883,1557.644,1120,1653.571,836,1785.226,498,1974.906,627,2104.368,585,2432.63,418,2750.491,400,2989.257,363,3374.074,364,3285.09,632,3226.035,795,3151.505,340,5.44,6.86,2.96,-2.4545,1.3091,2.5727,6.8863,2.6789,6.6977,6.1585,7.9619,10.625,6.5553,15.5991,13.0666,8.6809,12.8733,-2.6373,-1.7977,-2.3103,apt_purchase
09190,1426.603,703,1420.178,584,1335.714,561,1419.344,508,1449.086,414,1433.365,520,1583.915,447,1758.828,327,2304.815,219,2423.036,202,2450.213,192,2840.62,175,3035.763,196,3291.677,188,3960.841,186,3464.431,464,3348.964,382,3531.134,162,5.93,7.84,3.67,-0.4504,-5.9474,6.2611,2.0955,-1.0849,10.5033,11.0431,31.0427,5.1293,1.1216,15.9336,6.8697,8.43,20.329,-12.5329,-3.3329,5.4396,apt_purchase
09261,1261.429,581,1257.097,495,1329.4,618,1392.948,671,1507.433,579,1712.851,755,1757.123,594,1908.4,389,2262.063,357,2548.249,464,2695.514,456,2794.305,373,3042.822,287,3446.898,238,3734.956,221,3640.204,484,3379.096,420,3397.389,180,6.19,6.2,2.49,-0.3434,5.7516,4.7802,8.2189,13.627,2.5847,8.6094,18.5319,12.6515,5.7791,3.665,8.8937,13.2796,8.357,-2.5369,-7.1729,0.5414,apt_purchase
09262,956.985,398,859.848,321,888.129,299,968.689,326,1033.407,474,1125.142,331,1241.192,569,1367.234,389,1544.442,304,1596.149,338,1813.046,276,2107.109,266,2295.89,321,2564.12,270,2814.073,180,2542.501,316,2467.034,374,2422.23,169,5.9,6.21,1.4,-10.1503,3.2891,9.0708,6.681,8.8769,10.3143,10.1549,12.9611,3.3479,13.5888,16.2193,8.9592,11.6831,9.7481,-9.6505,-2.9682,-1.8161,apt_purchase
09263,933.434,267,962.084,237,1011.337,235,1058.609,235,1045.915,146,1114.172,300,1528.952,674,1791.62,1022,1647.126,246,1824.357,236,2263.654,252,2124.384,196,2161.365,106,2629.616,83,2869.961,155,2623.816,123,2389.685,205,2548.559,129,6.76,4.23,3.99,3.0693,5.1194,4.6742,-1.1991,6.5261,37.2276,17.1796,-8.065,10.76,24.0796,-6.1524,1.7408,21.6646,9.1399,-8.5766,-8.9233,6.6483,apt_purchase
09271,1042.212,284,969.268,488,977.108,418,955.947,485,1007.653,341,1133.743,363,1172.017,419,1278.924,273,1350.494,161,1317.127,332,1770.387,386,1972.673,217,1909.395,202,2373.998,123,2210.721,160,2330.715,292,2299.19,382,2169.432,126,4.92,6.16,3.18,-6.999,0.8089,-2.1657,5.4089,12.5132,3.3759,9.1216,5.5961,-2.4707,34.4128,11.4261,-3.2077,24.3325,-6.8777,5.4278,-1.3526,-5.6436,apt_purchase
09272,570.699,122,554.043,168,574.351,154,637.867,203,530.588,186,540.972,284,573.201,273,574.783,271,586.594,210,679.876,238,884.526,204,930.649,128,944.655,139,1221.999,143,1206.686,123,1133.502,160,1223.888,241,1699.621,86,7.46,12.37,13.78,-2.9185,3.6654,11.0587,-16.8184,1.9571,5.9576,0.276,2.0549,15.9023,30.1011,5.2144,1.505,29.3593,-1.2531,-6.0649,7.974,38.8706,apt_purchase
09273,1044.848,371,1023.602,311,1001.506,279,1064.861,395,1025.667,338,1209.898,420,1233.096,724,1402.833,343,1701.524,425,1876.56,397,1754.83,302,2009.29,392,2083.327,255,2294.309,159,2655.854,158,2418.812,243,2428.479,314,2440.472,194,5.48,6.11,3.57,-2.0334,-2.1587,6.326,-3.6807,17.9621,1.9174,13.7651,21.292,10.287,-6.4869,14.5005,3.6847,10.1272,15.7583,-8.9253,0.3997,0.4938,apt_purchase
09274,1225.736,250,1144.424,246,1164.685,251,1212.365,285,1238.442,392,1370.147,296,1475.915,321,1587.734,258,1619.323,216,1645.592,262,1943.398,298,2162.882,163,2515.083,192,2749.785,182,3158.935,143,2762.193,238,2760.103,283,2883.171,139,5.45,6.53,3.21,-6.6337,1.7704,4.0938,2.1509,10.6347,7.7195,7.5762,1.9896,1.6222,18.0972,11.2938,16.2839,9.3318,14.8793,-12.5594,-0.0757,4.4588,apt_purchase
09275,1014.884,670,1053.1,1033,1028.698,905,1165.089,1145,1308.55,1394,1287.099,1428,1067.523,1130,1088.658,1536,1141.291,918,1127.177,787,1288.501,677,1450.148,641,1633.695,530,1905.646,619,2004.126,544,1887.96,778,1786.618,830,1815.656,390,3.86,5.54,2.46,3.7656,-2.3172,13.2586,12.3133,-1.6393,-17.0598,1.9798,4.8347,-1.2367,14.3122,12.5454,12.6571,16.6464,5.1678,-5.7963,-5.3678,1.6253,apt_purchase
09276,678.574,175,590.073,295,621.735,296,689.394,324,747.325,198,741.49,222,733.136,446,719.958,416,769.647,180,805.93,145,923.004,148,991.866,146,665.714,124,852.779,91,1533.185,91,1368.662,171,1559.105,191,1637.599,55,7.34,11.68,23.22,-13.0422,5.3658,10.8823,8.4032,-0.7808,-1.1267,-1.7975,6.9017,4.7142,14.5266,7.4606,-32.8827,28.0999,79.7869,-10.7308,13.9145,5.0346,apt_purchase
09277,902.539,247,915.993,259,900.056,237,940.315,223,919.349,167,1015.37,236,1003.228,241,1100.508,311,1193.881,198,1311.935,235,1450.008,230,1536.519,249,1817.094,192,1906.035,163,2290.318,201,2038.813,210,1938.732,307,1992.821,112,5.06,6.51,2.39,1.4907,-1.7399,4.4729,-2.2297,10.4445,-1.1958,9.6967,8.4845,9.8883,10.5244,5.9662,18.2604,4.8947,20.1614,-10.9812,-4.9088,2.7899,apt_purchase
09279,929.127,107,757.305,111,810.065,97,851.62,113,978.65,166,1011.631,176,1073.387,194,1119.919,105,1517.874,86,1515.645,154,1701.417,126,1849.889,112,1756.964,55,2194.814,115,2640.336,104,2465.898,232,2548.244,182,2421.813,67,6.51,8.83,7.4,-18.4928,6.9668,5.1298,14.9163,3.3701,6.1046,4.3351,35.5343,-0.1469,12.257,8.7264,-5.0233,24.9208,20.2988,-6.6067,3.3394,-4.9615,apt_purchase
09362,1490.364,1526,1527.373,1424,1565.243,932,1751.384,1011,1929.339,822,1926.499,1277,2274.46,1860,2338.432,2243,2674.531,1407,3040.055,1847,3016.237,1627,3141.265,778,3385.386,675,3557.674,578,3934.914,630,3754.757,917,3588.031,937,3685.83,435,5.67,4.86,1.88,2.4832,2.4794,11.8921,10.1608,-0.1472,18.0618,2.8126,14.3728,13.6668,-0.7835,4.1452,7.7714,5.0892,10.6036,-4.5784,-4.4404,2.7257,apt_purchase
09371,823.597,129,817.224,78,617.582,59,739.235,175,771.175,150,780.768,146,831.521,393,830.676,178,830.619,94,1017.918,75,1027.476,93,1433.358,55,1584.537,73,1760.554,53,1385.726,56,1667.629,109,1655.69,212,1761.019,62,5.64,8.93,3.16,-0.7738,-24.4293,19.6983,4.3207,1.2439,6.5004,-0.1016,-0.0069,22.5493,0.939,39.5028,10.5472,11.1084,-21.2903,20.3433,-0.7159,6.3616,apt_purchase
09372,733.665,126,634.883,302,627.704,169,676.563,154,704.157,107,779.78,254,749.343,312,761.975,331,911.509,199,1251.519,315,1312.302,302,1259.522,132,1391.249,175,1473.268,152,1710.97,84,1630.862,95,1624.106,152,1531.279,62,5.01,7.94,2.24,-13.4642,-1.1308,7.7838,4.0786,10.7395,-3.9033,1.6857,19.6245,37.3019,4.8567,-4.0219,10.4585,5.8954,16.1343,-4.682,-0.4143,-5.7156,apt_purchase
09373,1104.702,335,1030.545,327,1091.645,335,1162.606,358,1151.699,375,1452.102,348,1422.322,419,1491.863,400,1550.2,253,1840.65,254,1931.122,335,2061.455,284,2044.598,225,2163.181,118,2443.624,102,2281.269,219,2341.658,179,2624.062,73,5.53,6.03,5.37,-6.7129,5.9289,6.5004,-0.9382,26.0835,-2.0508,4.8893,3.9103,18.7363,4.9152,6.7491,-0.8177,5.7998,12.9644,-6.644,2.6472,12.06,apt_purchase
09375,1152.911,644,1048.425,602,1086.713,471,1256.801,624,1314.982,564,1416.903,467,1636.545,646,1813.259,777,2110.252,705,2053.617,887,2120.925,972,2126.825,269,2411.861,319,2663.618,323,2992.112,496,2822.872,783,2717.425,525,2686.096,217,5.4,4.29,2.45,-9.0628,3.652,15.6516,4.6293,7.7508,15.5016,10.798,16.379,-2.6838,3.2775,0.2782,13.4019,10.4383,12.3326,-5.6562,-3.7355,-1.1529,apt_purchase
09376,826.397,164,817.154,162,771.724,137,811.197,178,833.502,139,980.893,203,1034.635,445,1118.923,337,1216.799,297,1357.085,434,1356.424,383,1562.646,315,1827.059,249,2024.345,237,2258.891,257,2200.839,281,2084.708,220,2208.155,98,6.19,7.28,4.09,-1.1185,-5.5595,5.1149,2.7496,17.6833,5.4789,8.1466,8.7473,11.5291,-0.0487,15.2034,16.9209,10.798,11.5863,-2.5699,-5.2767,5.9215,apt_purchase
09461,1147.974,402,1210.738,369,1349.152,442,1374.743,404,1479.627,289,1723.122,507,1714.291,680,1750.155,586,1832.276,326,1820.322,289,1923.337,251,2363.184,206,2675.65,152,2879.234,125,2983.146,157,3070.003,719,2999.876,296,2609.117,155,5.24,4.46,-0.24,5.4674,11.4322,1.8968,7.6294,16.4565,-0.5125,2.0921,4.6922,-0.6524,5.6592,22.869,13.2222,7.6088,3.609,2.9116,-2.2843,-13.0258,apt_purchase
09462,976.754,595,942.416,483,992.574,401,1143.445,353,1232.594,337,1416.904,525,1386.682,590,1480.247,393,1542.93,269,1642.975,263,1758.218,257,1966.548,228,2208.363,235,2395.004,207,2797.857,239,3069.369,417,2561.326,374,2608.777,141,6.27,6.22,4.06,-3.5155,5.3223,15.2,7.7965,14.953,-2.133,6.7474,4.2346,6.4841,7.0143,11.8489,12.2964,8.4516,16.8206,9.7043,-16.552,1.8526,apt_purchase
09463,850.61,152,845.894,131,839.23,170,932.267,138,1085.24,181,1055.943,176,1239.992,156,1370.696,272,1353.803,162,1528.807,151,1679.894,154,1732.295,105,1779.835,137,1418.895,140,2163.734,126,2131.247,148,1883.875,346,1920.8,132,5.88,4.85,4.21,-0.5544,-0.7878,11.086,16.4087,-2.6996,17.4298,10.5407,-1.2324,12.9268,9.8827,3.1193,2.7443,-20.2794,52.4943,-1.5014,-11.6069,1.9601,apt_purchase
09464,525.558,112,528.758,115,631.528,172,570.401,144,509.205,182,542.87,260,486.44,349,570.697,224,639.964,190,697.65,188,1021.269,283,919.332,154,1126.843,94,952.132,130,1004.525,92,1010.815,146,1432.486,134,1166.643,65,6.3,9.39,2.76,0.6089,19.4361,-9.6792,-10.7286,6.6113,-10.3948,17.3211,12.1373,9.0139,46.387,-9.9814,22.5719,-15.5045,5.5027,0.6262,41.7159,-18.5582,apt_purchase
09471,998.133,172,959.087,271,964.196,229,960.73,327,1023.258,316,1486.242,713,1155.851,355,1234.308,240,1139.414,247,1426.647,199,1719.813,172,1711.157,82,1986.973,91,2382.655,304,2343.185,274,2044.72,344,2261.626,147,2304.182,76,6.13,7.17,3.6,-3.9119,0.5327,-0.3595,6.5084,45.2461,-22.23,6.7878,-7.688,25.2088,20.5493,-0.5033,16.1187,19.9138,-1.6566,-12.7376,10.6081,1.8817,apt_purchase
09472,798.986,197,650.512,245,725.237,235,674.412,290,643.457,196,790.439,262,777.517,434,903.726,332,957.037,228,907.844,171,1314.924,129,1299.01,117,1209.417,128,1394.098,116,1810.004,69,1624.562,115,1768.985,282,1678.379,114,5.58,7.61,7.73,-18.5828,11.4871,-7.0081,-4.5899,22.8426,-1.6348,16.2323,5.899,-5.1401,44.8403,-1.2103,-6.897,15.2703,29.8333,-10.2454,8.89,-5.1219,apt_purchase
09473,879.42,107,781.196,167,811.2,100,754.835,130,869.4,119,841.978,212,780.922,226,969.337,201,903.741,140,1058.356,121,1206.832,126,1289.681,80,1156.793,89,1305.541,110,1614.638,57,1566.655,98,1449.767,105,1376.122,61,3.33,4.2,4.2,-11.1692,3.8408,-6.9483,15.1775,-3.1541,-7.2515,24.1272,-6.7671,17.1083,14.0289,6.865,-10.3039,12.8587,23.6758,-2.9717,-7.461,-5.0798,apt_purchase
09474,1090.125,253,947.717,324,1101.116,269,1117.91,246,1340.357,221,1285.54,277,1287.606,358,1476.24,322,1736.977,307,1845.131,376,1970.23,294,2079.849,181,2363.616,181,2415.587,183,2144.689,113,2525.854,183,2500.04,195,2655.652,83,5.83,6.38,2.79,-13.0635,16.1862,1.5252,19.8985,-4.0897,0.1607,14.65,17.6622,6.2266,6.78,5.5638,13.6436,2.1988,-11.2146,17.7725,-1.022,6.2244,apt_purchase
09562,1344.369,539,1391.52,600,1473.79,631,1578.629,546,1680.719,391,1817.274,536,2121.324,1271,2300.792,1322,2253.282,602,2329.508,517,2654.584,583,2727.5,572,3007.265,336,3469.468,298,3619.573,261,3355.774,515,3365.608,430,3301.68,206,5.61,3.91,2.16,3.5073,5.9122,7.1136,6.467,8.1248,16.7311,8.4602,-2.0649,3.3829,13.9547,2.7468,10.2572,15.3695,4.3265,-7.2881,0.293,-1.8994,apt_purchase
09563,1030.973,1433,1024.39,1750,1129.487,2071,1148.537,1668,1252.107,1329,1459.833,2338,1593.521,3980,1784.757,6233,1753.605,1691,1925.688,1220,2169.862,920,2291.8,726,2529.791,997,2845.234,624,3091.871,755,2862.971,889,2699.954,687,2595.894,404,5.82,4.09,0.84,-0.6385,10.2595,1.6866,9.0176,16.5901,9.1578,12.0008,-1.7454,9.8131,12.6798,5.6196,10.3845,12.4691,8.6684,-7.4033,-5.694,-3.8541,apt_purchase
09564,1104.254,5500,1048.969,6048,1069.971,4425,1142.996,4984,1291.58,4085,1428.828,5143,1579.124,7967,1977.038,10582,1917.702,5047,2094.549,3320,2308.651,2793,2519.915,2173,2797.207,2233,3031.139,2038,3406.962,2519,3107.18,3598,2978.91,3797,2927.021,1575,6.23,4.27,1.22,-5.0065,2.0022,6.825,12.9995,10.6264,10.5188,25.1984,-3.0013,9.2218,10.2219,9.151,11.004,8.3631,12.3987,-8.7991,-4.1282,-1.7419,apt_purchase
09565,1022.373,532,1030.102,470,1085.163,308,1129.691,387,1201.368,235,1421.211,323,1446.019,405,1569.155,341,1809.957,316,1773.407,184,1984.405,163,2107.891,110,2231.649,75,2548.196,64,2789.164,85,2436.061,123,2654.992,234,2484.3,88,5.65,5.09,2.71,0.756,5.3452,4.1033,6.3448,18.2994,1.7456,8.5155,15.346,-2.0194,11.8979,6.2228,5.8712,14.1844,9.4564,-12.6598,8.9871,-6.4291,apt_purchase
09571,947.753,139,835.201,155,972.164,254,950.268,431,899.655,469,1056.877,304,1145.274,252,1276.429,279,1219.014,92,1166.004,115,1365.877,137,1510.379,66,1615.017,61,2152.886,130,2189.609,115,2092.279,139,2181.717,134,1843.539,116,4.67,4.51,3.87,-11.8757,16.3988,-2.2523,-5.3262,17.4758,8.364,11.4518,-4.4981,-4.3486,17.1417,10.5794,6.9279,33.3042,1.7058,-4.4451,4.2747,-15.5005,apt_purchase
09572,1195.694,401,1186.02,569,1138.414,427,1324.793,484,1383.093,445,1447.534,483,1592.141,811,1633.761,727,1656.73,322,1912.866,293,1962.212,444,2378.51,251,2400.111,303,2652.199,289,2893.685,254,2613.484,461,2654.354,375,2649.535,179,5.06,5.29,2.26,-0.8091,-4.0139,16.3718,4.4007,4.6592,9.9899,2.6141,1.4059,15.4603,2.5797,21.2158,0.9082,10.5032,9.1051,-9.6832,1.5638,-0.1816,apt_purchase
09573,1106.122,589,1088.118,518,1127.655,412,1250.573,563,1264.53,552,1412.943,625,1487.275,721,1542.359,456,1641.096,320,1782.855,312,2008.07,314,2215.033,320,2394.466,374,3055.594,362,2984.501,255,2832.361,418,2652.898,404,2571.948,252,5.39,5.69,2.16,-1.6277,3.6335,10.9003,1.116,11.7366,5.2608,3.7037,6.4017,8.6381,12.6323,10.3066,8.1007,27.6107,-2.3267,-5.0977,-6.3362,-3.0514,apt_purchase
09574,1134.272,791,1075.061,886,1085.281,675,1130.046,785,1177.809,747,1300.006,821,1356.019,773,1524.967,810,1662.036,967,1770.513,833,1859.322,751,1974.304,518,2191.98,379,2571.74,320,2680.887,281,2577.317,373,2512.272,462,2537.233,285,5.01,5.39,3.24,-5.2202,0.9506,4.1247,4.2266,10.3749,4.3087,12.4591,8.9883,6.5268,5.016,6.1841,11.0255,17.325,4.2441,-3.8633,-2.5237,0.9936,apt_purchase
09575,910.502,138,926.227,136,1028.158,185,1079.987,197,1048.708,165,1092.694,151,1107.199,93,1056.74,114,1110.674,104,782.484,93,1320.697,84,1639.395,107,1808.406,73,1976.65,108,2028.11,55,1820.227,92,1839.175,115,2001.956,63,6.25,9.03,2.31,1.7271,11.005,5.041,-2.8962,4.1943,1.3275,-4.5574,5.1038,-29.5487,68.7826,24.131,10.3094,9.3034,2.6034,-10.2501,1.041,8.8508,apt_purchase
09576,1054.52,529,1038.248,522,1054.18,417,999.293,524,1008.748,614,1158.417,374,1227.775,471,1309.27,363,1623.422,189,1662.605,213,1745.293,160,1676.305,130,1935.178,265,1965.791,174,2308.528,110,2304.194,166,2285.871,239,2371.791,168,5.17,6.47,4.36,-1.5431,1.5345,-5.2066,0.9462,14.8371,5.9873,6.6376,23.9944,2.4136,4.9734,-3.9528,15.4431,1.5819,17.4351,-0.1877,-0.7952,3.7587,apt_purchase
09661,1235.715,660,1264.128,500,1271.217,406,1375.712,376,1394.22,418,1516.0,469,1601.696,552,1686.852,450,1818.662,402,1901.724,377,1975.021,435,2221.111,306,2478.198,224,2717.138,225,3031.989,214,2866.676,407,2842.476,403,2912.498,123,5.28,5.77,3.48,2.2993,0.5608,8.2201,1.3453,8.7346,5.6528,5.3166,7.814,4.5672,3.8542,12.4601,11.5747,9.6417,11.5876,-5.4523,-0.8442,2.4634,apt_purchase
09662,804.709,360,823.891,356,884.201,246,938.457,180,996.508,143,905.961,203,1026.749,108,1115.971,69,1154.856,87,1316.278,128,1437.049,125,1717.482,95,1728.246,174,2189.72,62,2396.408,64,2112.991,131,2049.082,114,2021.328,66,5.98,6.67,3.99,2.3837,7.3201,6.1362,6.1858,-9.0864,13.3326,8.6898,3.4844,13.9777,9.1752,19.5145,0.6267,26.7019,9.439,-11.8267,-3.0246,-1.3545,apt_purchase
09663,1220.721,1012,1154.163,844,1247.269,692,1418.057,742,1445.573,569,1550.202,472,1721.56,531,1702.017,484,2004.869,341,2239.617,267,2449.136,269,2426.351,217,2736.788,190,3070.643,247,3271.871,275,3067.285,488,2983.847,590,3108.613,206,5.89,6.47,2.79,-5.4524,8.067,13.693,1.9404,7.2379,11.0539,-1.1352,17.7937,11.7089,9.3551,-0.9303,12.7944,12.1988,6.5533,-6.2529,-2.7203,4.1814,apt_purchase
09671,1158.026,628,1072.672,534,1044.909,494,1086.802,567,1106.403,579,1277.771,788,1230.574,630,1294.171,631,1435.971,425,1406.196,468,1598.452,398,1728.179,355,1930.82,290,2159.973,272,2449.561,255,2315.995,489,2270.583,440,2340.074,148,4.48,6.33,4.18,-7.3706,-2.5882,4.0092,1.8035,15.4888,-3.6937,5.1681,10.9568,-2.0735,13.6721,8.1158,11.7257,11.8682,13.407,-5.4527,-1.9608,3.0605,apt_purchase
09672,944.236,239,885.171,313,911.155,170,914.475,173,984.181,208,921.336,240,853.022,308,967.624,206,1077.844,180,1235.261,122,1165.026,139,1413.337,118,1554.327,84,1541.223,133,1827.557,80,1869.892,106,1785.498,138,1720.911,61,3.99,6.35,2.38,-6.2553,2.9355,0.3644,7.6225,-6.3855,-7.4147,13.4348,11.3908,14.6048,-5.6858,21.3138,9.9757,-0.8431,18.5784,2.3165,-4.5133,-3.6173,apt_purchase
09676,1049.794,307,947.524,389,983.515,377,941.847,422,997.534,348,1041.038,360,1118.143,349,1130.516,316,1296.42,171,1309.484,124,1328.224,198,1252.295,113,1519.711,114,1962.491,77,2155.561,87,1982.557,252,2162.17,283,2096.817,58,4.61,6.97,7.4,-9.7419,3.7984,-4.2366,5.9125,4.3612,7.4066,1.1066,14.6751,1.0077,1.4311,-5.7166,21.3541,29.1358,9.838,-8.0259,9.0597,-3.0226,apt_purchase
09679,1005.847,306,1128.988,375,1051.9,316,1058.462,290,1169.663,271,1265.798,258,1395.184,191,1465.221,239,1716.534,158,1755.374,114,1904.828,181,2087.264,109,2285.071,132,2594.414,99,2634.55,124,2443.034,170,2379.051,240,2351.55,97,5.35,5.1,0.81,12.2425,-6.8281,0.6238,10.5059,8.219,10.2217,5.0199,17.1519,2.2627,8.5141,9.5776,9.4769,13.5376,1.547,-7.2694,-2.619,-1.156,apt_purchase
09761,1151.099,4481,1122.637,4074,1192.68,3257,1215.915,3280,1307.381,3241,1470.805,3416,1607.609,3846,1734.297,3174,1983.803,2010,2317.474,2060,2625.854,1934,2887.097,1579,3205.736,1978,3539.367,1716,3718.215,2122,3381.241,2890,3293.037,2998,3252.564,1263,6.53,6.81,0.51,-2.4726,6.2391,1.9481,7.5224,12.5001,9.3013,7.8805,14.3866,16.8198,13.3067,9.9489,11.0367,10.4073,5.0531,-9.0628,-2.6086,-1.229,apt_purchase
09762,844.497,288,861.712,261,826.467,256,937.684,317,1011.202,503,1064.497,382,1137.076,239,1197.177,249,1372.231,256,1689.489,208,1892.389,291,2046.117,199,2239.167,147,2378.764,114,2759.97,183,2404.176,321,2502.265,330,2448.231,124,6.78,7.86,2.26,2.0385,-4.0901,13.4569,7.8404,5.2705,6.8181,5.2856,14.6222,23.1199,12.0095,8.1235,9.4349,6.2343,16.0254,-12.8912,4.0799,-2.1594,apt_purchase
09763,1104.336,782,1121.253,683,1170.165,549,1270.055,666,1316.265,455,1421.741,531,1481.686,633,1592.37,561,1806.603,343,1880.202,277,2135.757,287,2079.553,208,2598.85,194,3085.567,185,3035.713,292,3033.49,360,2952.543,570,3103.052,155,6.51,7.29,3.89,1.5319,4.3623,8.5364,3.6384,8.0133,4.2163,7.4701,13.4537,4.0739,13.5919,-2.6316,24.9716,18.7282,-1.6157,-0.0732,-2.6684,5.0976,apt_purchase
09764,1089.439,174,1087.736,164,1149.186,157,1275.386,185,1342.727,161,1365.305,169,1524.303,261,1621.905,138,1791.98,78,1819.539,127,2046.494,125,2264.912,116,2345.896,110,2616.395,69,2842.158,89,2799.429,131,2848.344,172,2744.646,80,5.71,5.55,3.35,-0.1563,5.6493,10.9817,5.28,1.6815,11.6456,6.4031,10.4861,1.5379,12.4732,10.6728,3.5756,11.5307,8.6288,-1.5034,1.7473,-3.6406,apt_purchase
09771,1159.477,564,1149.38,452,1151.643,355,1239.384,430,1298.067,446,1383.74,422,1514.531,495,1625.314,292,1932.575,261,2257.23,308,2295.79,252,2643.862,265,2875.146,268,3103.22,256,3474.169,238,3195.304,395,3149.62,559,3175.291,193,6.33,7.26,2.25,-0.8708,0.1969,7.6188,4.7349,6.6,9.452,7.3147,18.9047,16.7991,1.7083,15.1613,8.748,7.9326,11.9537,-8.0268,-1.4297,0.8151,apt_purchase
09772,1107.08,2062,1086.924,1729,1124.711,1360,1172.917,1361,1231.521,1412,1323.827,1837,1415.967,1845,1552.993,1310,1759.762,1084,1995.242,1180,2227.674,1234,2390.09,979,2754.483,930,3080.675,884,3414.611,922,2997.897,1400,2822.585,1406,2931.732,544,6.14,6.94,1.7,-1.8206,3.4765,4.2861,4.9964,7.4953,6.9601,9.6772,13.3142,13.3814,11.6493,7.2908,15.246,11.8422,10.8397,-12.2038,-5.8478,3.8669,apt_purchase
09773,848.419,201,800.269,230,789.94,168,866.333,170,937.666,265,989.683,289,1027.35,336,1206.402,251,1437.831,209,1358.739,309,1462.722,348,1646.737,198,1779.667,188,2219.01,98,2239.115,131,2199.217,214,2137.678,239,2073.382,85,5.75,6.0,3.6,-5.6753,-1.2907,9.6707,8.2339,5.5475,3.806,17.4285,19.1834,-5.5008,7.6529,12.5803,8.0723,24.6868,0.906,-1.7819,-2.7982,-3.0077,apt_purchase
09774,1155.464,521,959.479,352,946.467,341,968.835,553,1063.727,507,1099.192,677,1164.504,672,1253.896,462,1345.394,368,1468.87,451,1540.756,330,1760.364,188,1924.074,192,2241.037,161,2526.661,179,2402.175,274,2492.761,397,2479.777,179,4.9,7.25,5.51,-16.9616,-1.3562,2.3633,9.7944,3.334,5.9418,7.6764,7.2971,9.1777,4.894,14.2533,9.2998,16.4735,12.7452,-4.9269,3.771,-0.5209,apt_purchase
09775,1203.253,1921,1145.24,1310,1095.385,1181,1158.272,1169,1199.566,1016,1273.665,1163,1419.869,1205,1555.231,984,1730.597,692,1793.667,759,1925.121,835,2168.541,703,2422.809,657,2706.057,590,2919.309,592,2679.845,894,2600.726,1000,2815.42,461,5.33,6.33,3.33,-4.8213,-4.3532,5.7411,3.5651,6.1772,11.479,9.5334,11.2759,3.6444,7.3288,12.6444,11.7253,11.6909,7.8805,-8.2028,-2.9524,8.2552,apt_purchase
09776,1526.404,670,1386.675,681,1444.26,684,1389.343,666,1546.596,564,1655.619,568,1648.433,612,1838.705,541,1936.666,345,2010.315,254,2300.883,437,2484.189,358,2908.613,317,3216.803,211,3452.625,243,3372.84,378,3523.567,475,3083.733,197,4.52,5.62,1.52,-9.1541,4.1527,-3.8024,11.3185,7.0492,-0.434,11.5426,5.3277,3.8029,14.4539,7.9668,17.085,10.5958,7.3309,-2.3109,4.4688,-12.4826,apt_purchase
09777,1303.92,855,1301.684,751,1303.998,693,1296.368,613,1383.568,661,1464.928,520,1443.522,661,1574.908,503,1724.696,285,1827.273,443,1922.999,428,2174.456,299,2435.126,284,2846.088,164,3334.124,185,2940.071,476,3037.882,473,3113.878,161,5.5,7.38,5.61,-0.1715,0.1778,-0.5851,6.7265,5.8804,-1.4612,9.1018,9.5109,5.9475,5.2387,13.0763,11.9878,16.8764,17.1476,-11.8188,3.3268,2.5016,apt_purchase
09778,1033.102,603,997.338,613,1062.445,564,1125.459,523,1157.846,472,1294.861,461,1381.013,544,1545.473,523,1668.226,360,1778.587,342,1902.232,317,2137.243,360,2567.159,355,2699.289,260,3045.658,253,2702.432,443,2705.421,502,2706.029,196,6.06,6.08,1.37,-3.4618,6.5281,5.931,2.8777,11.8336,6.6534,11.9086,7.9427,6.6155,6.9519,12.3545,20.1154,5.1469,12.8319,-11.2694,0.1106,0.0225,apt_purchase
09779,952.048,138,906.073,175,1040.998,154,1162.067,229,1171.409,201,1118.866,400,1333.306,238,1339.347,148,1258.527,128,1639.521,150,1616.79,166,1886.215,105,1856.48,84,2117.161,66,2586.393,65,2154.287,163,2295.207,182,2369.501,72,6.17,6.72,5.86,-4.8291,14.8912,11.6301,0.8039,-4.4855,19.1658,0.4531,-6.0343,30.273,-1.3864,16.6642,-1.5764,14.0417,22.1633,-16.7069,6.5414,3.2369,apt_purchase
09780,1311.983,1411,1297.49,1374,1334.708,1109,1324.765,1157,1410.036,1237,1505.057,1406,1566.211,1478,1688.098,1200,1794.312,734,1992.844,539,2215.341,548,2365.211,455,2694.051,476,2841.072,474,3456.236,376,3356.604,812,3287.929,945,3445.3,391,6.01,7.62,5.39,-1.1047,2.8685,-0.745,6.4367,6.7389,4.0632,7.7823,6.2919,11.0645,11.1648,6.7651,13.9032,5.4572,21.6525,-2.8827,-2.046,4.7863,apt_purchase
10041,919.796,1071,845.657,1219,841.285,1477,873.229,912,975.326,1018,1046.486,800,1171.041,1068,1742.099,2456,1290.863,1071,1284.84,1729,1245.977,1249,1239.972,919,1209.939,832,1424.559,619,1489.911,572,1577.665,693,1615.407,814,1672.18,299,4.51,0.18,6.82,-8.0604,-0.517,3.797,11.6919,7.296,11.9022,48.765,-25.9019,-0.4666,-3.0247,-0.482,-2.4221,17.7381,4.5875,5.8899,2.3923,3.5145,apt_purchase
10042,1131.222,168,1243.211,220,1232.39,130,1183.027,94,1216.029,173,1147.616,136,1044.692,192,1119.934,139,1187.108,177,1309.693,510,1502.824,407,1402.958,206,1604.543,141,1873.336,264,2144.698,123,2277.519,264,2343.388,348,1915.13,72,3.6,6.08,4.41,9.8998,-0.8704,-4.0055,2.7896,-5.6259,-8.9685,7.2023,5.998,10.3264,14.7463,-6.6452,14.3686,16.752,14.4855,6.193,2.8921,-18.2752,apt_purchase
10043,831.053,259,639.077,250,644.254,351,662.207,214,619.407,138,633.593,149,652.874,392,752.367,324,817.703,280,887.053,618,983.129,418,852.326,293,906.533,311,1021.593,239,833.655,206,920.189,292,826.445,316,789.364,142,0.33,1.11,-2.0,-23.1003,0.8101,2.7866,-6.4632,2.2903,3.0431,15.2392,8.6841,8.4811,10.8309,-13.3048,6.3599,12.6923,-18.3966,10.3801,-10.1875,-4.4868,apt_purchase
10044,934.609,231,826.561,290,869.492,133,881.57,150,882.53,175,830.219,147,911.875,181,974.12,134,1082.255,210,1344.603,959,1378.911,651,1413.101,420,1401.783,301,1565.238,205,1559.895,134,1558.74,175,1521.575,229,1610.99,103,3.54,5.43,2.95,-11.5608,5.1939,1.3891,0.1089,-5.9274,9.8355,6.826,11.1008,24.2409,2.5515,2.4795,-0.8009,11.6605,-0.3414,-0.074,-2.3843,5.8765,apt_purchase
10045,853.054,431,897.453,454,798.608,498,851.875,357,885.351,278,889.274,416,942.728,356,925.61,349,1062.645,268,1072.964,518,1208.033,466,1053.9,353,1187.165,253,1380.867,188,1446.447,221,1237.729,309,1576.132,398,1535.518,178,4.06,5.96,6.28,5.2047,-11.0139,6.67,3.9297,0.4431,6.011,-1.8158,14.8048,0.9711,12.5884,-12.759,12.6449,16.3164,4.7492,-14.4297,27.3406,-2.5768,apt_purchase
11000,1313.633,56110,1259.22,80334,1372.473,84689,1463.018,68789,1632.85,81898,1794.358,101844,1972.632,118187,2171.601,100027,2283.35,55109,2720.042,41242,2942.55,39954,3457.884,32111,3759.398,40087,4084.798,34438,4384.933,28442,4352.936,40651,4258.975,46509,4214.724,21039,7.28,7.08,2.42,-4.1422,8.9939,6.5972,11.6083,9.8912,9.9353,10.0865,5.1459,19.1251,8.1803,17.5132,8.7196,8.6556,7.3476,-0.7297,-2.1586,-1.039,apt_purchase
12054,1528.128,1364,1377.912,1550,1476.598,1279,1420.213,1582,1600.786,1853,1743.922,2303,1707.038,2529,1944.069,2768,2130.06,2042,2434.694,2455,2308.46,1527,2734.015,1009,2935.753,674,3616.252,766,3981.025,934,3584.85,1399,3652.796,1470,3774.369,690,5.88,7.3,5.71,-9.8301,7.162,-3.8186,12.7145,8.9416,-2.115,13.8855,9.5671,14.3017,-5.1848,18.4346,7.3788,23.1797,10.087,-9.9516,1.8954,3.3282,apt_purchase
12060,800.273,302,820.48,891,713.13,532,661.653,593,739.727,558,749.087,386,807.617,373,935.515,313,1091.616,337,1205.525,230,1335.774,230,1422.466,205,1819.337,235,2139.297,217,2382.086,218,2335.897,460,2339.168,376,2571.18,179,7.55,10.94,7.41,2.525,-13.0838,-7.2185,11.7998,1.2653,7.8135,15.8365,16.6861,10.4349,10.8043,6.49,27.9002,17.5866,11.349,-1.939,0.14,9.9186,apt_purchase
12061,859.909,172,968.665,526,889.171,296,1019.479,376,1059.631,365,1064.949,377,1140.912,381,1194.486,341,1530.411,218,1920.07,318,1881.121,292,2013.251,354,2074.718,280,2478.403,388,2674.291,290,2573.7,357,2456.138,470,2614.611,199,7.2,8.71,5.1,12.6474,-8.2066,14.655,3.9385,0.5019,7.133,4.6957,28.123,25.4611,-2.0285,7.024,3.0531,19.4573,7.9038,-3.7614,-4.5678,6.4521,apt_purchase
12063,940.976,270,763.732,379,860.789,288,1054.625,369,1053.284,372,1191.495,440,1256.088,410,1277.934,308,1326.573,213,1460.553,305,1416.915,293,1871.296,188,2255.475,140,2306.173,171,2536.791,211,2659.229,291,2772.781,388,2778.175,152,7.15,8.51,4.31,-18.8362,12.7083,22.5184,-0.1272,13.1219,5.4212,1.7392,3.8061,10.0997,-2.9878,32.0683,20.5301,2.2478,10.0,4.8265,4.2701,0.1945,apt_purchase
12064,767.061,135,808.854,429,778.097,173,816.498,128,862.337,244,851.798,260,862.589,241,1070.787,230,1088.413,200,1128.531,159,1403.154,135,1533.658,111,1842.337,116,2213.701,90,2600.469,113,2621.407,238,2294.105,180,1891.843,100,6.11,6.75,1.68,5.4485,-3.8025,4.9352,5.6141,-1.2221,1.2668,24.1364,1.6461,3.6859,24.3346,9.3008,20.127,20.1572,17.4716,0.8052,-12.4857,-17.5346,apt_purchase
12065,896.296,668,875.105,853,911.01,719,895.372,617,985.647,652,1035.824,627,1048.824,631,1131.004,668,1215.423,549,1428.926,367,1585.202,370,1705.444,327,2007.175,326,2366.746,254,2721.825,322,2633.9,539,2607.899,478,2526.193,157,6.54,8.68,5.11,-2.3643,4.1029,-1.7166,10.0824,5.0908,1.255,7.8354,7.4641,17.5661,10.9366,7.5853,17.6922,17.9143,15.0028,-3.2304,-0.9872,-3.133,apt_purchase
12067,895.452,198,702.577,537,805.629,361,832.819,301,909.992,240,1045.836,279,978.352,284,981.991,311,1200.85,244,1163.355,171,1329.45,181,1472.539,212,1964.206,207,2737.697,254,2951.502,225,2578.802,337,2328.043,354,2448.36,153,7.19,10.76,6.0,-21.5394,14.6677,3.375,9.2665,14.928,-6.4526,0.372,22.2873,-3.1224,14.2772,10.763,33.3891,39.3793,7.8097,-12.6275,-9.7239,5.1682,apt_purchase
12069,1137.626,740,947.855,809,994.452,767,1106.366,585,1047.117,641,1120.603,861,1283.295,1084,1349.818,818,1599.63,911,1818.975,1027,1898.549,745,2043.13,544,2267.765,323,2795.73,383,2993.504,390,2896.953,626,2840.192,865,2859.931,401,6.0,8.11,5.17,-16.6813,4.916,11.2538,-5.3553,7.0179,14.5183,5.1838,18.5071,13.7122,4.3747,7.6153,10.9947,23.2813,7.0741,-3.2254,-1.9593,0.695,apt_purchase
12072,839.882,283,782.98,529,769.668,349,779.8,347,765.748,259,919.482,275,1037.998,305,1163.914,313,1376.022,327,1640.692,600,1517.969,255,1264.758,239,1716.668,162,2149.49,183,2413.263,179,2214.692,321,2255.711,304,2009.394,144,6.2,6.92,4.04,-6.775,-1.7002,1.3164,-1.802,20.0763,12.8894,12.1307,18.2237,19.2344,-7.48,-16.6809,35.7309,25.2129,12.2714,-8.2283,1.8521,-10.9197,apt_purchase
13003,1181.618,662,1120.886,971,1238.408,687,1201.767,756,1366.022,759,1424.854,907,1506.531,882,1564.464,672,1773.048,458,1961.416,343,2198.985,431,2213.082,336,2297.31,396,2493.421,383,2946.72,384,2794.098,457,2878.788,506,3038.767,209,5.92,7.06,6.03,-5.1397,10.4847,-2.9587,13.6678,4.3068,5.7323,3.8455,13.3326,10.624,12.1121,0.6411,3.8059,8.5365,18.1798,-5.1794,3.031,5.5572,apt_purchase
13004,1032.579,298,920.952,375,919.964,235,932.078,229,990.484,277,1042.492,546,1084.647,1127,1079.066,373,1116.509,248,1275.692,271,1232.08,305,1421.631,389,1610.774,238,1934.252,204,2023.866,173,1805.877,218,1727.7,216,1989.166,94,4.31,6.77,4.95,-10.8105,-0.1073,1.3168,6.2662,5.2508,4.0437,-0.5145,3.4699,14.2572,-3.4187,15.3846,13.3046,20.0821,4.633,-10.7709,-4.329,15.1338,apt_purchase
13071,717.082,349,657.955,607,695.322,346,756.045,552,747.96,382,863.338,482,690.086,632,819.005,387,872.853,336,928.0,277,1011.711,265,1002.172,195,871.94,242,1361.014,159,1483.567,126,1477.74,235,1665.955,303,1716.767,130,6.33,8.85,16.1,-8.2455,5.6793,8.7331,-1.0694,15.4257,-20.0677,18.6816,6.5748,6.318,9.0206,-0.9429,-12.995,56.0903,9.0045,-0.3928,12.7367,3.05,apt_purchase
13072,1357.881,968,1358.887,986,1368.54,842,1587.017,740,1464.42,772,1515.976,809,1055.773,1007,1569.911,564,1798.296,352,1896.772,300,1866.104,493,1822.55,447,2244.013,260,2766.073,368,3063.462,326,3267.033,470,3009.312,659,2800.874,367,5.64,6.5,5.17,0.0741,0.7104,15.9642,-7.725,3.5206,-30.3569,48.6978,14.5476,5.4761,-1.6169,-2.334,23.1249,23.2646,10.7513,6.6451,-7.8885,-6.9264,apt_purchase
13073,1597.765,849,1367.08,1160,1385.764,1110,1501.447,1259,1644.285,1311,1724.424,2144,1643.308,2253,1721.439,1520,1769.501,1440,1843.414,1752,2047.08,1615,2385.566,825,2574.847,624,3261.084,499,3489.533,624,3469.41,904,3211.483,1359,3190.908,575,4.54,6.75,5.0,-14.438,1.3667,8.348,9.5134,4.8738,-4.7039,4.7545,2.792,4.1771,11.0483,16.5351,7.9344,26.6516,7.0053,-0.5767,-7.4343,-0.6407,apt_purchase
13074,1094.264,308,994.026,641,987.812,358,1189.667,301,1109.289,355,1069.174,397,1120.266,452,1122.58,260,1227.623,223,1256.365,276,1654.009,255,1519.117,232,1613.331,221,2244.683,252,2838.374,225,2441.58,256,2145.371,383,2538.468,157,6.14,9.92,11.56,-9.1603,-0.6251,20.4346,-6.7563,-3.6163,4.7786,0.2066,9.3573,2.3413,31.6504,-8.1555,6.2019,39.1334,26.4488,-13.9796,-12.1319,18.323,apt_purchase
13075,1627.931,852,1455.96,1036,1520.157,909,1438.543,863,1482.633,958,1507.01,1100,1485.24,1318,1371.347,1129,1340.636,756,1513.546,1068,1607.056,658,2302.596,425,2063.65,289,2450.771,311,2943.986,256,3144.766,507,2849.0,579,2709.484,245,3.84,8.11,6.28,-10.5638,4.4093,-5.3688,3.0649,1.6442,-1.4446,-7.6683,-2.2395,12.8976,6.1782,43.2804,-10.3772,18.759,20.1249,6.82,-9.405,-4.897,apt_purchase
14511,699.235,855,701.066,2237,655.386,1897,674.1,1739,666.258,1810,682.514,2001,651.946,2536,684.492,1877,694.209,1965,727.299,918,789.034,2074,796.703,1038,834.995,532,1101.452,767,1174.438,1261,1035.799,1934,947.562,2067,918.239,1043,2.0,3.56,3.02,0.2619,-6.5158,2.8554,-1.1633,2.4399,-4.4787,4.9921,1.4196,4.7666,8.4883,0.9719,4.8063,31.9112,6.6263,-11.8047,-8.5187,-3.0946,apt_purchase
14521,520.187,284,579.122,845,541.737,469,487.791,370,521.184,414,525.522,388,629.07,301,555.023,302,522.424,376,573.16,386,517.781,632,620.762,268,668.702,226,627.543,278,698.674,250,769.274,327,724.828,394,745.929,125,2.63,3.42,2.48,11.3296,-6.4555,-9.958,6.8458,0.8323,19.7038,-11.7709,-5.8735,9.7117,-9.662,19.8889,7.7228,-6.1551,11.3348,10.1049,-5.7777,2.9112,apt_purchase
14522,680.05,367,626.106,1240,588.656,665,643.68,611,715.72,583,668.148,724,765.019,773,671.563,693,612.694,810,743.665,820,711.365,636,607.975,460,799.205,514,845.519,451,1113.527,406,1033.195,445,998.646,496,963.869,224,2.99,4.86,4.69,-7.9324,-5.9814,9.3474,11.1919,-6.6467,14.4984,-12.2162,-8.766,21.3762,-4.3434,-14.534,31.4536,5.795,31.6975,-7.2142,-3.3439,-3.4824,apt_purchase
14523,518.529,363,476.455,1120,498.207,844,437.759,846,449.985,776,452.074,994,447.539,1026,450.61,844,404.757,690,399.338,290,402.485,626,393.448,375,456.952,228,502.763,424,460.787,621,692.766,543,520.481,856,596.78,296,1.9,4.5,8.36,-8.1141,4.5654,-12.1331,2.7929,0.4642,-1.0032,0.6862,-10.1758,-1.3388,0.7881,-2.2453,16.1404,10.0253,-8.3491,50.3441,-24.8691,14.6593,apt_purchase
14524,561.432,676,586.562,1732,567.425,1089,597.859,1052,586.586,790,573.124,989,618.362,1297,655.481,1156,521.925,957,586.398,712,545.644,942,509.32,694,488.019,600,665.733,433,802.281,599,854.997,983,721.379,1651,672.778,752,1.86,1.53,8.23,4.4761,-3.2626,5.3635,-1.8856,-2.295,7.8932,6.0028,-20.3753,12.3529,-6.9499,-6.6571,-4.1822,36.4154,20.5109,6.5708,-15.6279,-6.7372,apt_purchase
14612,1070.084,4784,971.795,4980,1052.474,5568,1144.374,7357,1245.917,7581,1384.891,11485,1422.301,11225,1359.234,7127,1388.842,4731,1501.552,1386,1622.978,3593,1730.581,1786,1832.039,376,2274.883,966,2515.257,2553,2305.194,3334,2230.161,3431,2409.247,1654,5.19,6.2,6.23,-9.1852,8.3021,8.7318,8.8732,11.1544,2.7013,-4.4342,2.1783,8.1154,8.0867,6.63,5.8627,24.1722,10.5664,-8.3516,-3.255,8.0302,apt_purchase
14625,651.053,234,643.203,381,600.141,318,586.214,214,631.961,274,650.633,284,685.789,400,672.046,461,644.845,272,708.386,456,731.723,399,970.765,239,982.299,99,1296.112,147,1194.305,118,1233.3,161,1183.811,175,1133.371,75,3.88,6.2,3.82,-1.2057,-6.6949,-2.3206,7.8038,2.9546,5.4034,-2.004,-4.0475,9.8537,3.2944,32.6684,1.1881,31.9468,-7.8548,3.2651,-4.0127,-4.2608,apt_purchase
14626,460.934,210,364.575,566,374.094,580,393.672,421,440.372,350,489.967,240,548.608,314,497.964,416,455.272,316,439.205,239,575.582,350,536.31,216,466.815,182,646.273,154,618.437,239,621.438,230,740.329,286,682.965,114,3.41,4.52,9.2,-20.9052,2.611,5.2334,11.8627,11.2621,11.9684,-9.2314,-8.5733,-3.5291,31.0509,-6.823,-12.958,38.4431,-4.3072,0.4853,19.1316,-7.7484,apt_purchase
14627,748.973,413,661.463,1109,713.509,778,766.224,701,895.477,687,1053.802,866,1014.031,989,965.75,765,1037.304,537,1080.826,640,1059.193,772,1283.926,612,1393.791,378,1442.095,266,1589.827,424,1586.857,625,1554.652,554,1452.262,280,4.35,4.43,0.98,-11.684,7.8683,7.3881,16.8688,17.6805,-3.774,-4.7613,7.4092,4.1957,-2.0015,21.2174,8.557,3.4657,10.2443,-0.1868,-2.0295,-6.586,apt_purchase
14628,718.032,560,653.904,1037,712.09,827,736.585,701,791.651,778,875.388,1044,887.884,1219,903.537,834,930.71,719,977.93,548,991.716,603,1072.056,454,1242.266,337,1580.571,318,1726.98,491,1602.275,610,1539.081,562,1451.22,236,4.57,5.31,3.92,-8.9311,8.8982,3.4399,7.4759,10.5775,1.4275,1.763,3.0074,5.0735,1.4097,8.1011,15.877,27.2329,9.263,-7.221,-3.944,-5.7087,apt_purchase
14713,967.026,3799,913.449,4794,901.492,6989,895.829,8469,967.635,9746,1048.218,13373,1076.103,13423,1179.377,11708,1328.604,9186,1423.244,2104,1525.438,7143,1657.728,2677,1866.625,856,2112.151,2109,2464.981,5156,2433.276,7895,2291.666,7604,2345.657,3166,5.56,7.33,5.02,-5.5404,-1.309,-0.6282,8.0156,8.3278,2.6602,9.597,12.653,7.1233,7.1804,8.6723,12.6014,13.1535,16.7048,-1.2862,-5.8197,2.356,apt_purchase
14729,811.153,537,696.713,676,695.853,990,709.904,1147,727.321,1117,715.097,885,757.829,1486,977.311,1151,1020.09,1167,749.486,914,916.087,1005,973.545,846,1107.336,637,1162.029,740,1650.074,772,1570.345,919,1687.958,975,1651.564,408,5.35,6.75,9.49,-14.1083,-0.1234,2.0192,2.4534,-1.6807,5.9757,28.9619,4.3772,-26.5275,22.2287,6.2721,13.7427,4.9392,41.9994,-4.8318,7.4896,-2.1561,apt_purchase
14730,720.359,264,648.932,293,647.247,341,622.686,433,655.818,422,819.629,592,596.275,473,644.314,493,690.348,382,896.448,578,897.961,486,820.898,384,887.554,345,912.019,452,1092.496,452,1383.724,580,733.045,819,1151.375,218,5.48,9.6,11.85,-9.9155,-0.2597,-3.7947,5.3208,24.9781,-27.2506,8.0565,7.1447,29.8545,0.1688,-8.582,8.1199,2.7565,19.7887,26.6571,-47.0238,57.0674,apt_purchase
15001,565.795,73,544.608,211,544.547,160,556.99,141,547.572,148,496.108,159,580.154,200,586.172,226,564.83,203,569.867,235,601.087,249,706.068,66,626.857,67,760.397,72,974.858,105,1097.459,75,1261.781,93,1266.466,58,5.4,8.64,15.49,-3.7446,-0.0112,2.285,-1.6909,-9.3986,16.9411,1.0373,-3.6409,0.8918,5.4785,17.4652,-11.2186,21.3031,28.2038,12.5763,14.973,0.3713,apt_purchase
15002,713.853,413,684.788,883,735.146,400,762.298,521,802.617,568,921.468,639,867.329,1032,913.975,739,1127.222,663,1022.747,198,1311.082,377,1397.211,185,1652.885,63,1718.77,236,1809.212,358,1888.63,513,1742.501,762,1662.221,294,5.59,6.84,0.26,-4.0716,7.3538,3.6934,5.2891,14.8079,-5.8753,5.3781,23.3318,-9.2684,28.1922,6.5693,18.2989,3.9861,5.262,4.3896,-7.7373,-4.6072,apt_purchase
15003,717.023,579,616.393,1158,628.333,672,737.766,799,728.27,845,763.973,967,744.573,1319,778.425,1083,853.714,939,844.42,908,985.038,770,1023.928,719,1195.633,943,1408.496,886,1554.572,534,1465.904,739,1515.221,902,1507.407,577,4.84,7.13,5.06,-14.0344,1.9371,17.4164,-1.2871,4.9024,-2.5394,4.5465,9.672,-1.0887,16.6526,3.9481,16.7692,17.8034,10.3711,-5.7037,3.3643,-0.5157,apt_purchase
15082,609.055,85,588.844,265,567.332,113,536.568,102,509.154,74,516.874,84,563.94,211,633.22,227,554.699,173,669.462,232,712.394,102,541.39,196,587.724,111,620.21,116,1052.53,82,1108.575,127,1221.807,150,1162.549,92,5.33,8.52,17.18,-3.3184,-3.6533,-5.4226,-5.1091,1.5162,9.1059,12.285,-12.4003,20.6892,6.4129,-24.0041,8.5583,5.5274,69.7054,5.3248,10.2142,-4.85,apt_purchase
15084,500.151,184,445.359,866,449.93,344,430.435,224,582.842,192,569.272,302,523.143,362,598.589,298,509.847,259,431.166,313,537.83,128,513.412,177,543.976,129,960.552,192,623.412,431,617.291,623,877.951,244,908.036,97,6.3,8.2,17.23,-10.9551,1.0264,-4.3329,35.4077,-2.3282,-8.1032,14.4217,-14.8252,-15.4323,24.7385,-4.5401,5.9531,76.5798,-35.0986,-0.9819,42.2264,3.4267,apt_purchase
15085,570.886,166,574.18,357,522.984,161,565.873,225,557.131,239,512.68,348,573.85,392,688.21,314,563.157,256,537.228,382,799.369,185,939.996,191,748.448,224,1062.314,149,1092.476,174,1013.738,201,1072.796,302,1130.863,107,5.54,7.2,9.76,0.577,-8.9164,8.2008,-1.5449,-7.9786,11.9314,19.9286,-18.1708,-4.6042,48.7951,17.5923,-20.3775,41.9356,2.8393,-7.2073,5.8258,5.4127,apt_purchase
15088,545.684,168,517.79,660,522.971,280,546.073,404,564.324,363,614.14,358,643.648,474,645.798,575,606.835,548,660.599,497,701.219,299,716.013,192,596.484,208,969.788,153,1145.534,201,1022.305,230,1066.987,256,1034.528,202,4.9,6.57,14.26,-5.1117,1.0006,4.4175,3.3422,8.8276,4.8048,0.334,-6.0333,8.8597,6.149,2.1098,-16.6937,62.5841,18.1221,-10.7573,4.3707,-3.0421,apt_purchase
15089,551.361,108,528.237,406,539.538,152,568.329,125,517.97,124,469.364,137,478.798,102,397.539,101,531.875,193,546.299,183,527.455,246,524.881,217,488.647,379,378.536,140,534.307,198,1180.446,318,1121.269,446,1114.155,202,7.63,15.96,26.78,-4.194,2.1394,5.3362,-8.8609,-9.3839,2.01,-16.9715,33.7919,2.7119,-3.4494,-0.488,-6.9033,-22.5339,41.1509,120.9303,-5.0131,-0.6345,apt_purchase
16051,1016.386,785,961.388,1114,988.259,1211,1052.648,888,1209.074,1204,1169.536,1164,1153.927,1492,1195.365,1545,1159.719,907,1399.75,620,1502.011,528,1563.178,474,1799.265,360,2402.177,364,2482.884,347,1974.558,463,2015.319,556,1918.529,209,4.45,5.79,2.73,-5.4111,2.795,6.5154,14.8602,-3.2701,-1.3346,3.591,-2.982,20.6973,7.3057,4.0723,15.103,33.5088,3.3597,-20.4732,2.0643,-4.8027,apt_purchase
16052,567.093,243,537.134,876,521.806,335,461.103,315,563.592,397,524.571,617,585.393,559,579.155,398,638.076,397,543.803,124,588.112,253,720.924,134,655.551,74,524.251,138,864.6,200,632.392,255,741.306,405,813.094,185,4.0,6.2,8.99,-5.2829,-2.8537,-11.6333,22.2269,-6.9236,11.5946,-1.0656,10.1736,-14.7746,8.148,22.5828,-9.0679,-20.029,64.921,-26.8573,17.2225,9.684,apt_purchase
16055,938.246,162,788.895,213,977.785,181,879.821,200,982.969,191,929.078,171,990.788,195,1045.285,157,1104.512,148,1428.949,88,1287.388,91,1496.12,89,1459.803,57,1814.7,58,2151.503,55,1843.244,93,2125.035,183,2208.575,63,6.06,8.67,9.55,-15.9181,23.9436,-10.019,11.7237,-5.4825,6.6421,5.5004,5.6661,29.3738,-9.9067,16.2136,-2.4274,24.3113,18.5597,-14.3276,15.2878,3.9312,apt_purchase
16067,578.889,133,537.789,429,571.53,201,613.386,195,637.678,191,622.091,205,684.479,269,739.851,123,764.155,233,717.442,456,663.164,434,765.352,218,853.691,116,1111.458,76,880.897,89,998.887,111,1142.712,159,1106.781,61,4.52,5.07,6.82,-7.0998,6.274,7.3235,3.9603,-2.4443,10.0288,8.0897,3.285,-6.113,-7.5655,15.4092,11.5423,30.1944,-20.744,13.3943,14.3985,-3.1444,apt_purchase
16077,559.17,84,468.045,263,444.169,162,522.011,66,451.486,92,433.726,87,449.434,168,674.426,166,633.628,334,594.551,166,565.144,158,559.518,110,496.005,179,668.036,67,807.866,80,747.879,125,537.69,220,888.486,52,5.19,5.58,17.07,-16.2965,-5.1012,17.5253,-13.5103,-3.9337,3.6216,50.0612,-6.0493,-6.1672,-4.9461,-0.9955,-11.3514,34.6833,20.9315,-7.4254,-28.1047,65.2413,apt_purchase
Weighted Mean,1295.714,0,1191.331,0,1241.809,0,1277.636,0,1356.736,0,1448.511,0,1556.698,0,1695.255,0,1722.683,0,1896.498,0,2081.83,0,2301.383,0,2662.777,0,2953.947,0,3208.68,0,3076.633,0,2995.747,0,3026.328,0,5.29,6.16,2.77,-8.056,4.2371,2.8851,6.1911,6.7644,7.4688,8.9007,1.6179,10.0898,9.7723,10.5462,15.7033,10.9348,8.6235,-4.1153,-2.629,1.0208,apt_purchase
