kid2019,pindex2008,NOBS2008,pindex2009,NOBS2009,pindex2010,NOBS2010,pindex2011,NOBS2011,pindex2012,NOBS2012,pindex2013,NOBS2013,pindex2014,NOBS2014,pindex2015,NOBS2015,pindex2016,NOBS2016,pindex2017,NOBS2017,pindex2018,NOBS2018,pindex2019,NOBS2019,pindex2020,NOBS2020,pindex2021,NOBS2021,pindex2022,NOBS2022,pindex2023,NOBS2023,pindex2024,NOBS2024,pindex2025,NOBS2025,avg_return_all_time,avg_return_10yr,avg_return_5yr,return_2009,return_2010,return_2011,return_2012,return_2013,return_2014,return_2015,return_2016,return_2017,return_2018,return_2019,return_2020,return_2021,return_2022,return_2023,return_2024,return_2025,dataset_type
01001,943.601,384,945.707,388,944.149,325,1090.129,416,1030.331,415,1062.443,382,1190.075,395,1222.353,299,1296.207,209,1412.705,239,1491.649,233,1602.712,172,1832.28,164,2211.763,262,2558.644,158,2163.733,456,2140.351,493,2077.597,238,5.13,5.93,3.39,0.2232,-0.1647,15.4615,-5.4854,3.1167,12.0131,2.7123,6.042,8.9876,5.5881,7.4457,14.3237,20.711,15.6835,-15.4344,-1.0806,-2.9319,house_purchase
01002,1056.118,1099,1057.247,1092,1060.519,692,1096.737,672,1221.732,502,1214.582,565,1258.998,638,1354.967,545,1588.734,451,1662.346,499,1809.768,419,1863.295,164,2268.455,244,2431.496,367,2868.286,272,2398.217,561,2581.587,1054,2563.199,345,5.71,7.12,3.14,0.1069,0.3095,3.4151,11.397,-0.5852,3.6569,7.6226,17.2526,4.6334,8.8683,2.9577,21.7443,7.1873,17.9638,-16.3885,7.6461,-0.7123,house_purchase
01003,1098.953,1169,1049.788,1147,1047.886,1092,1076.192,1125,1166.556,1042,1308.894,1260,1320.76,1008,1384.617,944,1415.552,738,1569.315,746,2019.853,805,1966.603,358,2234.573,553,2657.184,466,3069.36,447,2679.45,1083,2657.918,1316,2701.74,654,5.87,7.54,4.51,-4.4738,-0.1812,2.7012,8.3966,12.2016,0.9066,4.8349,2.2342,10.8624,28.7092,-2.6363,13.626,18.9124,15.5118,-12.7033,-0.8036,1.6487,house_purchase
01004,861.773,395,807.145,401,834.768,1822,863.496,611,882.254,462,960.687,453,1006.259,487,1116.109,386,995.223,332,1098.36,327,1155.032,339,1307.983,192,1488.692,199,1963.921,293,1986.791,250,1844.66,495,2098.816,677,2146.016,233,5.94,7.37,8.39,-6.339,3.4223,3.4414,2.1723,8.8901,4.7437,10.9167,-10.831,10.3632,5.1597,13.2421,13.8159,31.9226,1.1645,-7.1538,13.7779,2.2489,house_purchase
01051,734.367,1928,709.474,1448,712.874,1484,758.085,1652,762.838,1724,734.123,1795,731.125,1684,760.939,1524,808.821,1222,876.041,1233,988.87,1206,1023.356,730,1136.091,1030,1521.238,816,1688.168,914,1618.562,1390,1715.802,2368,1594.807,657,5.04,8.17,7.94,-3.3897,0.4792,6.3421,0.627,-3.7642,-0.4084,4.0778,6.2925,8.3109,12.8794,3.4874,11.0162,33.9011,10.9733,-4.1232,6.0078,-7.0518,house_purchase
01053,1026.984,2422,965.462,2730,952.206,2125,1012.511,2087,1071.543,1818,1012.725,1994,1067.354,2002,1073.654,2246,1092.213,2147,1114.285,1905,1443.509,1026,1599.519,606,1877.436,822,2266.094,712,2707.969,875,2280.235,1844,2175.519,1715,2163.561,737,5.06,8.07,3.85,-5.9906,-1.373,6.3332,5.8303,-5.4891,5.3943,0.5902,1.7286,2.0209,29.5458,10.8077,17.375,20.7015,19.4994,-15.7954,-4.5923,-0.5497,house_purchase
01054,1721.817,2661,1479.424,2560,1641.748,1984,1575.971,1996,1725.889,1877,1956.677,2165,2294.894,2456,1759.567,3035,1777.336,2636,2337.642,1989,2435.2,1786,2308.285,1426,2572.138,1587,3430.676,985,3252.091,1238,3273.489,2030,3016.821,2831,3102.961,1048,4.5,6.68,4.77,-14.0777,10.9721,-4.0065,9.5127,13.3721,17.2853,-23.3269,1.0099,31.525,4.1734,-5.2117,11.4307,33.3784,-5.2055,0.658,-7.8408,2.8553,house_purchase
01055,985.402,3408,971.074,2535,999.206,2377,1066.822,2634,1083.411,2669,1150.629,2625,1155.575,2546,1096.685,2865,1303.211,1846,1273.856,2162,1584.875,1462,1610.236,1039,1954.239,1091,2175.629,1052,2755.025,912,2649.381,2581,2648.409,3328,2217.399,1401,5.48,8.18,3.56,-1.454,2.897,6.767,1.555,6.2043,0.4299,-5.0962,18.8318,-2.2525,24.4156,1.6002,21.3635,11.3287,26.6312,-3.8346,-0.0367,-16.2743,house_purchase
01056,1147.401,3841,1160.097,3389,1186.655,2720,1231.802,2918,1320.323,2297,1316.964,2433,1445.004,2630,1563.131,2065,1668.853,1925,1759.377,2315,1966.263,2280,2030.211,1182,2280.266,1251,2898.251,1159,3023.776,1467,2756.518,2847,2911.773,3135,2878.287,1150,5.8,6.66,5.42,1.1065,2.2893,3.8046,7.1863,-0.2544,9.7224,8.1749,6.7635,5.4243,11.759,3.2523,12.3167,27.1014,4.3311,-8.8386,5.6323,-1.15,house_purchase
01057,962.973,1635,919.146,1703,968.689,1313,972.421,1115,980.423,1134,1073.776,1311,1045.925,1364,1123.569,1043,1271.506,760,1233.529,1012,1429.464,925,1690.672,622,1666.343,676,1921.716,679,2436.965,542,2284.553,1252,2494.12,2976,2558.603,1123,6.29,9.05,9.53,-4.5512,5.3901,0.3853,0.8229,9.5217,-2.5937,7.4235,13.1667,-2.9868,15.8841,18.2731,-1.439,15.3254,26.8119,-6.2542,9.1732,2.5854,house_purchase
01058,906.307,3374,855.363,3316,891.669,2906,924.117,3066,918.862,2415,961.976,2502,987.963,2679,985.327,2370,1043.414,2055,1138.312,1981,1258.015,1701,1386.819,1186,1432.892,1497,1894.347,1070,2068.27,1139,1931.861,2878,2065.477,4471,1990.041,1445,5.06,7.71,7.61,-5.6211,4.2445,3.639,-0.5687,4.6921,2.7014,-0.2668,5.8952,9.095,10.5158,10.2387,3.3222,32.2045,9.1812,-6.5953,6.9164,-3.6522,house_purchase
01059,813.876,2627,771.697,2508,790.385,2194,824.445,2335,856.545,2203,892.128,2385,918.662,2462,892.775,2275,936.699,1599,995.095,2003,1171.204,1636,1126.451,1332,1321.48,1496,1793.224,1061,1979.322,1247,1788.032,2823,1926.044,4006,1867.45,1325,5.48,8.34,8.22,-5.1825,2.4217,4.3093,3.8935,4.1542,2.9742,-2.8179,4.9199,6.2342,17.6977,-3.8211,17.3136,35.6982,10.3778,-9.6644,7.7187,-3.0422,house_purchase
01060,1028.108,3842,1019.615,3981,991.809,3787,1049.164,3327,1102.105,2479,1148.738,2414,1153.245,2750,1196.633,2357,1398.603,2183,1322.285,2249,1597.891,1838,1797.961,1136,1985.639,1296,2267.064,1689,2612.238,1428,2354.271,2713,2376.438,3577,2466.222,1295,5.6,7.95,4.85,-0.8261,-2.7271,5.7829,5.046,4.2313,0.3923,3.7623,16.8782,-5.4567,20.8432,12.5209,10.4384,14.173,15.2256,-9.8753,0.9416,3.7781,house_purchase
01061,796.077,1690,761.134,1731,732.777,1296,767.589,1458,781.466,1337,804.308,1226,855.637,1338,849.689,1113,915.894,848,945.649,1317,1123.924,1119,1238.077,583,1226.346,814,1725.624,609,1837.581,665,1709.137,976,1851.142,1296,1778.204,469,5.34,8.37,8.92,-4.3894,-3.7256,4.7507,1.8079,2.923,6.3818,-0.6952,7.7917,3.2487,18.8521,10.1566,-0.9475,40.7127,6.4879,-6.9898,8.3086,-3.9402,house_purchase
01062,1203.724,3767,1185.707,3249,1125.863,2233,1249.038,2297,1311.381,2414,1395.801,2441,1483.799,1901,1507.667,1833,1619.786,1512,1519.68,2723,1922.143,1492,2368.364,1002,2465.362,1244,2776.931,1095,3109.425,1263,2852.135,3041,2868.534,2787,2847.821,1141,5.59,7.12,3.24,-1.4968,-5.0471,10.9405,4.9913,6.4375,6.3045,1.6086,7.4366,-6.1802,26.4834,23.2148,4.0956,12.6379,11.9734,-8.2745,0.575,-0.7221,house_purchase
02000,1682.016,7963,1652.845,7480,1746.877,5716,1958.416,5413,2225.798,5068,2316.57,5073,2344.372,5883,2333.548,5091,2611.735,3835,2880.821,4299,3038.103,4715,3144.359,3233,3510.164,3855,4082.83,2942,4163.29,3892,3900.77,8291,3948.776,9089,4054.184,3601,5.48,5.87,3.18,-1.7343,5.6891,12.1096,13.653,4.0782,1.2001,-0.4617,11.9212,10.303,5.4596,3.4974,11.6337,16.3145,1.9707,-6.3056,1.2307,2.6694,house_purchase
03101,965.642,1700,978.144,1658,1006.359,1183,1046.081,745,1106.2,617,1203.139,628,1273.839,709,1395.671,631,1555.119,557,1666.184,548,1757.904,597,1912.201,389,2082.406,427,2326.964,428,2584.365,379,2329.773,852,2294.358,900,2288.621,469,5.35,5.29,2.24,1.2947,2.8845,3.9471,5.7471,8.7632,5.8763,9.5642,11.4245,7.1419,5.5048,8.7773,8.901,11.744,11.0617,-9.8512,-1.5201,-0.25,house_purchase
03102,807.918,898,764.85,895,783.103,647,783.556,678,794.674,595,833.482,607,851.791,608,882.736,599,923.262,504,1019.694,623,1061.813,579,1222.263,326,1301.878,399,1142.746,673,1436.143,624,1545.726,958,1423.747,1355,1440.712,514,3.79,5.52,2.88,-5.3307,2.3865,0.0578,1.4189,4.8835,2.1967,3.6329,4.591,10.4447,4.1306,15.1109,6.5137,-12.2233,25.6747,7.6304,-7.8914,1.1916,house_purchase
03103,909.639,783,872.057,724,869.491,566,949.838,550,1050.944,304,1172.165,406,1182.924,386,1331.8,456,1441.877,395,1554.192,519,1675.489,435,2047.337,277,1889.26,382,2079.87,456,2207.588,495,2010.855,1057,1832.524,1502,1891.837,581,4.74,4.0,0.34,-4.1315,-0.2942,9.2407,10.6446,11.5345,0.9179,12.5854,8.2653,7.7895,7.8045,22.1934,-7.7211,10.0891,6.1407,-8.9117,-8.8684,3.2367,house_purchase
03151,780.0,2180,738.258,2036,756.295,1821,795.673,1849,767.251,1142,825.806,1229,876.987,1370,922.352,1448,1041.152,1130,1131.996,1567,1166.017,1509,1183.4,809,1298.626,1173,1228.424,1807,1487.726,2061,1590.914,2722,1503.079,3552,1527.65,1882,4.25,5.46,3.75,-5.3515,2.4432,5.2067,-3.5721,7.6318,6.1977,5.1728,12.8801,8.7253,3.0054,1.4908,9.7369,-5.4059,21.1085,6.936,-5.521,1.6347,house_purchase
03153,667.726,1010,636.739,1699,617.044,2025,587.015,1340,605.88,917,623.976,973,581.955,1219,586.563,1332,618.936,935,760.44,1032,728.609,1238,782.22,710,822.03,611,918.369,738,1164.811,923,1176.777,1583,1292.009,1794,1264.044,679,4.21,8.39,9.44,-4.6407,-3.0931,-4.8666,3.2137,2.9867,-6.7344,0.7918,5.5191,22.8625,-4.1859,7.358,5.0894,11.7196,26.8347,1.0273,9.7922,-2.1645,house_purchase
03154,703.051,667,668.83,969,666.464,828,683.886,896,631.171,714,702.754,794,725.505,1048,741.423,1206,756.579,1039,786.634,1429,869.402,1215,884.597,648,1002.696,1017,951.84,1439,1231.943,1687,1378.882,2368,1276.299,3659,1366.108,1358,4.35,6.75,7.18,-4.8675,-0.3538,2.6141,-7.7082,11.3413,3.2374,2.1941,2.0442,3.9725,10.5218,1.7478,13.3506,-5.0719,29.4275,11.9274,-7.4396,7.0367,house_purchase
03155,697.821,1094,663.936,1319,654.53,1290,613.276,969,518.423,781,548.356,1075,594.12,1210,621.655,954,614.357,955,615.634,1439,651.69,1156,684.939,715,781.47,836,994.193,1236,1205.922,966,1289.12,1145,1309.329,1794,1208.943,879,3.77,7.34,9.86,-4.8558,-1.4167,-6.3028,-15.4666,5.7739,8.3457,4.6346,-1.174,0.2079,5.8567,5.102,14.0934,27.2209,21.2966,6.8991,1.5677,-7.667,house_purchase
03157,777.529,1779,704.302,1705,698.174,1451,731.158,1295,728.69,1048,726.933,1247,783.361,1258,823.988,1217,866.361,1144,946.313,1364,1052.245,1166,1149.872,734,1302.621,857,1173.263,1971,1378.99,2148,1557.912,2910,1512.068,3163,1472.665,1089,4.12,6.32,3.01,-9.4179,-0.8701,4.7243,-0.3375,-0.2411,7.7625,5.1862,5.1424,9.2285,11.1942,9.278,13.284,-9.9306,17.5346,12.9749,-2.9427,-2.6059,house_purchase
03158,801.112,1525,772.665,1641,774.704,1433,775.209,1229,776.589,1017,785.09,976,804.132,973,806.432,1079,871.04,984,949.334,1068,987.782,1052,975.214,670,1240.545,659,1206.964,966,1412.269,959,1506.369,2075,1378.472,3479,1365.236,1400,3.49,5.85,2.3,-3.5509,0.2639,0.0652,0.178,1.0947,2.4255,0.286,8.0116,8.9886,4.05,-1.2723,27.2075,-2.707,17.01,6.663,-8.4904,-0.9602,house_purchase
03159,806.121,2631,774.089,3123,725.094,3664,704.395,2847,716.33,1900,740.262,2054,734.264,1990,757.665,2069,817.212,1541,882.838,2278,954.561,1942,976.557,1058,1063.938,1209,1175.027,1485,1297.0,1356,1431.093,1937,1411.99,2834,1482.797,1443,3.79,7.01,6.97,-3.9736,-6.3294,-2.8547,1.6944,3.3409,-0.8103,3.187,7.8593,8.0305,8.1241,2.3043,8.9479,10.4413,10.3804,10.3387,-1.3349,5.0147,house_purchase
03241,1040.798,9643,1007.319,10100,1044.424,9477,1049.661,8434,1084.397,6830,1110.727,6278,1201.801,7336,1245.548,7175,1383.632,5704,1436.711,5985,1589.396,5603,1708.672,3090,1971.504,3145,2329.684,2976,2319.854,4066,2159.749,7484,2107.198,9896,2080.234,4116,4.36,5.56,1.43,-3.2167,3.6835,0.5014,3.3093,2.4281,8.1995,3.6401,11.0862,3.8362,10.6274,7.5045,15.3822,18.1679,-0.4219,-6.9015,-2.4332,-1.2796,house_purchase
03251,835.744,1581,766.946,1573,780.524,1500,758.428,1419,804.819,1243,829.739,1180,869.65,1087,925.867,943,991.648,852,1017.683,1058,1130.768,1051,1238.051,649,1372.843,675,1497.287,656,1621.677,1655,1638.066,2084,1967.38,1997,2014.319,1029,5.49,8.21,8.17,-8.2319,1.7704,-2.8309,6.1167,3.0963,4.8101,6.4643,7.1048,2.6254,11.112,9.4876,10.8874,9.0647,8.3077,1.0106,20.1038,2.3859,house_purchase
03252,735.033,1690,725.34,2272,689.568,1572,646.13,1325,604.92,1222,620.844,1426,620.233,1688,682.905,1689,716.128,1583,855.467,1827,836.496,1951,871.756,1602,944.63,1411,1073.901,1102,1335.513,808,1416.879,1266,1583.806,2083,1417.076,703,4.34,8.01,9.08,-1.3187,-4.9318,-6.2993,-6.378,2.6324,-0.0984,10.1046,4.865,19.4573,-2.2176,4.2152,8.3594,13.6848,24.3609,6.0925,11.7813,-10.5272,house_purchase
03254,808.772,1913,737.838,2593,754.643,2396,732.979,2092,723.721,1689,727.389,1822,720.055,2010,783.129,2035,831.193,2076,897.485,2204,955.039,2513,986.498,1664,1150.623,1353,1057.272,2408,1320.915,2736,1417.64,3569,1600.791,4843,1523.492,1980,4.14,7.27,6.45,-8.7706,2.2776,-2.8708,-1.2631,0.5068,-1.0083,8.7596,6.1374,7.9755,6.4128,3.294,16.6371,-8.1131,24.9362,7.3226,12.9194,-4.8288,house_purchase
03255,653.285,388,649.911,549,559.749,525,502.513,519,457.931,475,486.789,671,498.131,699,550.459,534,549.106,509,580.599,698,533.817,828,689.928,1018,706.43,663,904.218,889,911.922,434,1069.209,826,1133.656,1196,1141.86,812,3.97,8.19,10.57,-0.5165,-13.873,-10.2253,-8.8718,6.3018,2.33,10.5049,-0.2458,5.7353,-8.0575,29.2443,2.3918,27.9982,0.852,17.2479,6.0275,0.7237,house_purchase
03256,703.505,476,634.419,847,632.354,625,589.374,664,633.799,639,617.242,626,663.691,639,744.601,627,844.906,767,787.611,673,866.087,652,917.424,532,1016.585,642,1179.747,657,1396.934,647,1552.326,993,1442.952,1158,1450.064,648,4.71,7.24,7.81,-9.8203,-0.3255,-6.7968,7.5377,-2.6123,7.5252,12.1909,13.471,-6.7812,9.9638,5.9275,10.8086,16.05,18.4096,11.1238,-7.0458,0.4929,house_purchase
03257,785.298,1477,756.522,2685,705.331,2088,687.41,1876,640.461,1591,633.506,1699,680.771,1908,746.868,2120,810.486,1763,897.695,1661,1004.852,2262,1065.469,1920,1143.663,1295,1413.064,931,1518.917,886,1553.852,1705,1562.668,2670,1478.604,1042,4.08,7.31,5.71,-3.6643,-6.7666,-2.5408,-6.8298,-1.0859,7.4609,9.7091,8.518,10.7601,11.9369,6.0324,7.3389,23.556,7.491,2.3,0.5674,-5.3795,house_purchase
03351,745.223,1836,711.479,1829,718.702,1601,741.554,1638,744.222,1412,725.191,1192,749.685,1500,802.634,2065,902.53,1908,944.941,2078,1028.518,2081,1120.997,1376,1267.02,1292,1444.64,1298,1478.722,2070,1613.894,3398,1586.557,3910,1549.822,1892,4.55,6.95,4.3,-4.528,1.0152,3.1796,0.3598,-2.5572,3.3776,7.0628,12.446,4.6991,8.8447,8.9915,13.0262,14.0187,2.3592,9.1411,-1.6939,-2.3154,house_purchase
03352,778.305,1383,694.041,1468,726.673,1545,748.646,1333,755.62,1337,818.826,1457,755.44,1324,831.111,1211,887.482,1188,947.277,1263,1061.391,1534,1083.147,855,1118.728,1455,1250.538,1895,1477.341,1888,1512.198,1823,1566.238,2381,1539.721,751,4.33,6.51,6.83,-10.8266,4.7017,3.0238,0.9315,8.3648,-7.7411,10.0168,6.7826,6.7376,12.0465,2.0498,3.285,11.7821,18.1364,2.3594,3.5736,-1.693,house_purchase
03353,1075.648,3469,1045.407,2738,1053.856,2522,1076.735,2450,1150.506,2053,1196.913,1843,1228.486,2221,1330.083,1994,1444.284,1952,1480.359,1976,1678.637,1611,1691.727,899,2045.887,941,2378.487,890,2420.858,1130,2535.807,2194,2443.712,2442,2503.511,1191,5.28,6.78,4.32,-2.8114,0.8082,2.171,6.8514,4.0336,2.6379,8.2701,8.586,2.4978,13.3939,0.7798,20.9348,16.257,1.7814,4.7483,-3.6318,2.4471,house_purchase
03354,560.81,348,548.177,605,621.072,349,594.571,560,560.722,573,550.463,701,524.07,838,533.758,794,555.393,649,586.684,857,630.052,518,706.381,197,828.606,224,980.882,295,1168.993,234,1269.634,369,1257.417,512,1113.115,87,4.5,8.02,6.75,-2.2526,13.2977,-4.267,-5.693,-1.8296,-4.7947,1.8486,4.0533,5.634,7.3921,12.1147,17.303,18.3774,19.1777,8.6092,-0.9622,-11.4761,house_purchase
03355,940.488,1840,900.105,1757,979.35,1764,937.982,1462,971.985,1241,1008.008,1427,1111.833,1318,1184.323,1258,1209.54,1127,1265.659,1432,1401.559,1090,1494.174,629,1803.453,730,2097.987,914,2401.684,807,2209.35,1471,2298.554,1432,2271.103,632,5.58,7.05,5.13,-4.2938,8.804,-4.224,3.6251,3.7061,10.3,6.5199,2.1292,4.6397,10.7375,6.608,20.699,16.3317,14.4756,-8.0083,4.0376,-1.1943,house_purchase
03356,857.707,1316,842.748,1324,835.993,1352,878.633,1266,886.286,1192,907.12,1081,895.988,1053,936.887,804,1107.131,766,1193.427,844,1377.334,808,1294.863,496,1483.509,622,1665.956,428,1898.472,472,1801.178,898,2038.768,2036,2069.157,1058,5.58,8.58,7.16,-1.7441,-0.8015,5.1005,0.871,2.3507,-1.2272,4.5647,18.1712,7.7946,15.41,-5.9877,14.5688,12.2983,13.9569,-5.1249,13.1908,1.4906,house_purchase
03357,763.632,1181,705.17,1206,728.877,1015,769.579,1354,741.447,1135,734.662,918,873.513,1028,834.152,828,866.633,693,944.07,864,1007.306,753,1061.475,452,1198.162,532,1289.088,981,1484.822,882,1580.768,1146,1530.727,1351,1531.41,494,4.41,6.39,5.22,-7.6558,3.3619,5.5842,-3.6555,-0.9151,18.9,-4.5061,3.8939,8.9354,6.6982,5.3776,12.8771,7.5888,15.1839,6.4618,-3.1656,0.0446,house_purchase
03358,736.438,825,712.036,1183,733.421,782,737.432,855,727.024,736,696.331,881,742.321,751,799.668,801,894.077,656,910.153,830,993.711,657,1114.385,333,1156.902,415,1484.164,496,1564.415,416,1577.859,1067,1583.863,1783,1501.794,904,4.55,6.85,5.95,-3.3135,3.0034,0.5469,-1.4114,-4.2217,6.6046,7.7254,11.806,1.7981,9.1807,12.1438,3.8153,28.2878,5.4072,0.8594,0.3805,-5.1816,house_purchase
03359,915.191,1923,847.098,1552,892.815,1156,903.407,1174,946.683,888,1004.025,873,1021.871,1116,1085.983,922,1138.146,752,1229.951,996,1342.356,1539,1442.969,518,1606.926,598,1773.892,727,2079.885,683,1999.514,1075,1988.48,1528,1988.195,792,4.83,6.41,4.64,-7.4403,5.3969,1.1864,4.7903,6.0571,1.7774,6.274,4.8033,8.0662,9.139,7.4953,11.3625,10.3904,17.2498,-3.8642,-0.5518,-0.0143,house_purchase
03360,724.431,769,616.012,918,599.274,609,594.89,639,649.609,654,687.172,854,756.511,990,811.8,633,737.132,616,793.888,828,856.5,502,909.108,274,1011.868,308,1310.535,403,1410.31,395,1544.26,634,1533.098,551,1323.326,187,4.12,5.61,6.44,-14.9661,-2.7172,-0.7316,9.1982,5.7824,10.0905,7.3084,-9.1978,7.6996,7.8868,6.1422,11.3034,29.5164,7.6133,9.4979,-0.7228,-13.6829,house_purchase
03361,853.125,1457,815.051,1373,821.13,1230,899.941,1247,905.766,1235,910.761,1054,960.927,832,1007.825,959,1102.327,680,1186.555,588,1272.208,606,1304.965,328,1552.316,368,1682.562,342,1897.255,533,1712.864,1072,1974.135,1113,2156.515,583,5.83,8.17,7.18,-4.4629,0.7458,9.5979,0.6473,0.5515,5.5081,4.8805,9.3768,7.6409,7.2186,2.5748,18.9546,8.3904,12.7599,-9.7188,15.2535,9.2385,house_purchase
03401,833.981,726,793.566,625,781.073,548,827.51,433,870.102,594,864.822,476,857.212,434,898.303,396,1042.1,261,1124.971,320,1317.817,390,1324.608,161,1616.408,229,1754.658,260,1886.869,398,1778.475,548,1765.397,546,1836.144,243,5.01,7.73,2.72,-4.846,-1.5743,5.9453,5.147,-0.6068,-0.8799,4.7936,16.0076,7.9523,17.1423,0.5153,22.0292,8.5529,7.5349,-5.7446,-0.7353,4.0074,house_purchase
03402,705.54,325,692.474,393,736.052,377,753.158,378,730.61,280,794.111,384,830.343,413,785.308,417,825.148,441,902.389,757,1070.83,564,1135.359,237,1269.106,300,1568.321,174,1577.322,168,1528.301,310,1531.629,392,1577.149,125,5.1,7.51,4.85,-1.8519,6.2931,2.324,-2.9938,8.6915,4.5626,-5.4237,5.0732,9.3609,18.6661,6.0261,11.7802,23.5768,0.5739,-3.1079,0.2178,2.972,house_purchase
03403,992.519,1296,959.911,1394,1007.13,1223,1013.53,1080,1071.573,894,1275.235,1289,1256.599,1385,1426.972,1180,1508.388,444,1669.608,648,1790.272,834,1998.998,807,1997.314,1202,2242.327,477,2490.796,563,2283.709,907,2573.924,1012,2366.7,501,5.53,5.49,3.94,-3.2854,4.9191,0.6355,5.7268,19.0059,-1.4614,13.5583,5.7055,10.6882,7.2271,11.6589,-0.0842,12.2671,11.0809,-8.3141,12.7081,-8.0509,house_purchase
03404,1082.83,655,1024.735,729,1002.632,459,1072.267,428,1086.244,575,1138.712,663,1244.739,518,1296.185,475,1531.248,467,1393.323,558,1671.774,396,1777.862,231,1857.918,317,2174.444,222,2361.226,277,2178.295,675,2273.739,755,2237.978,280,4.69,6.06,4.14,-5.3651,-2.1569,6.9452,1.3035,4.8302,9.3111,4.1331,18.135,-9.0074,19.9847,6.3458,4.5029,17.0366,8.5899,-7.7473,4.3816,-1.5728,house_purchase
03405,781.495,430,743.785,466,816.826,314,807.786,516,798.766,409,938.395,515,1016.1,548,1112.965,335,886.604,261,999.323,360,920.527,279,982.743,130,1180.304,157,1513.924,204,1761.544,202,1554.725,362,1520.411,409,1532.123,165,4.76,4.28,6.29,-4.8254,9.8202,-1.1067,-1.1166,17.4806,8.2806,9.533,-20.3386,12.7136,-7.8849,6.7587,20.103,28.2656,16.3562,-11.7408,-2.2071,0.7703,house_purchase
03451,824.931,1660,788.07,1915,821.037,1600,885.166,1690,913.897,1784,948.58,1933,1061.93,1874,1023.084,1078,1125.27,679,1153.549,891,1326.888,954,1505.072,643,1603.639,818,1703.919,602,1946.384,520,1719.708,866,1816.322,1303,1935.613,479,5.38,6.85,4.2,-4.4684,4.1833,7.8107,3.2458,3.7951,11.9494,-3.6581,9.988,2.5131,15.0266,13.4287,6.549,6.2533,14.2298,-11.646,5.618,6.5677,house_purchase
03452,778.27,3808,744.3,3798,809.89,4344,799.676,4345,823.8,2853,873.567,3076,950.358,3398,954.015,2801,953.733,2520,959.53,3827,1047.682,2951,1090.171,1385,1367.43,1341,1553.789,1201,1724.525,1387,1702.667,2045,1715.765,2560,1750.688,976,5.11,6.54,5.23,-4.3648,8.8123,-1.2612,3.0167,6.0412,8.7905,0.3848,-0.0296,0.6078,9.187,4.0555,25.4326,13.6284,10.9884,-1.2675,0.7693,2.0354,house_purchase
03453,655.129,1032,640.042,1576,694.2,1374,724.775,1020,669.861,898,705.949,1067,755.602,1402,796.45,1060,855.165,915,899.506,1294,961.72,896,1037.053,471,1230.084,517,1282.595,708,1524.272,544,1566.872,806,1693.4,1190,1675.058,392,5.86,7.88,6.58,-2.3029,8.4616,4.4044,-7.5767,5.3874,7.0335,5.406,7.3721,5.1851,6.9165,7.8332,18.6134,4.2689,18.8428,2.7948,8.0752,-1.0831,house_purchase
03454,744.332,2555,707.745,3061,734.827,3577,762.358,3143,738.532,2630,755.182,2406,826.173,2664,851.471,4675,802.831,2274,853.558,2140,983.438,1871,1046.874,1152,1092.234,1353,1258.955,1951,1463.485,2192,1518.742,2047,1544.453,2496,1590.335,1053,4.75,6.66,7.99,-4.9154,3.8265,3.7466,-3.1253,2.2545,9.4005,3.0621,-5.7125,6.3185,15.2163,6.4504,4.3329,15.2642,16.246,3.7757,1.6929,2.9708,house_purchase
03455,794.728,1284,781.401,1318,829.093,1138,824.576,1192,822.35,1126,896.374,1446,947.798,1757,952.262,1227,959.52,771,1008.144,991,1110.899,821,1188.813,406,1386.158,676,1670.239,633,1904.031,571,1719.711,875,1628.703,1090,1988.779,494,5.89,8.13,8.33,-1.6769,6.1034,-0.5448,-0.27,9.0015,5.7369,0.471,0.7622,5.0675,10.1925,7.0136,16.6002,20.4941,13.9975,-9.6805,-5.2921,22.1081,house_purchase
03456,876.668,741,819.469,885,862.989,1246,794.143,761,831.154,747,892.278,963,881.938,1242,924.829,2629,882.319,1113,874.854,1190,1077.76,637,1003.906,450,1076.233,697,1193.9,644,1442.11,438,1534.574,583,1530.935,884,1458.25,386,3.4,5.13,6.63,-6.5246,5.3108,-7.9776,4.6605,7.3541,-1.1588,4.8633,-4.5965,-0.8461,23.1931,-6.8525,7.2046,10.9332,20.7898,6.4117,-0.2371,-4.7478,house_purchase
03457,705.24,2029,695.338,2124,708.343,2644,711.374,2330,738.434,2356,807.446,2647,795.946,2931,765.656,2570,791.706,2266,873.377,3536,905.954,2231,997.676,917,1059.505,971,1361.242,1201,1494.924,976,1483.46,1331,1429.679,1652,1476.634,713,4.69,7.1,7.44,-1.4041,1.8703,0.4279,3.8039,9.3457,-1.4242,-3.8055,3.4023,10.3158,3.73,10.1244,6.1973,28.4791,9.8206,-0.7669,-3.6254,3.2843,house_purchase
03458,842.446,1493,809.312,1257,834.409,1025,825.312,1067,893.8,804,879.062,860,946.848,865,997.807,555,1034.493,452,1252.41,590,1322.308,731,1415.629,339,1738.157,878,1758.125,579,2112.721,399,1742.938,837,1741.652,806,2011.105,397,5.72,7.94,3.84,-3.9331,3.101,-1.0902,8.2984,-1.6489,7.7112,5.382,3.6767,21.0651,5.5811,7.0574,22.7834,1.1488,20.169,-17.5027,-0.0738,15.4711,house_purchase
03459,845.01,1553,790.541,1832,782.203,1659,715.846,1928,801.24,1866,835.862,2053,845.985,2182,890.746,1999,959.875,1899,1029.858,2281,1107.42,1916,1240.021,928,1367.581,1027,1466.536,1668,1569.488,2264,1723.795,1966,1683.065,2965,1856.577,1190,4.92,7.69,6.41,-6.446,-1.0547,-8.4833,11.9291,4.3211,1.2111,5.291,7.7608,7.2908,7.5313,11.9739,10.2869,7.2358,7.0201,9.8317,-2.3628,10.3093,house_purchase
03460,751.093,430,710.909,396,816.593,468,747.47,381,815.516,246,828.372,283,878.826,276,906.406,307,1087.0,188,1076.89,381,1162.367,327,1361.557,110,1401.347,162,1522.283,242,1717.239,220,2017.852,324,1748.346,345,2155.835,160,6.87,9.59,9.78,-5.3501,14.866,-8.4648,9.1035,1.5764,6.0907,3.1383,19.9242,-0.9301,7.9374,17.1366,2.9224,8.63,12.8068,17.5056,-13.3561,23.3071,house_purchase
03461,743.458,796,704.448,896,784.177,922,765.158,1056,750.975,818,851.306,886,881.289,740,872.323,513,842.972,600,998.162,562,954.419,618,1057.53,448,1180.501,810,1362.66,855,1562.807,379,1562.338,641,1518.402,1030,1731.393,443,5.41,7.44,8.26,-5.2471,11.3179,-2.4253,-1.8536,13.3601,3.522,-1.0174,-3.3647,18.4099,-4.3824,10.8035,11.6281,15.4307,14.688,-0.03,-2.8122,14.0273,house_purchase
03462,839.432,857,803.924,706,884.124,692,840.886,885,854.112,855,871.268,938,952.678,897,892.143,689,974.324,746,934.509,837,1044.564,609,1230.404,292,1433.457,254,1492.702,393,1825.106,305,1879.428,542,1907.59,697,1738.583,358,4.74,7.32,4.4,-4.23,9.9761,-4.8905,1.5729,2.0086,9.3439,-6.3542,9.2116,-4.0864,11.7768,17.7912,16.503,4.133,22.2686,2.9764,1.4984,-8.8597,house_purchase
04011,1035.236,3031,1010.929,3123,1024.784,2831,1071.871,2021,1091.927,2321,1167.546,2588,1289.432,2238,1397.05,1727,1554.589,1346,1671.503,1764,1736.701,1980,1824.953,1218,2043.099,1928,2334.926,1528,2502.316,1650,2306.338,3343,2281.523,3573,2348.901,1690,5.08,5.52,3.1,-2.348,1.3705,4.5948,1.8711,6.9253,10.4395,8.3462,11.2765,7.5206,3.9006,5.0816,11.9535,14.2835,7.169,-7.8319,-1.0759,2.9532,house_purchase
04012,787.803,327,691.443,451,741.888,330,762.737,344,738.186,400,689.813,418,712.813,431,754.471,274,900.304,257,983.703,347,1037.726,399,1172.093,294,1131.2,402,1251.603,527,1547.372,510,1529.687,567,1637.267,927,1499.533,277,4.27,7.53,6.35,-12.2315,7.2956,2.8103,-3.2188,-6.553,3.3342,5.8442,19.3292,9.2634,5.4918,12.9482,-3.4889,10.6438,23.6312,-1.1429,7.0328,-8.4124,house_purchase
05111,2001.045,2143,1932.811,2163,2087.206,1545,2088.428,1379,2387.381,1474,2624.718,1957,2787.532,2157,2623.121,1942,2852.983,1298,3015.731,1339,3252.753,1583,3616.852,997,4074.342,1053,4461.992,882,4504.605,1046,4344.6,2300,4178.869,2489,4103.777,1009,4.51,4.75,0.26,-3.4099,7.9881,0.0585,14.3147,9.9413,6.2031,-5.8981,8.7629,5.7045,7.8595,11.1936,12.6488,9.5144,0.955,-3.552,-3.8146,-1.7969,house_purchase
05112,1162.977,1924,1103.268,2083,1120.556,1992,1110.279,2270,1081.08,2071,1066.59,2399,1142.045,3176,1188.669,2309,1219.159,1959,1274.791,2521,1375.4,1903,1477.395,1156,1626.452,1332,1872.713,1285,1997.672,1498,2047.765,2037,2010.143,2942,2116.741,1310,3.71,6.03,5.56,-5.1342,1.567,-0.9171,-2.6299,-1.3403,7.0744,4.0825,2.5651,4.5631,7.8922,7.4157,10.0892,15.141,6.6726,2.5076,-1.8372,5.303,house_purchase
05113,1436.131,2105,1405.414,2225,1417.055,2106,1463.692,2418,1480.142,2273,1440.703,2532,1599.144,2713,1705.368,2177,1730.543,1540,1768.013,1340,1899.219,1308,1981.738,872,2285.817,797,2558.393,742,2745.717,842,2765.005,1615,2708.17,2284,2511.214,1668,3.5,4.14,2.12,-2.1389,0.8283,3.2911,1.1239,-2.6645,10.9975,6.6426,1.4762,2.1652,7.4211,4.3449,15.3441,11.9247,7.3219,0.7025,-2.0555,-7.2727,house_purchase
05114,1260.032,2299,1253.563,2287,1292.142,2035,1268.106,2034,1313.82,1903,1352.871,1934,1416.048,2028,1485.908,1670,1567.873,1173,1678.377,1153,1735.92,1199,1818.773,812,2155.089,666,2331.355,723,2631.853,801,2411.887,1570,2241.778,2036,2375.527,834,3.99,5.09,2.32,-0.5134,3.0775,-1.8602,3.6049,2.9723,4.6698,4.9334,5.5162,7.048,3.4285,4.7729,18.4914,8.1791,12.8894,-8.3578,-7.0529,5.9662,house_purchase
05116,1088.515,2940,1058.52,3886,1095.915,3019,1102.422,3113,1139.396,2659,1098.454,2962,1088.352,2938,1232.978,3074,1252.501,1655,1358.554,1676,1473.503,1631,1552.93,988,1696.364,1361,1972.6,1142,2162.398,1244,2060.127,2057,2026.438,2433,2081.18,1005,4.05,5.54,4.45,-2.7556,3.5328,0.5938,3.3539,-3.5933,-0.9197,13.2885,1.5834,8.4673,8.4611,5.3904,9.2363,16.284,9.6217,-4.7295,-1.6353,2.7014,house_purchase
05117,1446.267,965,1393.919,988,1417.913,836,1460.053,876,1479.295,839,1454.922,1123,1534.005,1179,1680.465,1113,1572.299,674,1742.457,609,1864.906,511,1988.275,310,2188.947,450,2377.311,300,2720.998,299,2628.517,749,2582.625,807,2371.964,346,3.15,3.79,1.95,-3.6195,1.7213,2.972,1.3179,-1.6476,5.4355,9.5476,-6.4367,10.8222,7.0274,6.6153,10.0928,8.6052,14.457,-3.3988,-1.7459,-8.1569,house_purchase
05119,1163.937,703,1103.768,789,1080.205,882,1107.981,1181,1113.951,1085,1129.328,1265,1136.426,1528,1173.247,1073,1205.458,762,1292.799,587,1416.556,479,1466.387,394,1603.538,408,1805.776,345,2049.861,454,2044.385,781,2150.701,1068,2314.19,480,4.24,7.11,7.73,-5.1694,-2.1348,2.5714,0.5388,1.3804,0.6285,3.2401,2.7455,7.2455,9.5728,3.5178,9.353,12.612,13.5169,-0.2671,5.2004,7.6017,house_purchase
05120,1182.97,443,1148.191,989,1107.526,832,1138.958,704,1129.487,878,1136.619,841,1132.182,1184,1081.238,1727,1257.576,628,1277.771,788,1285.236,755,1414.759,438,1765.921,419,1936.235,440,2152.949,294,2326.361,810,1885.406,1071,1894.835,452,3.24,6.38,2.09,-2.94,-3.5417,2.838,-0.8315,0.6314,-0.3904,-4.4996,16.3089,1.6059,0.5842,10.0778,24.8213,9.6445,11.1925,8.0546,-18.9547,0.5001,house_purchase
05122,1263.054,1724,1207.735,1765,1196.372,1537,1240.557,1951,1226.835,1518,1248.888,1374,1297.218,1294,1278.053,1198,1360.595,861,1537.115,698,1531.958,906,1587.603,632,1953.178,586,2239.162,583,2379.167,597,2271.841,1157,2160.065,1538,2056.381,831,3.17,5.24,1.33,-4.3798,-0.9409,3.6932,-1.1061,1.7976,3.8698,-1.4774,6.4584,12.9737,-0.3355,3.6323,23.0269,14.642,6.2526,-4.5111,-4.9201,-4.8,house_purchase
05124,1316.486,1760,1222.981,2694,1186.258,2529,1197.503,2448,1204.512,2453,1215.692,3423,1202.153,2954,1090.909,4562,1382.618,1539,1413.736,1351,1504.75,1356,1578.114,1158,1878.082,916,2110.174,634,2307.813,742,2235.027,1421,2103.809,2354,2104.188,1226,3.18,7.2,2.54,-7.1026,-3.0027,0.9479,0.5853,0.9282,-1.1137,-9.2537,26.74,2.2507,6.4378,4.8755,19.008,12.3579,9.366,-3.1539,-5.871,0.018,house_purchase
05154,1052.517,3488,1004.663,3431,1017.676,3395,1017.252,4384,1016.148,3378,995.035,3524,1004.908,3900,948.728,4191,1094.902,3302,1134.071,4132,1205.989,3105,1275.783,1677,1435.427,2457,1459.745,2900,1767.644,2113,1752.305,2930,1804.516,3268,1816.038,1372,3.48,6.92,5.11,-4.5466,1.2953,-0.0417,-0.1085,-2.0777,0.9922,-5.5906,15.4074,3.5774,6.3416,5.7873,12.5134,1.6941,21.0927,-0.8678,2.9796,0.6385,house_purchase
05158,1475.249,5626,1396.16,4869,1389.905,4259,1447.149,3731,1482.698,3657,1533.375,3665,1598.349,3790,1667.341,3118,1796.619,2192,1890.976,2430,2031.534,2137,2066.407,1435,2273.654,1494,2598.722,1326,2763.496,1437,2654.685,3141,2741.753,3140,2633.566,2046,3.59,4.82,3.21,-5.3611,-0.448,4.1186,2.4565,3.4179,4.2373,4.3165,7.7535,5.2519,7.4331,1.7166,10.0293,14.2972,6.3406,-3.9374,3.2798,-3.9459,house_purchase
05162,1355.627,5629,1298.438,5561,1331.113,4654,1359.839,4305,1401.684,3629,1433.057,4708,1471.943,4828,1543.807,4262,1682.021,3023,1743.656,3166,2090.929,2751,2115.873,1658,2230.707,1833,2552.681,1802,2758.988,2127,2613.037,4198,2722.04,4703,2756.194,1906,4.42,6.18,4.53,-4.2186,2.5165,2.158,3.0772,2.2382,2.7135,4.8823,8.9528,3.6643,19.9164,1.193,5.4273,14.4337,8.082,-5.29,4.1715,1.2547,house_purchase
05166,1136.748,5498,1082.441,4627,1097.13,4675,1075.155,4731,1149.093,4201,1160.757,4660,1157.472,4649,1115.643,4359,1225.777,2763,1264.081,3496,1388.997,3410,1390.715,2410,1564.189,3556,1731.396,2517,2120.981,1826,2095.141,3149,1988.788,3809,2171.084,1388,4.12,7.15,7.21,-4.7774,1.357,-2.003,6.877,1.0151,-0.283,-3.6138,9.8718,3.1249,9.882,0.1237,12.4737,10.6897,22.5012,-1.2183,-5.0762,9.1662,house_purchase
05170,1124.758,3602,1097.768,3355,1150.335,3569,1100.009,3523,1156.883,2852,1149.782,3763,1131.828,4379,1163.472,4127,1249.47,2942,1266.468,3594,1414.705,3247,1488.029,1892,1549.929,3373,1682.845,2550,2007.463,1878,2144.392,3370,2111.483,3080,2019.731,1281,3.67,5.86,5.76,-2.3996,4.7885,-4.3749,5.1703,-0.6138,-1.5615,2.7958,7.3915,1.3604,11.7048,5.183,4.1599,8.5756,19.2898,6.821,-1.5347,-4.3454,house_purchase
05314,1521.431,2246,1527.131,2211,1540.906,1418,1599.261,1335,1732.63,1128,1899.745,1357,1928.463,1453,2017.027,1373,2205.511,1203,2325.426,1014,2491.721,1117,2647.4,659,3052.418,703,3408.511,567,3835.668,631,3512.686,1348,3816.86,1657,3876.198,782,5.8,6.95,5.2,0.3746,0.902,3.7871,8.3394,9.6452,1.5117,4.5925,9.3446,5.4371,7.1512,6.2479,15.2987,11.6659,12.5321,-8.4205,8.6593,1.5546,house_purchase
05315,1615.49,5037,1566.693,4833,1620.095,3973,1683.508,4007,1770.843,3232,1975.613,4143,2020.149,4237,2105.063,3151,2376.734,2080,2617.795,2313,2887.272,2172,3130.786,1371,3596.048,1566,4005.674,1637,4269.215,1720,3869.03,3612,4173.339,4704,4097.722,1741,5.81,7.13,2.93,-3.0206,3.4086,3.9142,5.1877,11.5634,2.2543,4.2034,12.9056,10.1425,10.294,8.4341,14.8609,11.391,6.5792,-9.3737,7.8653,-1.8119,house_purchase
05316,1387.395,1348,1319.738,1189,1369.292,976,1398.029,960,1465.142,820,1509.467,991,1593.239,900,1625.219,666,1788.226,398,1911.093,401,1996.961,553,2135.692,274,2577.981,252,2794.965,256,2951.288,225,2804.561,621,2572.823,1001,2758.254,415,4.32,5.7,1.6,-4.8765,3.7548,2.0987,4.8005,3.0253,5.5498,2.0072,10.0298,6.8709,4.4931,6.9471,20.7094,8.4168,5.593,-4.9716,-8.2629,7.2073,house_purchase
05334,1114.179,4340,1052.415,5434,1114.112,4405,1119.505,4865,1181.86,3571,1262.294,4627,1265.622,5021,1192.401,5261,1314.323,3689,1436.094,3456,1541.313,3183,1524.379,1939,1679.503,1875,1901.92,1914,2134.985,1970,2115.625,3623,2146.691,4267,2195.089,1703,4.23,6.42,5.66,-5.5435,5.8624,0.4841,5.5699,6.8057,0.2636,-5.7854,10.2249,9.2649,7.3267,-1.0987,10.1762,13.243,12.2542,-0.9068,1.4684,2.2545,house_purchase
05358,901.491,2860,851.39,3731,909.213,3652,923.805,3497,894.433,3117,890.327,3484,897.019,4113,932.611,4652,1070.585,3832,1128.954,3485,1200.611,3207,1219.528,1992,1349.986,2040,1567.941,2211,1910.233,2180,1811.243,3896,1866.502,3852,1793.128,1512,4.39,7.08,6.38,-5.5576,6.7916,1.6049,-3.1795,-0.4591,0.7516,3.9678,14.7944,5.4521,6.3472,1.5756,10.6974,16.145,21.8307,-5.1821,3.0509,-3.9311,house_purchase
05362,1183.583,7194,1145.391,7265,1183.113,6436,1176.615,5783,1211.448,5028,1276.356,5447,1290.68,6274,1319.069,5199,1412.307,3596,1527.751,3305,1738.741,2758,1842.064,1752,2102.854,2161,2417.404,1888,2598.173,2174,2536.223,4021,2567.787,4807,2569.045,2004,4.8,7.05,4.27,-3.2268,3.2934,-0.5492,2.9604,5.3579,1.1223,2.1995,7.0685,8.1741,13.8105,5.9424,14.1575,14.9582,7.4778,-2.3844,1.2445,0.049,house_purchase
05366,885.133,2331,840.083,2753,841.765,2653,833.249,2630,835.661,2342,882.461,2571,903.124,3826,871.518,4835,900.385,3192,995.776,3747,1090.218,3081,1209.845,1802,1276.035,1769,1363.779,1903,1651.099,1941,1768.854,2592,1847.62,2621,1926.166,1094,4.85,8.36,8.76,-5.0896,0.2002,-1.0117,0.2895,5.6004,2.3415,-3.4996,3.3123,10.5945,9.4843,10.9728,5.4709,6.8763,21.0679,7.1319,4.4529,4.2512,house_purchase
05370,938.777,3997,886.598,4269,900.35,3259,900.024,3129,907.645,2559,921.327,3557,908.202,3435,939.133,3942,1007.906,3115,1035.46,3206,1168.527,2905,1213.854,2624,1368.85,4661,1475.088,3605,1780.825,2008,1713.905,4158,1706.733,4179,1832.287,1861,4.21,7.12,6.33,-5.5582,1.5511,-0.0362,0.8468,1.5074,-1.4246,3.4057,7.323,2.7338,12.851,3.879,12.7689,7.7611,20.7267,-3.7578,-0.4185,7.3564,house_purchase
05374,944.709,2005,869.094,2774,883.515,2173,905.033,2336,868.363,2064,876.872,3492,875.826,3675,895.725,2964,958.927,3294,977.647,2780,1047.94,3170,1107.182,2702,1191.478,2059,1393.093,2327,1619.615,2157,1635.115,3569,1632.56,3383,1657.398,1554,3.54,6.5,7.1,-8.0041,1.6593,2.4355,-4.0518,0.9799,-0.1193,2.272,7.056,1.9522,7.19,5.6532,7.6136,16.9214,16.2604,0.957,-0.1563,1.5214,house_purchase
05378,1333.908,4105,1288.826,4125,1263.188,3675,1279.152,4333,1322.521,3044,1384.785,3678,1423.857,3982,1454.736,3612,1481.469,2733,1625.067,2052,1726.797,1908,1831.763,1377,2093.245,1335,2365.092,1113,2618.948,1126,2536.013,2509,2529.996,3198,2486.902,1262,3.87,5.68,3.72,-3.3797,-1.9893,1.2638,3.3904,4.708,2.8215,2.1687,1.8377,9.6929,6.26,6.0787,14.2749,12.9869,10.7335,-3.1667,-0.2373,-1.7033,house_purchase
05382,1141.428,9670,1093.956,10332,1103.289,9238,1107.05,7496,1140.577,6588,1179.201,7104,1181.387,9008,1219.956,7655,1325.129,5303,1464.381,4645,1622.082,4061,1715.388,2422,1910.021,2900,2007.096,2560,2401.152,3123,2392.742,5959,2446.487,7059,2446.396,2799,4.74,7.36,5.32,-4.159,0.8531,0.3409,3.0285,3.3864,0.1854,3.2647,8.621,10.5086,10.7691,5.7522,11.3463,5.0824,19.6331,-0.3502,2.2462,-0.0037,house_purchase
05512,1192.869,545,1167.839,496,1133.488,536,1140.714,525,1201.19,556,1200.929,576,1271.811,541,1165.467,416,1338.049,391,1427.803,446,1668.331,385,1704.63,165,1806.148,152,2060.451,174,2393.103,145,2116.502,292,2067.097,435,1977.014,302,3.35,5.85,2.39,-2.0983,-2.9414,0.6375,5.3016,-0.0217,5.9023,-8.3616,14.808,6.7078,16.846,2.1758,5.9554,14.0799,16.1446,-11.5583,-2.3343,-4.3579,house_purchase
05513,1111.979,625,1058.424,698,1058.697,668,1042.408,845,981.618,845,914.972,1224,1020.803,1308,1057.785,1049,1032.393,1092,1120.842,1064,1221.668,801,1254.469,643,1186.722,810,1541.916,531,1745.518,571,1763.269,671,1690.698,1493,1801.176,692,3.25,5.9,9.31,-4.8162,0.0258,-1.5386,-5.8317,-6.7894,11.5666,3.6228,-2.4005,8.5674,8.9956,2.6849,-5.4005,29.9307,13.2045,1.0169,-4.1157,6.5345,house_purchase
05515,1234.562,1733,1293.397,1389,1303.174,1056,1380.202,903,1464.85,720,1571.936,766,1694.443,840,1833.052,718,2048.357,556,2317.264,591,2373.533,972,2520.976,496,2934.015,455,3248.47,430,3476.039,499,3240.757,1221,3249.895,1343,3144.101,556,5.81,5.79,1.6,4.7657,0.7559,5.9108,6.133,7.3104,7.7934,8.1802,11.7457,13.1279,2.4283,6.212,16.3841,10.7176,7.0054,-6.7687,0.282,-3.2553,house_purchase
05554,943.035,2026,904.803,2336,916.378,3155,919.119,2265,1025.295,1538,1035.957,2140,1009.405,2473,976.466,3030,1065.719,1776,1133.043,1844,1189.953,1888,1245.337,1438,1539.326,1209,1680.838,1261,2030.366,1612,1919.689,1935,1772.085,3984,1878.814,820,4.46,7.16,4.57,-4.0541,1.2793,0.2991,11.5519,1.0399,-2.563,-3.2632,9.1404,6.3172,5.0228,4.6543,23.6072,9.1931,20.7949,-5.4511,-7.689,6.0228,house_purchase
05558,985.973,2353,996.124,2115,997.544,2320,1032.949,1804,994.737,1309,1032.561,1593,1099.452,1384,1043.688,1688,1181.15,1191,1292.978,1062,1292.057,975,1447.439,1105,1661.827,803,1599.257,661,1932.18,774,1924.971,1222,1777.791,2496,2046.622,623,4.69,7.36,4.83,1.0295,0.1426,3.5492,-3.6993,3.8024,6.4782,-5.072,13.1708,9.4677,-0.0712,12.0259,14.8115,-3.7651,20.8174,-0.3731,-7.6458,15.1216,house_purchase
05562,1097.817,4676,1048.777,4158,1079.105,4265,1114.08,4758,1107.485,4285,1113.56,5129,1110.706,5808,1108.883,5178,1146.368,3584,1239.114,3571,1331.888,3062,1387.32,2072,1575.27,1612,1796.369,1646,2010.029,1801,2023.319,3867,1863.858,6149,2141.017,1895,4.2,7.02,6.72,-4.467,2.8917,3.2411,-0.592,0.5485,-0.2563,-0.1641,3.3804,8.0904,7.4871,4.1619,13.5477,14.0356,11.894,0.6612,-7.8812,14.8702,house_purchase
05566,890.929,2987,849.517,3082,841.465,2895,847.856,2400,879.097,2576,876.229,3684,931.785,2866,966.231,2352,1035.318,1794,1093.631,2093,1176.048,1955,1494.658,2033,1567.626,1702,1697.747,1596,1934.302,1193,1851.787,2481,1908.448,3053,2034.768,1481,5.21,7.99,5.53,-4.6482,-0.9478,0.7595,3.6847,-0.3262,6.3404,3.6968,7.1502,5.6324,7.5361,27.0916,4.8819,8.3005,13.9335,-4.2659,3.0598,6.619,house_purchase
05570,923.675,1774,872.083,2000,911.749,1867,889.741,1468,984.785,1311,983.481,1401,1067.166,1281,999.612,1577,1104.829,1447,1186.608,934,1345.134,874,1579.523,712,1592.732,505,1606.266,510,1987.922,497,1902.82,1266,1797.562,2354,2105.628,821,5.34,8.15,6.39,-5.5855,4.5484,-2.4138,10.6822,-0.1324,8.5091,-6.3302,10.5258,7.402,13.3596,17.425,0.8363,0.8497,23.7604,-4.281,-5.5317,17.138,house_purchase
05711,1119.706,1538,1166.84,2795,1026.142,2103,1155.038,1707,1219.317,1514,1183.509,2073,1309.224,2018,1228.878,1376,1349.531,917,1496.734,1067,1607.562,1197,1647.91,583,1926.063,514,2140.905,514,2523.255,608,2259.853,1573,2116.873,2613,2326.482,1149,4.79,6.97,4.43,4.2095,-12.058,12.5612,5.5651,-2.9367,10.6222,-6.1369,9.8181,10.9077,7.4047,2.5099,16.8791,11.1545,17.8593,-10.439,-6.327,9.9018,house_purchase
05754,1013.406,1896,955.738,2348,971.981,2934,1014.441,2572,1037.254,1947,1043.434,2551,1108.301,1814,1146.544,1515,1179.033,1112,1355.795,1126,1381.62,1128,1433.108,761,1740.805,786,1958.269,656,2193.963,842,2217.266,2230,2029.231,3153,2165.734,1521,4.8,6.88,4.77,-5.6905,1.6995,4.3684,2.2488,0.5958,6.2167,3.4506,2.8336,14.9921,1.9048,3.7266,21.4706,12.4922,12.0358,1.0621,-8.4805,6.7268,house_purchase
05758,833.632,1724,789.206,2044,812.167,2275,826.896,2099,895.176,2690,904.627,2615,903.656,2291,889.376,1675,941.585,1493,990.02,1578,1073.869,1662,1057.711,1385,1290.11,842,1623.347,985,1834.55,1259,1770.412,1993,1664.722,3147,1703.674,1174,4.63,7.17,6.34,-5.3292,2.9094,1.8135,8.2574,1.0558,-0.1073,-1.5802,5.8703,5.144,8.4694,-1.5047,21.9719,25.8301,13.0103,-3.4961,-5.9698,2.3399,house_purchase
05762,651.995,626,541.637,1527,558.485,701,570.963,620,558.138,617,603.836,1063,615.255,1162,680.222,1341,636.354,1576,631.849,1457,691.18,1144,773.918,1827,865.377,1483,868.646,1031,1083.861,1108,1405.459,1886,1171.67,2209,1226.289,769,4.45,6.89,8.57,-16.9262,3.1106,2.2343,-2.2462,8.1876,1.8911,10.5594,-6.4491,-0.7079,9.3901,11.9705,11.8177,0.3778,24.7759,29.6715,-16.6344,4.6616,house_purchase
05766,930.079,2745,824.363,2872,860.896,2763,869.17,3709,919.494,3300,847.604,3482,890.589,3502,886.719,3064,886.332,2849,960.372,3075,1024.049,3060,1012.799,2884,1190.659,2114,1362.832,1715,1536.667,1585,1635.492,2627,1608.509,4682,1620.087,2545,3.57,6.41,6.54,-11.3663,4.4317,0.9611,5.7899,-7.8184,5.0714,-0.4345,-0.0436,8.3535,6.6305,-1.0986,17.5612,14.4603,12.7554,6.4311,-1.6498,0.7198,house_purchase
05770,785.944,1868,752.706,2765,745.277,2364,756.055,4099,803.534,4232,744.865,3956,786.665,2601,780.74,2507,815.335,1898,894.879,2411,967.314,1953,1021.746,1397,1219.351,1823,1317.815,1415,1583.028,1278,1535.284,2180,1533.585,3010,1473.439,1142,4.03,6.84,4.23,-4.2291,-0.987,1.4462,6.2798,-7.3014,5.6118,-0.7532,4.4311,9.756,8.0944,5.6271,19.3399,8.0751,20.1252,-3.016,-0.1107,-3.9219,house_purchase
05774,948.644,2562,869.189,2477,900.338,1776,901.359,1214,923.037,1286,946.445,1814,999.512,1578,1036.934,1288,1065.304,1198,1182.886,1112,1214.684,1345,1251.082,986,1281.582,1087,1715.858,813,1961.045,725,2147.509,1550,1981.093,1653,1888.438,1114,4.52,6.72,9.05,-8.3756,3.5837,0.1134,2.405,2.536,5.607,3.744,2.736,11.0374,2.6882,2.9965,2.4379,33.8859,14.2895,9.5084,-7.7493,-4.677,house_purchase
05911,1300.861,1260,1206.084,1488,1170.466,1280,1274.854,1247,1310.344,1185,1283.846,1374,1368.038,1400,1332.035,1401,1409.642,970,1571.327,770,1707.215,851,1645.326,532,1963.014,680,2122.565,559,2511.727,448,2393.856,1142,2048.862,1969,2492.533,777,4.35,7.06,5.8,-7.2857,-2.9532,8.9185,2.7838,-2.0222,6.5578,-2.6317,5.8262,11.4699,8.648,-3.6251,19.3085,8.1279,18.3345,-4.6928,-14.4116,21.6545,house_purchase
05913,1230.069,4269,1166.825,4431,1201.864,4313,1195.67,3693,1197.992,2956,1226.367,3218,1209.16,3603,1286.377,2988,1378.935,2371,1513.732,2021,1682.079,2095,1824.433,1216,2012.518,1053,2388.342,923,2538.014,1058,2320.404,2377,2152.615,4265,2270.788,1690,3.9,6.15,2.93,-5.1415,3.0029,-0.5154,0.1942,2.3685,-1.4031,6.386,7.1952,9.7754,11.1213,8.463,10.3092,18.6743,6.2668,-8.574,-7.231,5.4897,house_purchase
05914,1128.535,652,1136.734,759,1086.09,784,1110.093,880,1054.849,683,1049.467,949,1118.786,903,1042.878,1224,1155.602,680,1281.452,686,1315.186,700,1270.206,565,1440.8,443,1627.928,518,1864.323,530,1825.686,875,1836.51,1024,1816.651,718,3.07,5.93,4.99,0.7265,-4.4552,2.21,-4.9765,-0.5102,6.6052,-6.7849,10.8089,10.8904,2.6325,-3.42,13.4304,12.9878,14.5212,-2.0724,0.5929,-1.0813,house_purchase
05915,1019.804,701,957.626,869,1009.278,655,968.906,895,990.918,492,1041.195,511,1076.043,835,979.698,877,1064.43,562,1179.43,587,1287.716,583,1254.714,519,1603.211,416,1930.558,332,2390.058,662,2138.289,970,1910.085,1570,1974.978,716,4.55,8.03,5.28,-6.0971,5.3938,-4.0001,2.2718,5.0738,3.3469,-8.9536,8.6488,10.8039,9.1812,-2.5628,27.775,20.4182,23.8014,-10.534,-10.6723,3.3974,house_purchase
05916,1064.63,340,1056.535,423,1054.786,564,1086.643,660,1050.163,558,1001.66,711,973.868,843,1052.558,751,1074.74,587,1203.212,649,1322.373,391,1350.129,313,1373.386,358,1736.272,279,1936.129,288,1960.647,423,1716.284,1154,1876.686,502,3.72,6.39,7.22,-0.7604,-0.1655,3.0202,-3.3571,-4.6186,-2.7746,8.0802,2.1074,11.9538,9.9036,2.099,1.7226,26.4227,11.5107,1.2663,-12.4634,9.3459,house_purchase
05954,1240.925,1993,1197.62,2277,1195.156,2148,1220.789,2389,1219.463,1950,1194.128,2189,1204.056,2944,1113.988,5943,1269.19,1413,1403.381,1650,1454.033,1974,1479.506,1241,1640.173,1051,1875.673,1156,2212.6,994,2268.068,2088,2286.526,2558,2153.24,1289,3.54,7.05,5.96,-3.4897,-0.2057,2.1447,-0.1086,-2.0776,0.8314,-7.4804,13.9321,10.573,3.6093,1.7519,10.8595,14.3582,17.963,2.5069,0.8138,-5.8292,house_purchase
05958,812.764,1543,737.453,2359,702.447,1287,821.54,2534,746.35,1595,729.649,2353,712.025,2509,759.298,1934,758.628,2139,827.09,2186,903.909,1663,901.764,1302,938.186,1182,1100.128,1655,1368.486,1450,1410.125,1626,1354.806,2491,1491.049,703,4.04,7.29,10.17,-9.266,-4.7469,16.954,-9.1523,-2.2377,-2.4154,6.6392,-0.0882,9.0244,9.2879,-0.2373,4.039,17.2612,24.3933,3.0427,-3.923,10.0563,house_purchase
05962,984.193,2745,940.17,3236,927.033,2849,941.005,2502,920.614,2596,900.721,3070,896.927,3237,901.541,4564,931.702,3118,1009.68,3255,1063.852,3266,1079.028,2985,1157.277,1972,1334.944,2248,1541.591,1769,1532.531,2077,1432.086,4039,1538.251,981,2.84,5.69,6.22,-4.473,-1.3973,1.5072,-2.1669,-2.1608,-0.4212,0.5144,3.3455,8.3694,5.3653,1.4265,7.2518,15.3522,15.4798,-0.5877,-6.5542,7.4133,house_purchase
05966,885.946,685,833.727,910,841.309,760,784.836,612,831.776,586,797.551,796,870.99,1187,939.564,1210,895.872,778,894.598,667,950.218,612,932.579,469,1036.275,350,1222.428,459,1448.287,501,1603.597,849,1422.922,1472,1420.817,582,3.16,4.64,7.15,-5.8942,0.9094,-6.7125,5.9809,-4.1147,9.2081,7.8731,-4.6502,-0.1422,6.2173,-1.8563,11.1193,17.9637,18.4763,10.7237,-11.2669,-0.1479,house_purchase
05970,916.348,1576,828.73,2347,836.87,1484,862.251,1692,858.046,1637,804.088,1540,726.143,2149,923.105,2293,914.811,2105,941.572,1968,1041.047,1454,969.788,1091,1155.968,1262,1341.364,1616,1517.251,1208,1566.734,2091,1407.341,3236,1537.209,593,3.62,5.64,6.29,-9.5617,0.9822,3.0328,-0.4877,-6.2885,-9.6936,27.1244,-0.8985,2.9253,10.5648,-6.8449,19.198,16.0382,13.1125,3.2614,-10.1736,9.2279,house_purchase
05974,915.359,2682,853.49,3222,841.037,1934,909.619,3057,898.91,1802,888.199,1611,864.719,2176,889.425,1945,942.465,1873,1038.142,1679,1040.618,1862,969.9,2004,1231.939,960,1359.614,858,1550.329,969,1596.429,1798,1550.308,2635,1491.769,914,3.24,5.73,4.14,-6.759,-1.4591,8.1545,-1.1773,-1.1916,-2.6436,2.8571,5.9634,10.1518,0.2385,-6.7958,27.0171,10.3637,14.0271,2.9736,-2.889,-3.776,house_purchase
05978,1068.617,3907,1028.722,3671,1037.715,3574,1059.127,3651,1052.882,2814,1051.087,3202,1070.601,3945,1086.31,3023,1138.144,2896,1205.302,3191,1343.453,2829,1274.48,1997,1490.272,1423,1670.254,1123,2027.441,1300,1876.401,2775,1803.678,5584,2087.296,1751,4.33,7.18,7.57,-3.7333,0.8742,2.0634,-0.5896,-0.1705,1.8566,1.4673,4.7716,5.9007,11.4619,-5.134,16.9318,12.0771,21.3852,-7.4498,-3.8757,15.7244,house_purchase
06411,1737.179,1042,1632.387,833,1655.699,791,1591.221,911,1793.449,452,2019.03,581,2007.977,614,2166.517,457,2282.852,306,2578.657,280,2644.182,238,2988.173,154,3328.364,202,3714.851,242,3962.369,276,3674.581,588,3851.207,648,4313.085,331,5.72,7.31,5.56,-6.0323,1.4281,-3.8943,12.709,12.5781,-0.5474,7.8955,5.3697,12.9577,2.5411,13.0094,11.3846,11.6119,6.6629,-7.263,4.8067,11.9931,house_purchase
06412,1962.07,3762,1879.769,2900,1947.806,2431,2045.363,2756,2331.455,1815,2563.428,1909,2536.651,2153,2884.13,1386,3103.579,1104,3339.639,1152,3771.107,1144,3879.918,867,4646.692,1002,5145.851,965,5723.081,1037,4717.35,1838,4599.092,2424,4561.46,893,5.46,5.18,0.21,-4.1946,3.6194,5.0086,13.9873,9.9497,-1.0446,13.6983,7.6088,7.6061,12.9196,2.8854,19.7626,10.7422,11.2174,-17.5732,-2.5069,-0.8182,house_purchase
06413,1600.676,771,1495.479,750,1523.076,1092,1619.971,1147,1658.978,601,1744.955,591,1802.97,499,1942.092,362,2063.218,271,2400.579,219,2558.227,345,2548.917,272,3024.643,286,3406.434,258,3901.634,173,3263.695,347,3375.504,658,3110.041,195,4.36,5.38,1.27,-6.572,1.8454,6.3618,2.4079,5.1825,3.3247,7.7163,6.2369,16.3512,6.5671,-0.3639,18.6638,12.6227,14.5372,-16.3506,3.4258,-7.8644,house_purchase
06414,1859.652,2882,1734.381,2724,1805.779,2099,1957.231,1498,2135.592,1333,2322.166,1114,2446.24,1159,2514.697,1245,2651.648,1016,2742.24,943,3040.522,874,3281.904,822,3631.545,945,3967.744,1006,4178.675,1144,3855.326,1850,3694.378,2328,3844.273,1057,4.52,4.51,1.34,-6.7363,4.1166,8.3871,9.1129,8.7364,5.343,2.7985,5.446,3.4164,10.8773,7.9388,10.6536,9.2577,5.3161,-7.7381,-4.1747,4.0574,house_purchase
06431,1265.3,3591,1209.192,3030,1227.596,3251,1224.14,2596,1196.518,1939,1279.841,2658,1251.209,2965,1334.977,3438,1413.428,2889,1451.212,2915,1548.064,2033,1649.638,1378,2112.017,1760,2124.351,1140,2416.833,1334,2502.124,2587,2662.902,2573,2466.721,1104,4.28,6.68,3.39,-4.4344,1.522,-0.2815,-2.2564,6.9638,-2.2372,6.695,5.8766,2.6732,6.6739,6.5614,28.0291,0.584,13.7681,3.529,6.4257,-7.3672,house_purchase
06432,1359.231,5357,1304.693,5087,1328.588,4657,1400.962,5052,1429.877,2650,1444.824,3086,1474.905,3513,1527.729,2986,1635.8,2447,1761.171,1937,2058.613,1787,2136.089,1236,2302.486,1280,2707.787,1174,2991.855,1206,2763.628,2802,2753.051,3606,2724.217,1278,4.37,6.22,3.81,-4.0124,1.8315,5.4474,2.0639,1.0453,2.082,3.5815,7.074,7.6642,16.8889,3.7635,7.7898,17.6028,10.4908,-7.6283,-0.3827,-1.0473,house_purchase
06433,1332.648,3270,1315.238,3232,1273.556,4563,1315.543,5580,1362.486,1950,1532.963,2288,1521.071,2634,1601.073,1873,1773.513,1304,1956.378,1217,2137.78,1178,2287.717,834,2693.543,914,2987.431,1045,3262.949,1212,3036.557,2102,3067.632,2576,2986.505,935,5.06,6.67,2.31,-1.3064,-3.1692,3.2968,3.5683,12.5122,-0.7758,5.2596,10.7703,10.3109,9.2723,7.0137,17.7393,10.9108,9.2226,-6.9383,1.0234,-2.6446,house_purchase
06434,1807.588,7190,1736.635,6115,1806.773,5196,1826.943,4540,1911.181,2739,1912.122,3595,2023.628,3992,2168.685,3067,2338.625,2352,2380.39,2075,2686.886,2115,2824.577,1594,2855.739,1550,3260.454,1256,3513.951,1732,3535.679,3536,3426.277,4511,3579.452,1475,4.21,5.27,4.79,-3.9253,4.0387,1.1164,4.6109,0.0492,5.8315,7.1682,7.8361,1.7859,12.8759,5.1246,1.1032,14.172,7.7749,0.6183,-3.0942,4.4706,house_purchase
06435,1179.938,8594,1163.797,7548,1153.471,5332,1145.331,4470,1130.721,3424,1165.776,4121,1226.944,4285,1300.588,3434,1424.808,2608,1489.244,2847,1502.548,3716,1785.742,2747,1980.866,2132,2333.467,2262,2441.657,2500,2467.805,4203,2399.524,6385,2317.086,2099,4.24,6.2,3.46,-1.368,-0.8873,-0.7057,-1.2756,3.1002,5.247,6.0022,9.5511,4.5224,0.8933,18.8476,10.9268,17.8003,4.6364,1.0709,-2.7669,-3.4356,house_purchase
06436,1814.555,5676,1784.901,5861,1736.1,4502,1739.361,4404,1834.78,2896,2010.839,2901,2132.535,2600,2218.8,1940,2342.37,1372,2596.588,1418,2782.578,1389,3040.67,1202,3464.169,1401,3945.588,1117,4165.387,1419,3732.966,3179,3560.108,7259,3592.952,1470,4.3,5.22,1.08,-1.6342,-2.7341,0.1878,5.4859,9.5956,6.052,4.0452,5.5692,10.853,7.1629,9.2753,13.9278,13.8971,5.5708,-10.3813,-4.6306,0.9226,house_purchase
06437,942.028,1087,898.027,1187,877.186,961,840.185,1174,830.06,702,911.704,1195,948.1,1078,967.763,1196,1044.062,1389,1151.768,1167,1177.608,938,1278.048,729,1375.946,849,1635.281,732,1782.819,705,1869.107,1149,2058.663,1215,2098.262,450,4.99,8.14,8.95,-4.6709,-2.3208,-4.2181,-1.2051,9.8359,3.9921,2.0739,7.8841,10.3161,2.2435,8.5292,7.66,18.8478,9.0222,4.84,10.1415,1.9235,house_purchase
06438,1624.563,5283,1555.34,4846,1553.46,4418,1568.581,4289,1657.25,3065,1727.097,3800,1781.332,3780,1907.49,2008,2057.802,1818,2263.431,1925,2459.113,1896,2617.693,1335,2898.474,1241,3207.209,1022,3470.668,1135,3291.108,2697,3328.482,3823,3273.941,1282,4.33,5.69,2.64,-4.261,-0.1209,0.9734,5.6528,4.2146,3.1402,7.0822,7.8801,9.9927,8.6454,6.4487,10.7263,10.6516,8.2146,-5.1736,1.1356,-1.6386,house_purchase
06439,1201.293,4037,1218.333,3384,1164.926,3514,1161.104,4276,1131.066,2911,1285.628,2406,1359.469,2585,1318.737,3306,1495.806,2092,1617.214,1742,1715.254,1474,1881.312,1374,2093.095,1504,2501.268,1233,2706.159,1713,2614.546,3125,2400.245,4718,2504.381,1346,4.68,6.9,4.09,1.4185,-4.3836,-0.3281,-2.587,13.6652,5.7436,-2.9962,13.4272,8.1166,6.0623,9.6812,11.2572,19.5009,8.1915,-3.3854,-8.1965,4.3386,house_purchase
06440,1197.138,6214,1145.458,5544,1192.737,3986,1157.391,3511,1154.253,3891,1212.392,5382,1233.054,4641,1303.39,3836,1319.618,3089,1518.551,3048,1608.107,3214,1816.239,1864,2016.262,1962,2188.787,1861,2186.757,2454,2363.11,4177,2320.202,8243,2177.277,2684,3.75,5.47,1.71,-4.317,4.1275,-2.9634,-0.2711,5.0369,1.7042,5.7042,1.2451,15.075,5.8975,12.9427,11.013,8.5567,-0.0927,8.0646,-1.8157,-6.16,house_purchase
06531,1013.942,3061,957.739,3705,937.742,1901,851.243,1698,854.926,2498,914.128,2902,971.177,2570,1039.349,2429,1083.294,1843,1093.309,1839,1305.974,1682,1298.067,761,1471.227,848,1697.247,667,1720.729,1306,1822.623,1897,1951.122,2394,1973.05,876,4.23,6.82,6.17,-5.543,-2.0879,-9.2242,0.4327,6.9248,6.2408,7.0195,4.2281,0.9245,19.4515,-0.6054,13.3398,15.3627,1.3835,5.9216,7.0502,1.1239,house_purchase
06532,931.766,3504,896.318,3301,803.256,2387,800.71,1486,838.418,1631,826.464,2654,794.125,2617,846.455,1848,893.903,1532,924.755,1875,1000.116,1991,1000.261,1121,1137.591,1303,1256.045,1507,1516.218,1446,1538.901,2877,1467.839,2814,1654.545,887,3.71,7.17,8.14,-3.8044,-10.3827,-0.317,4.7093,-1.4258,-3.9129,6.5896,5.6055,3.4514,8.1493,0.0145,13.7294,10.4127,20.7137,1.496,-4.6177,12.7198,house_purchase
06533,960.973,3432,909.102,2562,853.397,1611,884.928,1957,860.667,1717,897.24,2319,825.483,2272,870.149,2023,963.624,1597,1026.746,1626,1054.039,1960,1166.971,1484,1311.875,1428,1404.266,1276,1911.799,2667,1921.271,3987,1778.232,3032,1788.327,1437,4.18,7.99,7.36,-5.3978,-6.1275,3.6948,-2.7416,4.2494,-7.9975,5.4109,10.7424,6.5505,2.6582,10.7142,12.4171,7.0427,36.1422,0.4954,-7.445,0.5677,house_purchase
06534,935.936,1690,870.994,2388,798.585,2197,769.996,1324,757.256,1241,773.442,1815,827.558,1537,846.706,1649,1009.871,849,956.239,1230,1003.919,1378,1015.347,945,1067.453,906,1201.384,968,1274.61,1700,1504.998,1769,1568.284,1612,1446.521,635,2.9,5.84,6.63,-6.9387,-8.3134,-3.58,-1.6546,2.1375,6.9968,2.3138,19.2706,-5.3108,4.9862,1.1383,5.1318,12.5468,6.0951,18.0752,4.2051,-7.7641,house_purchase
06535,734.884,2098,657.615,1555,589.484,1052,599.413,1181,594.831,1399,738.064,1986,717.561,1680,593.609,1409,648.491,1202,725.113,1484,813.341,1573,870.861,1469,990.974,1598,1023.056,906,1196.177,1328,1386.805,1528,1261.235,1191,1427.825,678,4.61,9.43,8.05,-10.5144,-10.3603,1.6844,-0.7644,24.0796,-2.7779,-17.2741,9.2455,11.8154,12.1675,7.0721,13.7924,3.2374,16.9219,15.9364,-9.0546,13.2085,house_purchase
06611,1008.231,893,948.631,788,1052.525,499,1016.393,434,1076.516,349,1142.803,384,1208.938,294,1252.738,303,1497.03,275,1555.571,379,1619.037,475,1689.806,304,1925.394,274,2002.708,237,2374.135,204,2033.53,677,2250.503,910,2300.404,283,5.29,6.69,4.22,-5.9113,10.952,-3.4329,5.9153,6.1575,5.7871,3.623,19.5006,3.9105,4.0799,4.3711,13.9417,4.0155,18.5462,-14.3465,10.6698,2.2173,house_purchase
06631,852.032,3017,847.747,2051,821.407,1255,818.306,812,922.217,797,834.065,1244,848.28,925,901.057,662,976.785,575,980.617,769,1067.514,846,1096.26,1029,1200.548,1042,1374.698,640,1367.717,952,1645.016,1423,1749.49,1724,1820.265,983,4.8,7.45,8.93,-0.5029,-3.1071,-0.3775,12.6983,-9.5587,1.7043,6.2216,8.4044,0.3923,8.8615,2.6928,9.5131,14.5059,-0.5078,20.2746,6.3509,4.0455,house_purchase
06632,688.369,1931,607.843,1110,598.493,725,590.607,734,583.868,682,627.86,991,603.31,925,574.399,1043,616.536,869,628.697,1292,672.858,1258,805.864,919,1104.554,846,1083.602,1177,1272.729,1278,1256.545,1760,1186.602,2006,1267.139,768,4.22,8.87,3.1,-11.6981,-1.5382,-1.3176,-1.141,7.5346,-3.9101,-4.7921,7.3358,1.9725,7.0242,19.7673,37.0646,-1.8969,17.4535,-1.2716,-5.5663,6.7872,house_purchase
06633,762.123,3930,727.77,3651,707.661,1390,716.184,1538,689.944,1428,697.996,2009,753.807,2073,779.524,2867,796.518,1770,890.453,1889,1014.993,2089,997.815,1471,1211.404,1239,1236.558,1305,1360.46,847,1572.141,2655,1437.541,4162,1341.27,1234,3.7,6.01,2.48,-4.5075,-2.7631,1.2044,-3.6639,1.1671,7.9959,3.4116,2.18,11.7932,13.9861,-1.6924,21.4057,2.0764,10.0199,15.5595,-8.5616,-6.6969,house_purchase
06634,665.682,1420,645.975,1673,624.648,1387,614.073,1933,567.532,1471,582.388,1353,604.844,1383,654.085,1396,639.068,1004,788.367,1429,833.298,1435,841.139,996,1040.567,1311,1024.379,1198,1235.588,1178,1341.615,1457,1232.735,2138,1105.135,724,3.51,6.06,1.84,-2.9604,-3.3015,-1.693,-7.5791,2.6176,3.8558,8.1411,-2.2959,23.362,5.6992,0.941,23.7093,-1.5557,20.6182,8.5811,-8.1156,-10.351,house_purchase
06635,647.444,882,610.802,1057,603.762,840,629.862,930,619.164,809,600.175,1023,637.589,1139,696.157,1703,671.453,893,657.627,971,771.426,776,800.371,510,1145.191,772,1011.091,780,1218.335,1137,1272.409,1117,1372.815,1231,1692.355,594,6.53,10.29,8.88,-5.6595,-1.1526,4.3229,-1.6985,-3.0669,6.2338,9.1859,-3.5486,-2.0591,17.3045,3.7521,43.0825,-11.7098,20.4971,4.4384,7.891,23.2763,house_purchase
06636,601.379,899,579.044,609,546.821,525,552.177,804,501.802,655,510.724,968,497.815,1189,520.403,1008,542.955,785,657.064,1120,725.805,1141,746.529,898,1046.294,1287,961.88,1265,1244.799,1402,1207.427,2054,1142.008,2736,1186.101,850,4.82,9.56,3.36,-3.714,-5.5649,0.9795,-9.123,1.778,-2.5276,4.5374,4.3336,21.0163,10.4618,2.8553,40.1545,-8.0679,29.4131,-3.0023,-5.4181,3.861,house_purchase
07111,1140.714,652,1105.797,484,1054.104,387,1074.391,368,1214.675,298,1235.244,590,1333.48,457,1417.747,407,1518.551,267,1602.696,277,1817.177,288,1934.491,241,2182.857,419,2266.784,253,2596.09,313,2472.329,895,2570.059,717,2538.032,236,4.99,6.16,3.26,-3.061,-4.6747,1.9246,13.0571,1.6934,7.9528,6.3193,7.1102,5.5411,13.3825,6.4558,12.8388,3.8448,14.5275,-4.7672,3.953,-1.2462,house_purchase
07131,915.706,2091,934.391,1722,918.621,1487,948.754,1438,954.745,1157,919.939,2148,929.808,2005,1015.09,1589,1089.279,1530,1105.72,2045,1114.841,2026,1173.909,1010,1347.276,1028,1651.629,581,1695.039,637,1806.96,1662,1924.813,1778,2035.31,1177,4.98,7.38,8.82,2.0405,-1.6877,3.2802,0.6315,-3.6456,1.0728,9.172,7.3086,1.5093,0.8249,5.2983,14.7684,22.5902,2.6283,6.6029,6.5222,5.7407,house_purchase
07132,701.828,1467,677.418,1780,660.134,1702,660.793,1622,621.457,2049,625.51,3129,612.741,2761,640.77,2101,699.687,1542,760.868,1462,854.945,1638,947.537,1172,1002.322,1440,1142.225,1204,1379.658,1453,1514.926,2398,1468.586,2535,1462.695,1349,4.67,8.8,8.22,-3.4781,-2.5515,0.0998,-5.9528,0.6522,-2.0414,4.5744,9.1947,8.7441,12.3644,10.8302,5.7818,13.9579,20.7869,9.8045,-3.0589,-0.4011,house_purchase
07133,884.271,4179,863.113,2324,847.918,3656,873.424,2359,823.072,1969,843.189,2532,829.209,2087,899.662,2195,957.329,2182,1002.965,2169,1093.565,1718,1172.74,1356,1319.1,1380,1566.057,1535,1920.543,1760,1901.973,3541,2142.69,4711,2202.265,1986,5.77,9.58,11.17,-2.3927,-1.7605,3.0081,-5.7649,2.4441,-1.658,8.4964,6.4099,4.767,9.0332,7.2401,12.4802,18.7216,22.6356,-0.9669,12.6562,2.7804,house_purchase
07134,714.289,1481,579.148,369,689.66,764,567.876,504,545.426,440,591.116,704,628.422,666,569.2,730,603.267,804,602.684,1070,659.421,837,801.227,851,759.367,672,1015.337,866,1124.395,674,1251.527,1755,1413.302,2880,1526.501,1407,5.42,10.83,15.34,-18.9197,19.0818,-17.6586,-3.9533,8.3769,6.3111,-9.4239,5.9851,-0.0966,9.4141,21.5046,-5.2245,33.7083,10.7411,11.3067,12.9262,8.0095,house_purchase
07135,662.108,989,719.27,861,688.937,657,706.587,793,637.033,847,655.616,1053,703.543,1159,682.791,1498,806.871,1670,826.403,1663,762.741,881,846.703,727,1016.448,655,1069.509,834,1284.217,850,1389.432,985,1393.248,1531,1491.589,466,5.25,8.48,8.16,8.6333,-4.2172,2.5619,-9.8437,2.9171,7.3102,-2.9496,18.1725,2.4207,-7.7035,11.0079,20.0478,5.2202,20.0754,8.1929,0.2746,7.0584,house_purchase
07137,908.966,2504,870.866,2795,826.117,2408,847.99,2177,833.402,1738,856.943,2484,888.029,2341,1004.665,2256,1124.702,2340,1151.659,2556,1125.25,1940,1207.59,1280,1296.165,1977,1447.31,1318,1648.638,1307,1720.914,3234,1760.767,3065,1893.393,1164,4.57,6.65,7.96,-4.1916,-5.1384,2.6477,-1.7203,2.8247,3.6275,13.1343,11.948,2.3968,-2.2931,7.3175,7.3349,11.6609,13.9105,4.384,2.3158,7.5323,house_purchase
07138,859.933,2590,827.558,2820,813.821,2942,827.035,2778,804.297,2873,827.778,3817,836.901,3002,897.419,2940,995.392,2308,1006.72,2045,1057.768,2035,1095.269,1307,1278.911,1684,1382.469,1011,1697.671,1195,1726.188,2209,1733.138,3143,1880.116,1203,4.92,7.89,8.29,-3.7648,-1.6599,1.6237,-2.7493,2.9194,1.1021,7.2312,10.9172,1.138,5.0707,3.5453,16.7668,8.0974,22.7999,1.6798,0.4026,8.4805,house_purchase
07140,700.749,1742,672.526,1302,683.894,1087,690.118,1362,647.736,1456,646.242,2099,673.206,2200,750.248,2442,830.31,2237,830.697,2230,809.464,1640,840.967,1106,945.618,1391,1105.864,1323,1247.462,1480,1503.67,1343,1656.523,2609,1726.297,1057,5.7,8.92,12.93,-4.0275,1.6903,0.9101,-6.1413,-0.2306,4.1724,11.444,10.6714,0.0466,-2.556,3.8918,12.4441,16.9462,12.8043,20.5383,10.1653,4.2121,house_purchase
07141,818.808,1409,782.571,1468,757.803,1258,761.26,1157,725.542,1310,782.157,1778,763.008,1999,807.026,1781,895.394,1736,847.09,2585,919.103,2155,1006.985,1287,1251.23,1235,1359.934,1174,1700.889,1837,1757.327,2584,1722.735,2676,1716.105,1342,4.82,8.26,6.94,-4.4256,-3.165,0.4562,-4.692,7.8031,-2.4482,5.769,10.9498,-5.3947,8.5012,9.5617,24.2551,8.6878,25.0714,3.3181,-1.9684,-0.3849,house_purchase
07143,747.689,3335,727.907,3289,688.129,2479,682.653,3026,662.371,3086,640.136,5003,664.473,4056,722.514,3182,851.276,2788,873.085,3560,960.394,3267,1078.639,2190,1091.753,2149,1195.021,2378,1330.696,2481,1468.189,3403,1645.645,4708,1642.514,1797,4.96,8.7,8.61,-2.6458,-5.4647,-0.7958,-2.9711,-3.3569,3.8018,8.7349,17.8214,2.5619,10.0001,12.3121,1.2158,9.4589,11.3534,10.3324,12.0867,-0.1903,house_purchase
07211,1267.121,582,1376.663,756,1293.792,501,1363.936,315,1381.346,218,1346.571,335,1483.197,420,1550.062,423,1516.558,330,1505.505,216,1581.931,211,1635.387,154,2122.53,152,2407.626,188,2534.25,170,2315.774,499,2396.331,658,2608.486,218,4.66,5.78,4.48,8.645,-6.0197,5.4216,1.2765,-2.5175,10.1462,4.5082,-2.1615,-0.7288,5.0764,3.3792,29.7876,13.4319,5.2593,-8.6209,3.4786,8.8533,house_purchase
07231,760.1,1786,714.072,1691,741.487,1260,710.637,1001,664.444,1022,696.024,1302,692.816,1414,790.035,1422,786.098,1723,778.898,1555,782.362,1388,891.004,1402,906.698,997,1148.78,1050,1305.49,1097,1317.508,1366,1610.002,2419,1627.382,1372,4.98,7.92,12.91,-6.0555,3.8392,-4.1606,-6.5002,4.7528,-0.4609,14.0324,-0.4983,-0.9159,0.4447,13.8864,1.7614,26.6993,13.6414,0.9206,22.2005,1.0795,house_purchase
07232,783.03,1180,809.347,1145,697.477,1180,656.19,1699,649.502,2816,717.623,2132,759.001,1426,855.884,1557,920.348,1475,873.007,1722,909.571,1194,962.928,1037,968.69,866,1188.208,1324,1458.614,1086,1559.892,1298,1660.325,1780,1463.012,1743,4.21,6.0,9.38,3.3609,-13.8223,-5.9195,-1.0192,10.4882,5.766,12.7645,7.5319,-5.1438,4.1883,5.8662,0.5984,22.6613,22.7575,6.9434,6.4385,-11.884,house_purchase
07233,641.639,1053,653.582,1079,614.729,807,607.853,790,705.768,584,670.167,930,695.138,1270,733.042,1571,820.895,1573,840.709,1926,785.574,1134,819.607,560,856.644,751,1031.67,938,1281.841,1324,1245.677,2134,1420.208,2030,1480.284,946,5.4,7.68,12.02,1.8613,-5.9446,-1.1185,16.1083,-5.0443,3.7261,5.4527,11.9847,2.4137,-6.5582,4.3322,4.5189,20.4316,24.2491,-2.8213,14.0109,4.2301,house_purchase
07235,892.243,2913,1042.892,2562,1044.051,2665,1032.254,1356,926.752,1077,937.874,1708,922.201,2292,940.106,2648,1057.992,2510,1096.93,1992,1122.303,1833,1143.965,1292,1218.432,959,1469.756,775,1844.577,1144,1951.585,3581,2040.646,6581,2106.345,3468,5.52,8.67,11.94,16.8843,0.1111,-1.1299,-10.2205,1.2001,-1.6711,1.9416,12.5396,3.6804,2.3131,1.9301,6.5096,20.6268,25.5023,5.8012,4.5635,3.2195,house_purchase
07311,1207.003,393,1183.299,349,1236.723,391,1336.198,393,1336.962,435,1343.527,628,1367.399,582,1446.434,397,1608.133,242,1788.641,302,1816.174,157,2006.098,123,2149.516,116,2512.105,100,2842.238,97,2494.182,216,2634.232,326,2532.743,95,4.69,6.11,3.91,-1.9639,4.5148,8.0434,0.0572,0.491,1.7768,5.78,11.1791,11.2247,1.5393,10.4574,7.1491,16.8684,13.1417,-12.2458,5.6151,-3.8527,house_purchase
07312,1080.083,1145,1068.651,1483,1080.143,1832,1058.29,693,1111.63,1091,1176.982,993,1208.554,862,1205.897,696,1192.52,544,1217.834,548,1213.631,663,1324.161,350,1367.765,451,1672.483,335,1843.814,346,1821.543,458,1869.944,643,1894.923,187,3.51,4.84,7.06,-1.0584,1.0754,-2.0232,5.0402,5.8789,2.6825,-0.2198,-1.1093,2.1227,-0.3451,9.1074,3.293,22.2785,10.2441,-1.2079,2.6571,1.3358,house_purchase
07313,1174.777,529,1181.492,359,1146.494,504,1189.457,294,1183.555,196,1367.848,226,1494.263,250,1529.91,244,1525.73,210,1750.565,254,1875.594,179,1880.637,72,2257.793,125,2611.878,99,2821.349,143,2474.485,265,2478.558,364,2281.559,174,4.33,4.56,0.72,0.5716,-2.9622,3.7473,-0.4962,15.5711,9.2419,2.3856,-0.2732,14.7362,7.1422,0.2689,20.0547,15.6828,8.0199,-12.2943,0.1646,-7.9481,house_purchase
07314,1279.596,1303,1203.612,1075,1215.278,1121,1277.928,1098,1335.036,961,1281.623,968,1416.176,973,1497.873,1020,1599.336,868,1701.618,904,1821.981,763,1923.182,323,2416.23,417,2669.204,380,2876.888,488,2593.274,953,2583.878,1031,2617.735,637,4.57,6.08,1.87,-5.9381,0.9692,5.1552,4.4688,-4.0009,10.4986,5.7688,6.7738,6.3953,7.0734,5.5544,25.6371,10.4698,7.7807,-9.8584,-0.3623,1.3103,house_purchase
07315,1625.824,1918,1558.369,2417,1515.692,2347,1580.218,1654,1813.139,1148,1977.065,1279,2094.022,916,2158.7,651,2415.463,554,2745.1,628,2709.235,608,2839.774,397,3247.438,408,3822.657,392,4102.835,484,4038.629,1337,3683.8,1070,3637.0,499,5.12,5.68,2.68,-4.149,-2.7386,4.2572,14.7398,9.041,5.9157,3.0887,11.8943,13.6469,-1.3065,4.8183,14.3555,17.713,7.3294,-1.5649,-8.7859,-1.2704,house_purchase
07316,1330.591,733,1279.276,620,1216.323,566,1237.014,563,1342.034,509,1301.003,493,1346.685,535,1453.831,472,1540.531,377,1725.769,427,1858.46,327,1911.143,186,2093.827,226,2464.722,196,2867.787,193,2669.808,544,2620.601,549,2767.641,216,4.64,6.9,6.19,-3.8566,-4.921,1.7011,8.4898,-3.0574,3.5113,7.9563,5.9636,12.0243,7.6888,2.8348,9.5589,17.7137,16.3534,-6.9035,-1.8431,5.6109,house_purchase
07317,689.136,160,832.815,662,817.856,680,812.697,541,707.136,365,752.954,555,677.222,562,670.242,443,753.605,444,877.467,503,942.43,550,762.26,612,876.466,806,1094.904,213,1107.683,313,1161.682,388,1045.086,509,1271.945,165,4.45,7.48,8.53,20.8492,-1.7962,-0.6308,-12.989,6.4794,-10.058,-1.0307,12.4377,16.4359,7.4035,-19.1176,14.9826,24.9226,1.1671,4.875,-10.0368,21.7072,house_purchase
07318,1388.051,247,1246.668,264,1452.549,232,1473.626,183,1593.046,181,1688.472,306,1758.86,297,1812.337,298,1979.679,159,2180.212,188,2260.678,175,2409.269,85,2968.591,82,3225.824,89,3544.363,188,3281.87,476,3081.8,386,3136.653,231,5.22,5.97,1.36,-10.1857,16.5145,1.451,8.1038,5.9902,4.1687,3.0404,9.2335,10.1296,3.6907,6.5729,23.2154,8.6652,9.8747,-7.4059,-6.0962,1.7799,house_purchase
07319,1102.977,719,1055.732,532,1072.743,532,1097.536,665,1123.668,630,1184.095,858,1281.914,1186,1349.952,799,1540.573,630,1501.717,739,1629.062,454,1788.737,302,1977.925,276,2307.7,274,2845.073,248,2617.55,629,2647.047,716,2670.767,510,5.61,7.44,6.8,-4.2834,1.6113,2.3112,2.381,5.3777,8.2611,5.3075,14.1206,-2.5222,8.48,9.8017,10.5766,16.6728,23.2861,-7.9971,1.1269,0.8961,house_purchase
07320,878.426,396,922.253,364,911.014,521,907.813,629,1015.062,220,1028.038,245,873.071,275,875.346,307,845.978,309,1011.667,373,1015.076,519,1003.427,309,1002.034,350,1151.65,175,1278.31,153,1426.239,262,1594.891,293,2083.249,290,5.7,9.52,15.99,4.9893,-1.2186,-0.3514,11.814,1.2783,-15.0741,0.2606,-3.355,19.5855,0.337,-1.1476,-0.1388,14.9312,10.9981,11.5722,11.8249,30.6201,house_purchase
07331,969.764,2988,954.053,2081,939.0,2069,1009.404,2284,898.514,1740,954.442,2184,979.134,2077,1058.631,2058,1140.135,1395,1214.715,1733,1318.885,1431,1430.2,1004,1642.214,1123,1890.717,797,2296.721,753,2316.09,2432,2414.053,4761,2495.279,1925,5.96,9.11,9.01,-1.6201,-1.5778,7.4978,-10.9857,6.2245,2.5871,8.1191,7.699,6.5413,8.5757,8.4401,14.8241,15.1322,21.4735,0.8433,4.2297,3.3647,house_purchase
07332,1154.004,3286,1064.561,2663,1046.873,4160,1030.991,2721,1059.575,2659,1088.142,2977,1118.782,2682,1166.451,2789,1191.274,2343,1305.458,2846,1398.584,2038,1403.639,1134,1677.893,974,1939.756,856,2260.697,952,2263.804,1715,2253.561,3190,2340.37,1421,4.47,7.44,7.14,-7.7507,-1.6615,-1.5171,2.7725,2.6961,2.8158,4.2608,2.1281,9.585,7.1336,0.3614,19.5388,15.6067,16.5454,0.1374,-0.4525,3.8521,house_purchase
07333,859.244,2621,872.209,1500,793.135,4635,802.15,2472,802.262,1385,824.574,2144,774.457,1545,808.842,1361,842.867,1247,920.819,2352,995.752,1975,1044.22,909,1103.412,1107,1393.624,730,1583.018,876,1668.997,1554,1791.815,1733,1596.941,650,4.04,7.39,8.36,1.5089,-9.0659,1.1366,0.014,2.7811,-6.0779,4.4399,4.2066,9.2484,8.1376,4.8675,5.6685,26.3013,13.59,5.4313,7.3588,-10.8758,house_purchase
07334,1125.383,1889,1163.657,1732,1124.774,1753,1168.422,1257,1228.25,997,1202.508,1398,1236.503,1115,1334.266,1393,1403.232,916,1479.794,1168,1686.063,821,1796.46,506,1969.192,677,2301.078,558,2518.519,629,2368.353,1255,2318.203,1726,2239.841,635,4.31,5.56,2.97,3.401,-3.3414,3.8806,5.1204,-2.0958,2.827,7.9064,5.1688,5.4561,13.939,6.5476,9.6151,16.8539,9.4495,-5.9625,-2.1175,-3.3803,house_purchase
07335,936.043,4197,956.177,5912,892.368,9131,883.98,2645,907.174,2425,928.343,2579,872.746,2519,902.315,2235,918.538,1728,953.56,2449,1035.219,2194,1026.315,1710,1084.079,2028,1272.077,1050,1555.667,1046,1677.826,1516,1856.733,2405,2215.642,1261,5.49,9.64,15.5,2.151,-6.6733,-0.94,2.6238,2.3335,-5.9888,3.388,1.7979,3.8128,8.5636,-0.8601,5.6283,17.3417,22.2935,7.8525,10.663,19.3301,house_purchase
07336,795.987,2118,674.042,1106,811.143,2493,669.0,1746,614.778,1290,587.941,1036,611.644,1485,651.16,1380,653.905,1156,706.69,1874,732.521,2056,929.074,1241,828.103,694,904.269,782,1039.939,1228,1125.897,945,1333.263,2018,1254.637,515,3.45,7.31,9.0,-15.32,20.3401,-17.5238,-8.1049,-4.3653,4.0315,6.4606,0.4216,8.0723,3.6552,26.8324,-10.8679,9.1976,15.0033,8.2657,18.4178,-5.8973,house_purchase
07337,1074.273,3339,1023.787,2173,1020.205,2496,1022.819,1778,1012.688,1196,1051.618,1712,1071.927,1475,1166.16,1726,1233.197,1422,1290.981,1551,1492.419,1219,1589.733,705,1703.677,737,2064.16,666,2332.544,726,2186.964,1431,2249.047,1463,2179.629,672,4.48,6.74,5.53,-4.6996,-0.3499,0.2562,-0.9905,3.8442,1.9312,8.791,5.7485,4.6857,15.6035,6.5206,7.1675,21.1591,13.0021,-6.2413,2.8388,-3.0866,house_purchase
07338,1263.112,3243,1271.544,2940,1229.089,2872,1206.684,2386,1176.54,2181,1227.067,2285,1297.141,2589,1403.028,2261,1457.008,1713,1549.604,1797,1719.039,1301,1849.733,795,2143.018,760,2463.661,712,2694.56,906,2666.654,2771,2539.377,2513,2544.945,1073,4.38,6.33,3.75,0.6676,-3.3389,-1.8229,-2.4981,4.2945,5.7107,8.1631,3.8474,6.3552,10.9341,7.6027,15.8555,14.9622,9.3722,-1.0356,-4.7729,0.2193,house_purchase
07339,1126.666,5149,1163.197,4741,1175.355,6292,1176.69,5446,1155.84,2316,1183.181,2959,1140.983,3330,1253.387,2739,1387.155,2049,1485.527,1867,1703.24,1629,1941.472,1207,2047.847,1083,2445.099,990,2608.347,1219,2724.462,3609,2813.495,6842,2894.76,3515,5.87,8.86,7.34,3.2424,1.0452,0.1136,-1.7719,2.3655,-3.5665,9.8515,10.6725,7.0916,14.6556,13.987,5.4791,19.3985,6.6765,4.4517,3.2679,2.8884,house_purchase
07340,840.954,1183,845.098,6175,787.09,6427,814.193,2267,739.517,1566,795.622,1925,749.523,2022,799.958,1541,761.414,1296,791.267,2176,923.762,2487,798.101,2114,871.295,2947,987.554,1142,1243.989,919,1313.72,1675,1790.686,2108,1764.03,877,5.15,9.11,15.95,0.4928,-6.8641,3.4434,-9.1718,7.5867,-5.7941,6.7289,-4.8183,3.9207,16.7447,-13.6032,9.171,13.3432,25.9667,5.6054,36.3065,-1.4886,house_purchase
08111,2855.102,3837,2406.221,2731,2535.723,2278,2267.333,1510,2561.261,1490,2795.814,1297,2921.619,1291,3139.79,1097,3541.498,832,3825.398,872,4401.286,839,4549.378,662,5077.676,895,5246.31,869,5377.842,938,4961.346,2339,4736.634,2371,4835.253,985,3.51,4.65,-0.87,-15.7221,5.382,-10.5844,12.9636,9.1577,4.4998,7.4675,12.7941,8.0164,15.0543,3.3647,11.6125,3.3211,2.5071,-7.7447,-4.5293,2.082,house_purchase
08115,1770.552,5295,1625.347,3933,1712.196,3842,1625.021,2848,1711.144,2669,1776.932,2867,1851.261,2572,1955.454,2233,2084.453,1249,2275.449,1256,2630.548,1400,2807.667,845,2999.614,1059,3412.917,933,3781.154,924,3577.066,2735,3409.704,4539,3248.735,1350,3.87,5.47,1.95,-8.2011,5.3434,-5.0914,5.2998,3.8447,4.183,5.6282,6.5969,9.1629,15.6057,6.7332,6.8365,13.7785,10.7895,-5.3975,-4.6788,-4.7209,house_purchase
08116,1786.254,5661,1664.902,5245,1716.206,5457,1636.931,3426,1718.634,2962,1739.763,3090,1885.885,2709,1964.008,2302,2066.705,1893,2295.81,2054,2583.868,1741,2776.338,1290,3031.093,1611,3424.523,1498,3469.721,1746,3269.449,4852,3307.842,5261,3200.268,1909,3.67,5.19,1.29,-6.7937,3.0815,-4.6192,4.9912,1.2294,8.399,4.1425,5.229,11.0855,12.5471,7.4489,9.1759,12.9798,1.3198,-5.772,1.1743,-3.2521,house_purchase
08117,1348.829,2946,1283.5,2692,1265.878,2623,1222.376,2056,1222.193,1552,1306.461,1699,1389.8,1755,1446.533,1492,1542.482,1213,1732.596,1353,1803.127,1161,1949.622,890,2152.845,890,2360.319,1003,2696.605,964,2730.145,3481,2496.755,2922,2573.107,1202,4.05,6.12,3.93,-4.8434,-1.373,-3.4365,-0.015,6.8948,6.379,4.0821,6.633,12.3252,4.0708,8.1245,10.4237,9.6372,14.2475,1.2438,-8.5486,3.058,house_purchase
08118,1619.837,5043,1573.246,5429,1627.302,5492,1570.012,4804,1654.962,3412,1664.691,3332,1801.043,3396,1895.963,2447,2119.461,1734,2306.725,2011,2650.425,1908,2927.075,1171,3205.343,1576,3393.773,1529,3715.547,1614,3545.47,5368,3438.475,5533,3219.146,1831,4.31,5.69,0.28,-2.8763,3.436,-3.5206,5.4108,0.5879,8.1908,5.2703,11.7881,8.8355,14.8999,10.4379,9.5067,5.8786,9.4813,-4.5774,-3.0178,-6.3787,house_purchase
08119,1509.582,5232,1469.045,5163,1462.744,5541,1418.165,4350,1464.706,3612,1542.058,3347,1588.318,3459,1633.679,2689,1799.193,1862,2015.105,1726,2307.1,1439,2529.628,1050,2833.118,1161,3046.286,1215,3322.014,1186,3168.839,4088,3006.689,4100,2775.691,1258,3.86,5.74,-0.17,-2.6853,-0.4289,-3.0476,3.2818,5.2811,2.9999,2.8559,10.1314,12.0005,14.4903,9.6454,11.9974,7.5241,9.0513,-4.6109,-5.117,-7.6828,house_purchase
08121,1404.064,586,1338.054,576,1305.843,421,1427.095,425,1426.515,454,1472.107,492,1627.366,448,1802.586,334,1928.345,289,2136.027,455,2406.26,412,2646.953,229,2898.593,366,3248.945,320,3526.337,362,3227.096,647,3122.23,771,3073.446,343,4.93,5.72,1.47,-4.7014,-2.4073,9.2853,-0.0406,3.196,10.5467,10.7671,6.9766,10.77,12.6512,10.0028,9.5068,12.087,8.5379,-8.4859,-3.2495,-1.5625,house_purchase
08125,1190.529,3909,1160.453,4066,1175.897,3203,1160.593,2485,1190.085,2273,1209.075,2616,1224.202,2809,1321.108,2561,1375.366,2093,1466.877,2550,1761.975,1616,1939.032,1002,2169.716,1168,2488.697,1285,2795.631,1616,2562.658,3148,2564.862,4224,2655.896,2297,5.06,7.52,4.47,-2.5263,1.3309,-1.3015,2.5411,1.5957,1.2511,7.9159,4.107,6.6536,20.1174,10.0488,11.8969,14.7015,12.3331,-8.3335,0.086,3.5493,house_purchase
08126,951.936,849,952.062,848,911.58,489,891.206,682,851.829,556,911.103,657,967.832,648,1035.805,811,1106.244,719,1148.166,1154,1492.935,778,1627.95,731,1615.005,784,1824.94,709,2067.1,615,2184.195,935,2057.978,1158,2162.812,858,5.26,8.01,6.25,0.0132,-4.252,-2.235,-4.4184,6.9584,6.2264,7.0232,6.8004,3.7896,30.0278,9.0436,-0.7952,12.999,13.2695,5.6647,-5.7787,5.094,house_purchase
08127,946.187,2030,908.73,2191,948.826,1814,978.323,1903,993.716,1177,1024.738,1293,1010.132,1058,1083.519,1123,1109.546,902,1295.744,1450,1401.435,1018,1418.998,734,1666.192,626,1612.641,817,2018.937,784,2035.615,1652,1818.334,1724,1932.569,870,4.62,6.44,3.68,-3.9587,4.4123,3.1088,1.5734,3.1218,-1.4253,7.2651,2.4021,16.7815,8.1568,1.2532,17.4203,-3.214,25.1944,0.8261,-10.674,6.2824,house_purchase
08128,855.119,448,859.489,733,881.675,735,871.832,898,812.731,581,798.607,737,790.903,592,912.93,519,1015.745,829,1001.878,849,1076.647,841,1090.6,624,1222.273,1052,1106.028,1597,1614.129,1058,1891.19,2174,1928.772,2070,1985.353,1201,5.72,8.92,11.7,0.511,2.5813,-1.1164,-6.7789,-1.7378,-0.9647,15.4288,11.2621,-1.3652,7.4629,1.296,12.0734,-9.5106,45.9393,17.1647,1.9872,2.9335,house_purchase
08135,1000.856,1180,979.239,1133,954.215,756,975.668,753,937.869,826,955.577,1035,1048.674,1118,1093.08,935,1124.33,845,1247.372,950,1405.089,773,1446.824,569,1630.394,664,1792.759,699,2019.827,611,1917.596,1610,1957.571,1208,2066.196,538,4.52,6.73,5.04,-2.1599,-2.5555,2.2482,-3.8742,1.8881,9.7425,4.2345,2.8589,10.9436,12.6439,2.9703,12.6878,9.9586,12.6658,-5.0614,2.0846,5.549,house_purchase
08136,1092.364,3325,1058.836,3598,1041.865,2205,1085.856,2291,1071.279,1645,1125.651,2261,1152.205,2356,1236.095,2109,1276.542,2183,1354.83,1706,1539.522,1544,1624.147,1061,1833.189,1183,1958.701,1275,2260.364,1192,2108.922,2539,2046.641,2334,2218.987,1186,4.43,6.24,4.2,-3.0693,-1.6028,4.2223,-1.3424,5.0754,2.359,7.2808,3.2722,6.1328,13.6321,5.4968,12.8709,6.8466,15.4012,-6.6999,-2.9532,8.4209,house_purchase
08211,1603.651,560,1793.27,563,1655.995,499,2041.173,433,2202.299,624,1965.807,586,2001.385,602,2452.474,395,2113.168,339,2180.92,353,2499.539,322,3096.962,206,3088.63,242,3323.603,299,3463.082,172,3389.398,439,3245.425,583,2923.406,149,4.24,2.31,-0.9,11.8242,-7.655,23.2596,7.8938,-10.7384,1.8098,22.5388,-13.8353,3.2062,14.6094,23.9013,-0.269,7.6077,4.1966,-2.1277,-4.2477,-9.9222,house_purchase
08212,1719.852,1293,1669.325,1057,1712.34,827,1724.123,653,1867.826,576,2065.38,601,2080.664,617,2265.107,657,2562.661,448,2676.426,454,2889.07,486,3220.59,263,3299.649,287,3533.337,266,4059.017,283,3741.495,712,3588.92,1045,3826.572,316,5.0,5.61,3.34,-2.9379,2.5768,0.6881,8.3348,10.5767,0.74,8.8646,13.1364,4.4393,7.9451,11.475,2.4548,7.0822,14.8777,-7.8226,-4.0779,6.6218,house_purchase
08215,1306.578,6615,1289.33,7304,1266.191,5054,1303.881,4548,1306.607,2840,1326.321,3155,1399.248,3340,1589.275,4547,1628.723,3390,1720.015,2773,1854.582,2325,1990.234,1631,2176.632,1749,2554.764,1642,2740.822,1683,2676.473,3993,2738.294,4416,2632.977,1470,4.35,5.34,4.15,-1.3201,-1.7947,2.9766,0.2091,1.5088,5.4984,13.5807,2.4821,5.6051,7.8236,7.3144,9.3656,17.3723,7.2828,-2.3478,2.3098,-3.8461,house_purchase
08216,1194.043,2340,1176.469,2356,1149.112,2560,1166.21,2295,1208.791,1496,1280.129,1954,1340.483,1974,1397.129,1656,1434.571,1450,1547.662,1498,1706.243,1386,1825.451,961,2064.2,700,2356.474,740,2417.261,733,2359.915,1700,2328.765,2271,2294.803,731,4.04,5.25,2.32,-1.4718,-2.3253,1.4879,3.6512,5.9016,4.7147,4.2258,2.6799,7.8833,10.2465,6.9866,13.0789,14.1592,2.5796,-2.3724,-1.32,-1.4584,house_purchase
08221,1946.372,524,1934.276,534,2058.71,403,1931.889,434,1912.024,329,2273.871,333,2443.019,331,2293.01,324,2730.666,215,3130.618,223,3270.709,195,3790.469,170,4033.153,160,4363.027,140,4960.868,176,4468.902,397,5174.232,691,4050.62,272,5.02,6.65,1.21,-0.6215,6.4331,-6.1602,-1.0283,18.9248,7.4388,-6.1403,19.0865,14.6467,4.4749,15.8914,6.4025,8.1791,13.7024,-9.9169,15.7831,-21.7155,house_purchase
08222,1501.428,1157,1443.546,1050,1425.21,922,1536.92,1050,1564.039,977,1609.164,825,1710.809,923,1812.467,926,1980.373,665,2199.645,785,2344.857,671,2696.02,347,2791.727,350,3251.9,386,3639.499,380,3242.188,836,3085.667,960,3328.245,560,5.04,6.6,4.1,-3.8551,-1.2702,7.8381,1.7645,2.8852,6.3166,5.9421,9.2639,11.0723,6.6016,14.9759,3.5499,16.4835,11.9192,-10.9166,-4.8276,7.8614,house_purchase
08225,881.712,1001,854.348,1226,817.469,975,787.461,1237,783.888,842,783.933,1235,816.17,1063,854.684,1284,903.019,960,1029.595,1001,1101.455,1272,1181.533,942,1225.899,944,1488.527,1092,1631.132,1183,1877.162,1855,1952.768,2215,1925.64,856,4.92,8.64,9.75,-3.1035,-4.3166,-3.6708,-0.4537,0.0057,4.1122,4.7189,5.6553,14.017,6.9794,7.2702,3.755,21.4233,9.5803,15.0834,4.0277,-1.3892,house_purchase
08226,1340.495,7933,1317.995,7757,1293.127,6129,1306.163,5691,1351.803,4257,1399.037,4845,1433.794,4882,1467.455,5247,1502.599,4246,1671.401,3610,1865.319,3446,2020.442,2210,2240.162,2302,2476.449,1984,2827.103,2118,2734.947,5236,2806.16,5620,2862.402,2613,4.69,7.05,5.21,-1.6785,-1.8868,1.0081,3.4942,3.4941,2.4844,2.3477,2.3949,11.234,11.6021,8.3162,10.8748,10.5478,14.1595,-3.2597,2.6038,2.0042,house_purchase
08231,1367.306,1012,1256.014,1029,1401.659,804,1310.849,803,1408.988,725,1499.846,600,1539.266,563,1532.864,498,1647.123,376,1791.538,619,2028.058,393,2115.604,273,2410.874,265,2661.693,331,3042.143,362,2906.175,732,2727.118,786,2740.564,339,4.43,6.23,2.91,-8.1395,11.5958,-6.4788,7.4867,6.4485,2.6283,-0.4159,7.454,8.7677,13.2021,4.3167,13.9568,10.4037,14.2935,-4.4695,-6.1613,0.493,house_purchase
08235,1320.356,4128,1153.083,2880,1336.561,2436,1134.156,1723,1160.177,1980,1051.844,1715,1117.125,1830,1174.941,1310,1307.555,993,1241.656,2209,1473.67,1185,1831.658,774,1830.578,896,2188.848,817,2504.139,858,2434.856,1928,2249.787,3320,2301.791,1852,3.97,7.51,5.18,-12.6688,15.912,-15.1437,2.2943,-9.3376,6.2063,5.1754,11.2869,-5.0399,18.6859,24.2923,-0.059,19.5714,14.4044,-2.7667,-7.6008,2.3115,house_purchase
08236,1378.384,3439,1201.437,3933,1260.174,3007,1238.478,2430,1262.623,2002,1268.231,2354,1305.303,1982,1358.543,2001,1441.585,1483,1467.365,2287,1706.967,1099,1810.257,830,2071.596,799,2481.761,944,2753.089,984,2688.493,2022,2577.437,2365,2537.393,1064,3.95,6.74,4.54,-12.8373,4.8889,-1.7217,1.9496,0.4442,2.9231,4.0787,6.1126,1.7883,16.3287,6.0511,14.4366,19.7995,10.9329,-2.3463,-4.1308,-1.5536,house_purchase
08237,1401.632,2677,1063.781,2051,1200.16,1484,975.518,898,940.741,1099,913.566,1144,890.737,1134,929.294,783,1080.258,783,1137.94,873,1324.8,674,1415.216,447,1392.422,1037,1631.161,821,1677.034,1155,1878.159,1260,1963.474,1931,1869.252,1040,2.37,7.49,6.34,-24.1041,12.8202,-18.7177,-3.565,-2.8887,-2.4989,4.3287,16.245,5.3397,16.4209,6.8249,-1.6106,17.1456,2.8123,11.9929,4.5425,-4.7987,house_purchase
08311,1833.496,505,1712.16,442,1777.489,423,1866.036,330,2035.125,255,2268.033,338,2475.403,311,2652.126,242,2585.402,248,2994.792,204,3406.79,172,3233.357,119,3604.318,160,4121.166,152,4344.085,142,4126.591,432,3616.642,7040,4390.742,390,5.66,5.72,4.76,-6.6177,3.8156,4.9816,9.0614,11.4444,9.1432,7.1392,-2.5159,15.8347,13.7571,-5.0908,11.4729,14.3397,5.4091,-5.0067,-12.3576,21.4038,house_purchase
08315,1326.611,2098,1263.007,2109,1351.191,2016,1356.252,1604,1458.465,1119,1606.8,1480,1585.026,1526,1603.829,1142,1742.834,815,1816.284,822,2059.324,870,2170.524,563,2274.989,679,2595.968,611,2914.019,713,2591.582,2234,3437.617,2000,2966.848,1794,5.34,7.07,6.85,-4.7945,6.9821,0.3746,7.5364,10.1706,-1.3551,1.1863,8.6671,4.2144,13.3812,5.3998,4.8129,14.109,12.2517,-11.065,32.6455,-13.6946,house_purchase
08316,1277.557,1858,1242.49,1637,1311.554,1517,1289.324,1182,1425.669,650,1455.517,779,1559.59,701,1581.282,570,1624.572,552,1777.114,457,2017.754,373,2024.93,226,2396.828,305,2582.344,279,2675.481,299,2820.242,1584,3314.208,1600,2984.35,1671,5.36,6.87,4.86,-2.7448,5.5585,-1.6949,10.5749,2.0936,7.1502,1.3909,2.7377,9.3897,13.5411,0.3556,18.366,7.7401,3.6067,5.4107,17.515,-9.9528,house_purchase
08317,1065.688,3447,1027.196,5358,1124.93,2770,1170.581,2038,1199.847,1594,1200.285,2412,1231.401,2128,1300.804,1847,1390.629,1542,1488.27,1886,1668.22,1514,1805.365,1114,1900.251,1179,2134.842,1187,2411.427,1178,2221.215,2453,2156.292,3536,2279.519,1077,4.73,5.97,4.04,-3.6119,9.5146,4.0581,2.5001,0.0365,2.5924,5.6361,6.9053,7.0214,12.0912,8.221,5.2558,12.3453,12.9558,-7.8879,-2.9229,5.7148,house_purchase
08325,1083.233,2246,864.571,2566,1004.519,1281,880.546,1292,999.226,961,922.589,1223,902.735,1315,956.87,1062,1089.615,946,1223.571,1233,1279.545,1097,1368.223,613,1262.48,2547,1525.137,2209,1450.406,2492,1948.911,3061,1949.424,4813,1873.491,1479,4.1,7.63,9.28,-20.1861,16.187,-12.3415,13.478,-7.6696,-2.152,5.9968,13.8728,12.2939,4.5746,6.9304,-7.7285,20.8048,-4.9,34.37,0.0263,-3.8952,house_purchase
08326,1030.077,2079,886.063,2804,986.575,1341,1002.757,2019,1079.116,1289,1060.453,1483,1121.275,1335,1155.66,942,1228.429,772,1287.783,1331,1336.184,1309,1485.05,548,1592.998,765,1874.933,886,1748.008,891,2112.451,3892,2072.22,3812,1927.837,2165,4.11,5.62,4.58,-13.9809,11.3437,1.6402,7.6149,-1.7295,5.7355,3.0666,6.2967,4.8317,3.7585,11.1411,7.269,17.6984,-6.7696,20.849,-1.9045,-6.9676,house_purchase
08327,1140.475,1651,883.718,2046,899.125,1153,916.148,873,970.98,738,930.9,911,972.137,914,1061.757,757,1170.025,693,1273.253,710,1270.317,533,1547.829,317,1512.129,481,1770.045,756,1766.228,899,1931.622,1964,1985.266,2954,1843.192,1666,3.34,6.02,4.37,-22.5132,1.7434,1.8933,5.9851,-4.1278,4.4298,9.2189,10.1971,8.8227,-0.2306,21.8459,-2.3065,17.0565,-0.2156,9.3642,2.7771,-7.1564,house_purchase
08335,1469.314,2193,1190.263,2638,1442.429,1714,1375.366,1598,1376.24,1562,1451.773,1729,1680.879,1333,1658.823,1026,1789.479,810,1871.903,1016,2344.629,757,2464.098,550,2609.028,590,2734.475,575,2591.985,659,2695.003,2114,2815.256,2388,2722.581,1285,4.18,5.35,0.95,-18.9919,21.1857,-4.6493,0.0635,5.4884,15.7811,-1.3122,7.8764,4.606,25.2538,5.0954,5.8817,4.8082,-5.2109,3.9745,4.4621,-3.2919,house_purchase
08336,1317.477,1711,1261.644,1528,1337.44,1539,1427.639,1105,1463.73,741,1457.436,1061,1607.314,1486,1694.477,854,1867.917,802,1831.913,1150,2228.128,860,2245.186,663,2401.138,751,2839.609,635,3099.951,669,2832.173,1664,2728.694,2896,2567.71,1773,4.31,4.69,1.85,-4.2379,6.0077,6.7442,2.528,-0.43,10.2837,5.4229,10.2356,-1.9275,21.6285,0.7656,6.9461,18.261,9.1682,-8.6381,-3.6537,-5.8997,house_purchase
08337,1042.647,1356,1032.96,1157,1065.468,973,1109.276,644,1169.372,626,1120.77,1021,1218.353,978,1304.436,1237,1430.086,965,1405.729,1321,1491.409,1143,1974.092,933,2005.814,941,2077.861,691,2215.995,689,2349.042,1654,2084.115,3079,1898.168,2400,3.96,4.4,-0.79,-0.9291,3.1471,4.1116,5.4176,-4.1562,8.7068,7.0655,9.6325,-1.7032,6.0951,32.3642,1.6069,3.5919,6.6479,6.0039,-11.2781,-8.9221,house_purchase
08415,1382.971,2433,1330.217,2214,1434.424,2132,1390.62,1721,1411.402,1630,1549.909,1985,1696.871,2183,1481.782,1321,1635.616,1174,1726.676,1319,2002.256,1187,2381.106,634,2456.413,886,2324.195,1539,2361.359,1529,2480.28,2979,2466.914,3425,2552.125,1660,3.96,5.82,0.83,-3.8145,7.8338,-3.0538,1.4944,9.8134,9.482,-12.6756,10.3817,5.5673,15.9601,18.9212,3.1627,-5.3826,1.599,5.0361,-0.5389,3.4542,house_purchase
08416,1551.623,3038,1542.199,2140,1648.624,2360,1346.518,1336,1452.87,1568,1413.582,1209,1487.342,1052,1567.743,825,1719.266,680,1881.611,755,1903.681,861,2224.201,387,2606.258,532,2808.944,619,2754.517,520,2841.246,1590,2623.953,2446,2407.975,1832,3.01,4.74,-1.38,-0.6074,6.9009,-18.3247,7.8983,-2.7042,5.2179,5.4057,9.665,9.4427,1.1729,16.8369,17.1773,7.7769,-1.9376,3.1486,-7.6478,-8.231,house_purchase
08417,1135.822,2267,836.376,1855,991.911,1576,824.46,1079,919.389,923,859.619,1725,828.819,1951,899.416,1516,1003.281,1364,1142.522,1341,1304.327,1610,1406.259,1102,1481.774,1281,1576.059,2448,1772.389,1967,1954.326,3995,1916.071,6947,2045.616,2353,4.23,8.67,6.78,-26.3638,18.5963,-16.8817,11.5141,-6.5011,-3.583,8.5178,11.548,13.8786,14.1621,7.8149,5.3699,6.363,12.457,10.2651,-1.9575,6.761,house_purchase
08421,1454.237,791,1304.532,713,1487.02,442,1546.972,310,1674.531,262,1760.103,312,1978.425,317,2068.765,253,2304.417,201,2611.58,233,2714.103,216,3106.431,124,2639.57,196,3279.862,131,3945.623,122,2489.199,830,3301.431,413,3426.18,165,6.48,7.21,8.81,-10.2944,13.9888,4.0317,8.2457,5.1102,12.4039,4.5663,11.391,13.3293,3.9257,14.4552,-15.0289,24.2574,20.2984,-36.9124,32.6303,3.7786,house_purchase
08425,1151.731,2103,1027.454,2145,1054.606,1819,1014.702,1437,1081.299,894,1112.024,1129,1194.193,1170,1186.147,1076,1300.733,884,1456.51,1123,1530.822,886,1613.316,531,1820.682,774,1983.969,961,2181.976,709,2190.352,1898,2438.006,3206,2447.77,1197,4.72,7.6,6.21,-10.7905,2.6426,-3.7838,6.5632,2.8415,7.3891,-0.6738,9.6604,11.9761,5.1021,5.3889,12.8534,8.9685,9.9803,0.3839,11.3066,0.4005,house_purchase
08426,1032.711,1093,938.365,1069,1055.952,1026,1036.041,856,1117.149,829,1097.028,1027,1088.597,986,1140.327,992,1250.765,742,1318.329,955,1505.846,843,1618.419,623,1657.063,733,1819.092,896,1967.632,706,1958.814,1552,2045.711,1534,2108.179,1334,4.45,6.42,5.0,-9.1358,12.5311,-1.8856,7.8286,-1.8011,-0.7685,4.752,9.6848,5.4018,14.2238,7.4757,2.3878,9.7781,8.1656,-0.4482,4.4362,3.0536,house_purchase
08435,1571.072,1778,1308.501,2567,1609.551,2760,1548.381,1424,1649.172,1036,1754.248,791,1879.67,786,2038.409,744,2038.49,600,2091.415,1025,2274.715,844,2717.508,349,2955.599,421,3598.184,358,3496.617,501,3549.482,884,3129.253,1152,3023.086,557,4.46,4.48,1.04,-16.7129,23.0072,-3.8004,6.5094,6.3714,7.1496,8.445,0.004,2.5963,8.7644,19.4659,8.7614,21.7413,-2.8227,1.5119,-11.8392,-3.3927,house_purchase
08436,1297.424,1765,1215.896,1843,1307.503,2045,1316.882,1460,1412.339,1154,1390.502,1070,1437.152,1261,1521.333,1301,1677.028,897,1807.189,1170,1860.125,1087,2108.478,603,2141.564,817,2760.922,621,2280.926,990,2506.024,3265,2451.13,4347,2487.019,677,4.32,5.65,4.14,-6.2838,7.5341,0.7173,7.2487,-1.5462,3.3549,5.8575,10.2341,7.7614,2.9292,13.3514,1.5692,28.9208,-17.3854,9.8687,-2.1905,1.4642,house_purchase
08437,952.455,995,844.122,1032,918.504,1192,922.723,1099,997.625,1255,866.222,1467,908.51,931,1077.7,881,1119.169,1040,1155.507,1382,1221.687,1587,1506.23,833,1573.707,936,1635.301,1247,1654.012,1598,1892.359,2492,1989.563,5210,1866.19,2216,4.43,5.9,3.68,-11.3741,8.8118,0.4593,8.1175,-13.1716,4.8819,18.6228,3.8479,3.2469,5.7274,23.291,4.4799,3.9139,1.1442,14.4102,5.1367,-6.201,house_purchase
09161,1502.524,625,1520.863,519,1678.209,377,1579.847,331,1827.147,251,1849.378,331,2127.311,387,2515.296,509,2540.941,442,2797.859,538,2933.785,630,3089.69,444,3050.416,399,3238.283,323,3742.1,265,3636.303,674,3337.718,879,3104.224,472,4.68,2.37,0.74,1.2205,10.3458,-5.8611,15.6534,1.2167,15.0285,18.2383,1.0196,10.1111,4.8582,5.3141,-1.2711,6.1587,15.5582,-2.8272,-8.2112,-6.9956,house_purchase
09162,2552.076,7278,2506.577,5742,2741.454,4486,2929.463,3440,3399.847,2907,3662.353,3071,3911.709,3578,4107.31,2916,4535.297,1940,4889.716,2047,5374.958,2232,5610.397,1734,6080.332,1761,6782.603,1293,7205.651,1409,6751.443,3573,6408.089,3692,6399.656,1681,5.72,4.72,1.25,-1.7828,9.3704,6.858,16.057,7.7211,6.8086,5.0004,10.4201,7.8147,9.9237,4.3803,8.3761,11.5499,6.2373,-6.3035,-5.0856,-0.1316,house_purchase
09171,1034.622,351,1007.685,404,1015.85,414,1044.448,414,1137.969,298,998.099,664,1163.326,549,1314.053,387,1391.093,394,1591.86,588,1744.885,541,1900.037,264,1980.891,287,2174.329,272,2754.843,224,2693.715,586,2651.723,845,2519.482,218,5.76,7.08,5.54,-2.6036,0.8103,2.8152,8.9541,-12.2912,16.5542,12.9566,5.8628,14.4323,9.613,8.8918,4.2554,9.7652,26.6985,-2.2189,-1.5589,-4.987,house_purchase
09172,1556.515,397,1429.982,318,1380.498,374,1701.77,262,1765.946,209,1955.746,202,1979.116,289,1931.666,255,2159.632,202,2377.531,201,2470.667,288,2969.026,128,3401.465,173,3383.15,112,4006.272,115,3753.352,261,3480.007,327,3354.927,104,5.07,6.12,0.14,-8.1293,-3.4605,23.2722,3.7711,10.7478,1.1949,-2.3975,11.8015,10.0896,3.9173,20.171,14.565,-0.5384,18.4184,-6.3131,-7.2827,-3.5942,house_purchase
09173,1991.588,855,2179.751,798,2567.251,672,2176.743,499,2256.994,382,2286.938,426,2971.866,479,2784.016,418,3033.587,236,3242.521,288,3584.658,327,3768.076,238,4379.259,235,4946.945,177,4995.101,211,4777.622,539,4737.147,490,4370.026,266,5.26,4.87,0.2,9.4479,17.7773,-15.2111,3.6867,1.3267,29.9496,-6.3209,8.9644,6.8874,10.5516,5.1168,16.22,12.9631,0.9734,-4.3538,-0.8472,-7.7498,house_purchase
09174,1611.916,1311,1498.874,1417,1610.8,1194,1671.583,838,1836.998,682,1980.369,829,2141.106,694,2323.078,539,2789.009,601,2975.637,854,3375.544,863,3466.838,439,3765.405,537,4474.123,401,4659.414,440,4392.389,971,4163.944,980,3888.771,545,5.62,5.69,1.08,-7.0129,7.4673,3.7735,9.8957,7.8046,8.1165,8.499,20.0566,6.6916,13.4394,2.7046,8.6121,18.8218,4.1414,-5.7309,-5.2009,-6.6085,house_purchase
09175,1886.387,1623,1729.225,1558,1926.967,1768,2124.993,1392,2222.051,772,2425.228,1044,2704.313,958,2909.894,831,3214.524,563,3445.537,519,3855.505,523,4018.681,461,4256.979,468,5014.825,291,5206.3,426,4685.536,907,4536.017,1017,4317.907,406,5.27,4.33,0.72,-8.3314,11.4353,10.2766,4.5675,9.1437,11.5076,7.602,10.4688,7.1865,11.8985,4.2323,5.9298,17.8024,3.8182,-10.0026,-3.1911,-4.8084,house_purchase
09176,1086.956,935,1128.392,554,1161.403,743,1202.41,572,1230.606,401,1260.992,630,1232.401,727,1640.756,528,1770.786,401,2017.97,474,2234.164,552,2215.059,347,2225.601,390,2435.82,482,2890.215,551,2813.44,959,2459.496,1211,2342.724,704,5.08,4.03,1.62,3.8121,2.9255,3.5308,2.345,2.4692,-2.2673,33.1349,7.925,13.959,10.7134,-0.8551,0.4759,9.4455,18.6547,-2.6564,-12.5805,-4.7478,house_purchase
09177,1421.662,1144,1415.412,1691,1454.849,1073,1522.25,924,1546.663,458,1528.824,763,1947.648,524,2080.949,466,2406.607,372,2588.412,319,2756.882,403,3061.067,289,3354.486,311,4315.233,325,4398.516,425,3766.065,910,3530.396,886,3817.98,453,6.48,6.84,3.62,-0.4396,2.7863,4.6329,1.6037,-1.1534,27.3952,6.8442,15.6495,7.5544,6.5086,11.0337,9.5855,28.6407,1.93,-14.3787,-6.2577,8.1459,house_purchase
09178,1449.939,1459,1515.251,1385,1461.009,1141,1538.549,700,1700.219,531,1790.38,731,1924.698,738,2073.216,662,2208.927,572,2721.753,585,2830.24,449,3014.026,489,3447.788,501,3868.431,558,4336.264,617,3724.006,1313,3623.208,1306,3606.332,524,5.82,6.16,1.4,4.5045,-3.5797,5.3073,10.508,5.3029,7.5022,7.7164,6.5459,23.2161,3.9859,6.4937,14.3914,12.2004,12.0936,-14.1195,-2.7067,-0.4658,house_purchase
09179,1797.173,2889,1823.816,2743,1822.732,2828,1917.312,1620,2122.734,1245,2287.101,1410,2582.62,1582,2823.064,1485,3264.203,829,3515.578,1223,3905.701,1230,4073.699,593,4250.83,665,5089.406,498,5360.047,549,4657.569,1418,4332.323,1288,4328.074,632,5.6,4.79,0.97,1.4825,-0.0594,5.1889,10.7141,7.7432,12.9211,9.3101,15.6262,7.701,11.097,4.3014,4.3482,19.7273,5.3177,-13.1058,-6.9832,-0.0981,house_purchase
09180,2091.435,472,1876.158,437,1836.668,453,2102.975,488,2326.709,322,2386.808,361,2550.542,387,2826.399,335,2799.315,207,3051.036,204,3269.281,170,3716.198,100,3998.209,109,5040.443,114,5368.883,114,4958.564,313,4940.215,309,4921.102,132,5.51,6.06,4.84,-10.2933,-2.1048,14.4995,10.6389,2.583,6.86,10.8156,-0.9583,8.9922,7.1531,13.6702,7.5887,26.0675,6.5161,-7.6425,-0.37,-0.3869,house_purchase
09181,1440.946,1959,1338.803,1529,1402.006,1218,1499.822,990,1587.016,843,1697.738,898,1911.002,853,2053.75,758,2303.726,708,2498.605,779,2760.528,534,3102.394,343,3314.434,487,3519.915,453,3834.39,370,3595.72,1062,3523.274,1037,3379.172,497,5.33,5.31,0.56,-7.0886,4.7209,6.9769,5.8136,6.9767,12.5617,7.4698,12.1717,8.4593,10.4828,12.3841,6.8347,6.1996,8.9342,-6.2245,-2.0148,-4.09,house_purchase
09182,2068.593,831,2034.964,789,2160.018,750,2117.297,564,2366.753,522,2742.815,637,2905.297,547,3511.002,588,3735.764,327,3892.87,245,4173.226,283,4288.675,170,4883.514,200,5913.201,231,6378.985,190,5722.307,533,5576.846,576,5253.03,288,5.99,4.48,2.06,-1.6257,6.1453,-1.9778,11.7818,15.8894,5.9239,20.8483,6.4016,4.2055,7.2018,2.7664,13.87,21.085,7.877,-10.2944,-2.542,-5.8064,house_purchase
09183,1078.309,961,1040.32,801,1035.644,740,1078.5,769,1132.964,536,1136.397,939,1245.67,665,1434.804,576,1529.278,423,1661.428,413,1909.166,407,2205.44,219,2458.407,370,2550.941,374,3005.215,460,2825.129,1063,2598.022,983,2606.31,341,5.61,6.5,1.57,-3.523,-0.4495,4.1381,5.05,0.303,9.6157,15.1833,6.5845,8.6413,14.9111,15.5185,11.4701,3.764,17.8081,-5.9924,-8.0388,0.319,house_purchase
09184,2451.736,4929,2398.545,3994,2551.572,3371,2765.494,2566,3110.027,2122,3285.213,2127,3750.899,2364,3947.401,1739,4122.192,1306,4341.063,1314,4771.014,1538,4926.791,944,5355.723,983,6171.836,860,6595.078,871,5968.58,1971,5706.382,1982,5692.699,927,5.28,3.96,1.59,-2.1695,6.38,8.3839,12.4583,5.6329,14.1752,5.2388,4.428,5.3096,9.9043,3.2651,8.7061,15.2381,6.8576,-9.4995,-4.393,-0.2398,house_purchase
09185,1058.752,490,976.881,283,1148.009,372,1140.885,464,1211.126,309,1195.576,567,1448.87,582,1574.639,430,1814.787,293,1868.732,313,1988.591,439,2064.771,280,2188.718,299,2446.83,427,2782.289,398,2629.387,792,2599.235,674,2473.162,344,5.43,4.85,2.8,-7.7328,17.5178,-0.6206,6.1567,-1.2839,21.1859,8.6805,15.251,2.9725,6.4139,3.8309,6.0029,11.7928,13.7099,-5.4955,-1.1467,-4.8504,house_purchase
09186,1224.946,928,1151.201,611,1225.112,873,1260.204,843,1317.683,500,1613.117,690,1434.355,609,1680.488,428,1921.685,376,2175.005,512,2155.818,591,2351.097,411,2649.594,412,2545.086,487,2817.118,424,3084.265,873,2393.92,1336,2319.82,906,4.44,3.92,-1.85,-6.0203,6.4203,2.8644,4.5611,22.4207,-11.0818,17.1598,14.3528,13.1822,-0.8822,9.0582,12.6961,-3.9443,10.6885,9.483,-22.3828,-3.0953,house_purchase
09187,1602.366,1704,1487.461,1821,1505.235,1937,1695.585,1235,1800.888,867,1953.749,1167,2103.081,985,2185.276,865,2398.971,686,2737.737,762,2918.051,715,3207.972,495,3572.425,560,4218.243,506,4444.378,603,4106.88,1347,3893.69,1855,3916.906,642,5.64,6.3,2.25,-7.171,1.1949,12.6459,6.2104,8.4881,7.6434,3.9083,9.7789,14.1213,6.5862,9.9354,11.3609,18.0779,5.3609,-7.5938,-5.191,0.5962,house_purchase
09188,2524.686,2448,2483.981,2047,2605.504,2435,2802.416,1429,3194.737,1244,3096.114,1152,3117.035,1381,3560.5,1133,3834.118,799,4100.493,862,4410.674,813,4364.555,632,5072.889,692,5891.962,505,6068.514,485,5729.368,1314,5572.267,1492,5375.359,599,4.78,4.47,1.46,-1.6123,4.8923,7.5575,13.9994,-3.087,0.6757,14.2271,7.6848,6.9475,7.5645,-1.0456,16.2292,16.1461,2.9965,-5.5886,-2.742,-3.5337,house_purchase
09189,1378.958,1063,1413.214,1289,1331.413,867,1571.173,568,1629.65,626,1551.813,811,1711.251,844,1943.242,656,1965.22,494,2154.755,615,2597.268,647,2793.017,335,2998.779,319,3804.357,281,3909.16,386,3565.086,749,3217.382,1528,3224.546,519,5.59,5.75,2.26,2.4842,-5.7883,18.0079,3.7219,-4.7763,10.2743,13.5568,1.131,9.6445,20.5366,7.5367,7.367,26.8635,2.7548,-8.8017,-9.753,0.2227,house_purchase
09190,1543.96,886,1445.687,851,1482.064,766,1493.335,685,1670.624,496,1619.621,577,1750.188,681,2034.928,449,2364.363,278,2534.957,384,2724.512,349,2950.274,217,3205.983,305,3704.547,255,4154.63,332,3717.744,751,3659.692,802,3661.086,291,5.5,6.35,3.13,-6.365,2.5162,0.7605,11.872,-3.0529,8.0616,16.2691,16.189,7.2152,7.4776,8.2863,8.6673,15.551,12.1495,-10.5156,-1.5615,0.0381,house_purchase
09261,1380.059,538,1456.493,490,1414.678,387,1423.124,320,1517.941,271,1581.129,324,1895.942,287,2147.122,284,2207.338,163,2576.378,206,2991.998,179,3074.486,150,3308.179,166,3591.278,124,3739.346,110,3730.921,268,3510.953,359,3697.686,183,6.18,5.79,2.38,5.5385,-2.8709,0.597,6.6626,4.1627,19.9106,13.2483,2.8045,16.7188,16.1319,2.757,7.601,8.5575,4.123,-0.2253,-5.8958,5.3186,house_purchase
09262,1097.923,157,966.107,184,1122.177,189,1007.237,170,1131.856,144,1005.393,155,930.612,174,1386.908,140,1776.895,137,1555.727,178,1835.347,127,1746.065,105,2117.054,96,2451.26,87,2432.334,72,2246.633,135,2307.437,185,2142.927,85,5.28,5.3,0.59,-12.0059,16.1545,-10.2426,12.3724,-11.1731,-7.438,49.0318,28.1192,-12.4469,17.9736,-4.8646,21.2471,15.7864,-0.7721,-7.6347,2.7065,-7.1296,house_purchase
09263,1110.134,304,1079.144,257,1054.623,165,1109.438,143,1286.782,137,1266.592,148,1691.642,526,2595.087,589,2182.149,93,1941.393,112,1983.312,182,2300.297,70,2272.114,89,2297.011,109,2438.687,93,2220.733,105,2197.037,128,2240.718,83,5.34,-1.08,-0.15,-2.7916,-2.2723,5.1976,15.985,-1.569,33.5586,53.4064,-15.9123,-11.033,2.1592,15.9826,-1.2252,1.0958,6.1678,-8.9374,-1.067,1.9882,house_purchase
09271,973.814,1013,930.151,810,899.154,812,865.538,985,905.14,616,843.516,838,1086.1,533,1148.674,430,1334.988,385,1279.576,614,1368.972,577,1580.593,292,1802.871,394,1859.42,318,2111.0,332,2157.242,542,2051.844,582,2045.074,221,4.88,6.22,2.73,-4.4837,-3.3325,-3.7386,4.5754,-6.8082,28.7587,5.7613,16.2199,-4.1507,6.9864,15.4584,14.0629,3.1366,13.53,2.1905,-4.8858,-0.3299,house_purchase
09272,713.544,356,689.551,488,695.482,661,731.04,934,719.066,478,698.279,642,714.547,629,714.297,443,831.512,452,1023.788,666,1018.403,488,1083.5,340,1141.858,190,1300.511,263,1612.998,164,1544.003,325,1498.184,439,1637.207,242,5.36,9.07,7.99,-3.3625,0.8601,5.1127,-1.6379,-2.8908,2.3297,-0.035,16.4098,23.1237,-0.526,6.3921,5.3861,13.8943,24.028,-4.2774,-2.9675,9.2794,house_purchase
09273,1040.226,886,946.153,962,990.995,648,1031.883,633,1060.827,455,1195.449,710,1237.445,658,1301.57,507,1363.318,433,1540.51,486,1572.854,517,1725.868,218,1890.601,313,2184.479,396,2522.517,377,2308.955,869,2320.254,621,2355.211,278,5.16,6.37,4.91,-9.0435,4.7394,4.126,2.805,12.6903,3.513,5.182,4.7441,12.9971,2.0996,9.7284,9.5449,15.5442,15.4745,-8.4662,0.4894,1.5066,house_purchase
09274,1016.638,1280,999.731,1520,1062.962,1187,1039.651,872,1157.446,830,1224.065,1106,1224.906,994,1379.61,871,1426.664,563,1613.2,600,1746.696,640,2086.557,326,2616.59,394,2401.584,526,2670.746,463,2748.369,1121,2568.723,965,2483.566,368,5.76,6.57,-0.79,-1.663,6.3248,-2.193,11.3302,5.7557,0.0687,12.6299,3.4107,13.075,8.2752,19.4574,25.4023,-8.217,11.2077,2.9064,-6.5365,-3.3151,house_purchase
09275,834.957,1107,829.837,1407,869.778,1438,868.813,1528,906.635,1024,782.185,1554,794.138,1518,1005.148,1218,1136.618,997,1136.613,1074,1268.035,1001,1494.648,737,1553.477,841,1661.653,597,1965.497,443,1926.985,889,1887.151,1260,1791.629,467,5.02,6.26,3.23,-0.6132,4.8131,-0.1109,4.3533,-13.7266,1.5282,26.5709,13.0797,-0.0004,11.5626,17.8712,3.936,6.9635,18.2856,-1.9594,-2.0672,-5.0617,house_purchase
09276,788.225,322,822.665,442,779.36,334,736.85,517,785.28,376,765.111,422,794.027,447,886.922,428,948.477,209,996.827,317,1091.52,214,1281.113,183,1255.494,178,1338.8,249,1699.732,219,1510.37,336,1339.944,249,1729.635,106,5.31,7.72,8.05,4.3693,-5.264,-5.4545,6.5726,-2.5684,3.7793,11.6992,6.9403,5.0976,9.4994,17.3696,-1.9997,6.6353,26.9594,-11.1407,-11.2837,29.0826,house_purchase
09277,845.917,619,806.523,623,879.183,857,873.898,739,912.871,444,819.988,840,995.532,735,1099.707,571,1146.969,596,1282.041,614,1281.906,532,1444.694,390,1638.734,415,1726.341,353,2118.93,404,2159.34,885,2071.549,1076,1667.167,358,4.62,4.86,1.28,-4.657,9.009,-0.6011,4.4597,-10.1748,21.4081,10.4643,4.2977,11.7764,-0.0105,12.6989,13.4312,5.346,22.7411,1.9071,-4.0656,-19.5208,house_purchase
09278,933.123,486,805.583,574,863.938,607,888.539,467,974.662,322,958.25,651,1149.503,905,1419.808,999,1198.259,404,1278.216,438,1351.577,349,1466.829,226,1461.307,448,1541.151,323,1876.867,255,2050.046,441,1952.533,473,2274.649,164,5.95,5.32,9.64,-13.6681,7.2438,2.8475,9.6927,-1.6839,19.9586,23.5149,-15.6042,6.6728,5.7393,8.5272,-0.3765,5.4639,21.7835,9.227,-4.7566,16.4973,house_purchase
09279,851.079,716,843.186,584,922.595,475,873.183,447,809.879,458,828.88,706,1081.643,469,1251.301,331,1192.154,372,1253.383,442,1381.482,599,1559.184,248,1534.244,233,1876.777,373,2347.064,334,2361.272,566,2164.366,571,2066.249,237,5.97,5.7,7.02,-0.9274,9.4177,-5.3558,-7.2498,2.3462,30.4945,15.6852,-4.7268,5.136,10.2203,12.8631,-1.5996,22.3258,25.0582,0.6054,-8.339,-4.5333,house_purchase
09362,1693.532,457,1583.681,484,1728.456,376,1848.09,332,2033.769,241,2121.031,345,2235.823,301,2534.631,446,2816.101,376,3025.199,414,2973.166,448,2811.568,164,3305.19,159,3523.298,146,4047.638,151,3921.157,277,3865.007,421,3653.691,179,4.89,4.04,2.29,-6.4865,9.1417,6.9214,10.0471,4.2907,5.4121,13.3646,11.105,7.4251,-1.72,-5.4352,17.5568,6.599,14.8821,-3.1248,-1.432,-5.4674,house_purchase
09371,829.388,569,850.183,621,897.154,349,916.902,623,824.408,448,876.759,524,855.134,864,873.697,616,976.302,375,934.013,467,947.998,417,990.627,272,1188.616,258,1495.543,323,1667.07,345,1608.076,459,1767.92,1074,1704.738,178,4.69,7.35,8.02,2.5073,5.5248,2.2012,-10.0877,6.3501,-2.4665,2.1708,11.7438,-4.3315,1.4973,4.4967,19.9862,25.8222,11.4692,-3.5388,9.9401,-3.5738,house_purchase
09372,766.992,566,698.075,609,681.674,424,723.778,402,757.638,367,866.241,481,728.618,593,827.72,638,827.437,541,903.723,614,980.789,633,1116.946,387,1250.613,306,1472.93,345,1497.26,369,1456.903,446,1387.603,417,1507.253,309,4.45,6.42,4.12,-8.9854,-2.3495,6.1766,4.6782,14.3344,-15.8874,13.6014,-0.0342,9.2196,8.5276,13.8824,11.9672,17.7766,1.6518,-2.6954,-4.7567,8.6228,house_purchase
09373,976.06,1068,972.628,1067,972.166,952,945.365,847,1018.514,681,939.619,1345,860.895,1012,1116.202,813,1134.303,428,1059.914,637,1195.408,494,1535.019,297,1845.787,366,1955.208,260,2105.83,306,1874.424,781,2192.553,619,1967.719,357,4.94,6.59,1.87,-0.3516,-0.0475,-2.7568,7.7376,-7.7461,-8.3783,29.656,1.6217,-6.5581,12.7835,28.4096,20.2452,5.9281,7.7036,-10.9888,16.9721,-10.2544,house_purchase
09374,891.152,524,828.561,348,876.459,287,851.385,293,827.13,306,904.795,521,782.432,1123,785.011,319,809.41,241,844.372,210,918.473,326,992.713,288,1179.755,150,1289.263,257,1489.928,252,1612.741,292,1502.482,342,1632.816,198,3.96,7.81,6.99,-7.0236,5.7809,-2.8608,-2.8489,9.3897,-13.5238,0.3296,3.1081,4.3194,8.7759,8.083,18.8415,9.2823,15.5643,8.2429,-6.8367,8.6746,house_purchase
09375,1150.722,1754,1103.782,1948,1132.006,1209,1171.571,1029,1262.784,916,1264.196,1060,1192.622,1460,1571.849,2108,1745.817,1270,1726.303,1651,1840.442,1038,2060.759,653,2138.006,582,2394.277,545,2539.151,548,2751.119,1102,2563.066,779,2376.902,529,4.74,4.46,2.46,-4.0792,2.557,3.4951,7.7855,0.1118,-5.6616,31.7978,11.0677,-1.1178,6.6118,11.9709,3.7485,11.9864,6.0508,8.348,-6.8355,-7.2633,house_purchase
09376,853.359,508,857.345,859,808.294,577,805.523,479,830.414,379,966.452,690,971.526,768,945.335,870,968.246,834,1209.614,947,1153.816,1048,1353.696,548,1532.118,394,1730.272,350,1986.051,345,2070.423,645,1908.32,880,2141.466,418,5.96,8.96,7.27,0.4671,-5.7213,-0.3428,3.09,16.3819,0.525,-2.6959,2.4236,24.9284,-4.6129,17.3234,13.1804,12.9333,14.7826,4.2482,-7.8295,12.2173,house_purchase
09377,798.425,276,575.576,246,598.432,190,720.065,315,705.988,373,625.795,509,622.383,744,666.421,475,790.884,349,890.129,363,757.686,229,789.653,193,888.037,144,1146.904,167,1406.375,339,1380.004,232,1439.845,201,1627.677,92,5.29,10.03,13.46,-27.9111,3.971,20.3253,-1.955,-11.359,-0.5452,7.0757,18.6763,12.5486,-14.8791,4.219,12.4591,29.1505,22.6236,-1.8751,4.3363,13.0453,house_purchase
09461,1386.91,237,1440.056,150,1479.033,150,1536.724,103,1556.145,90,1801.507,165,1793.381,237,1865.946,166,1977.488,114,2168.333,145,2651.917,103,2926.687,75,2736.72,141,3244.244,118,3368.812,72,3587.611,149,3090.921,156,2969.691,84,4.94,5.29,2.22,3.832,2.7066,3.9006,1.2638,15.7673,-0.4511,4.0463,5.9778,9.6509,22.3021,10.3612,-6.4909,18.545,3.8397,6.4948,-13.8446,-3.9221,house_purchase
09462,1168.273,481,1058.275,336,1178.385,215,1180.66,172,1332.642,136,1269.836,187,1311.757,247,1316.067,198,1496.445,138,1618.221,145,1556.379,137,1729.422,82,1691.755,114,1975.121,110,2438.935,81,2568.799,223,2605.141,186,2346.827,106,4.58,6.4,7.41,-9.4154,11.3496,0.1931,12.8726,-4.7129,3.3013,0.3286,13.7058,8.1377,-3.8216,11.1183,-2.178,16.7498,23.4828,5.3246,1.4147,-9.9155,house_purchase
09463,960.683,210,838.856,212,963.578,139,1180.304,166,1049.825,153,998.681,201,1211.387,195,1127.885,192,1324.928,173,1291.269,122,1387.586,102,1547.476,96,1477.195,133,1736.298,261,1957.923,272,1837.871,419,2043.442,273,1860.27,198,4.64,5.58,5.28,-12.6813,14.8681,22.4918,-11.0547,-4.8717,21.2987,-6.8931,17.4701,-2.5404,7.4591,11.5229,-4.5417,17.5402,12.7642,-6.1316,11.1853,-8.9639,house_purchase
09464,813.27,113,736.0,140,911.733,177,727.441,164,655.108,177,695.85,194,730.283,147,743.934,151,708.325,149,803.493,164,878.657,186,1072.422,192,1107.663,186,1250.604,214,1279.619,138,1278.566,208,1356.731,156,1328.935,58,3.52,6.25,3.84,-9.5011,23.8768,-20.2134,-9.9435,6.2191,4.9483,1.8693,-4.7866,13.4356,9.3547,22.0524,3.2861,12.9047,2.3201,-0.0823,6.1135,-2.0487,house_purchase
09471,1031.847,937,929.181,807,898.638,575,900.698,835,1003.842,736,953.179,838,973.815,1009,988.324,1154,1012.972,695,1229.059,733,1372.632,437,1267.26,261,1683.633,269,1865.707,632,1907.429,534,1984.94,833,1954.819,932,2048.786,523,4.6,8.11,4.08,-9.9497,-3.2871,0.2292,11.4516,-5.0469,2.165,1.4899,2.4939,21.332,11.6815,-7.6766,32.8562,10.8144,2.2363,4.0636,-1.5175,4.8069,house_purchase
09472,870.159,821,780.469,960,820.262,728,804.052,906,780.851,522,760.036,781,826.596,1265,890.446,728,900.182,547,972.217,564,981.808,533,1028.32,418,1088.756,654,1304.398,477,1602.998,461,1513.656,840,1685.63,702,1706.336,373,4.36,7.04,9.94,-10.3073,5.0986,-1.9762,-2.8855,-2.6657,8.7575,7.7245,1.0934,8.0023,0.9865,4.7374,5.8772,19.8063,22.8918,-5.5734,11.3615,1.2284,house_purchase
09473,766.192,428,722.086,413,683.694,323,806.244,485,842.376,503,773.617,643,772.903,836,830.458,665,800.361,493,787.699,449,841.097,359,893.501,244,1061.212,330,1248.138,507,1361.679,440,1571.125,638,1599.703,933,1616.997,581,4.83,7.16,9.0,-5.7565,-5.3168,17.9247,4.4815,-8.1625,-0.0923,7.4466,-3.6241,-1.582,6.779,6.2304,18.7701,17.6144,9.0968,15.3815,1.819,1.0811,house_purchase
09474,1114.72,986,1085.154,935,1081.762,723,1136.614,817,1145.202,629,1149.845,570,983.521,1179,994.486,1288,999.498,612,1219.597,516,1325.42,750,1558.248,556,1441.195,762,1947.086,579,2156.214,479,2331.822,912,2319.203,977,2487.362,362,5.4,10.2,12.14,-2.6523,-0.3126,5.0706,0.7556,0.4054,-14.4649,1.1149,0.504,22.021,8.6769,17.5664,-7.5118,35.1022,10.7406,8.1443,-0.5412,7.2507,house_purchase
09475,649.514,707,573.957,558,552.383,836,558.072,1023,507.131,728,513.375,1212,544.12,1070,553.811,837,579.446,834,609.262,929,651.478,708,703.226,744,795.892,862,1035.171,932,1163.813,1199,1180.23,1915,1090.521,1306,1080.716,495,3.46,7.32,7.08,-11.6329,-3.7588,1.0299,-9.128,1.2312,5.9888,1.781,4.6288,5.1456,6.929,7.9432,13.1773,30.0643,12.4271,1.4106,-7.601,-0.8991,house_purchase
09476,682.193,305,628.552,422,602.083,269,555.004,395,512.544,357,505.975,460,570.203,512,531.919,412,522.168,516,567.897,433,714.135,393,566.448,216,731.336,374,820.278,636,979.635,543,1033.818,605,1030.059,930,1193.146,378,4.17,9.37,10.52,-7.863,-4.2111,-7.8194,-7.6504,-1.2816,12.6939,-6.7141,-1.8332,8.7575,25.7508,-20.6805,29.1091,12.1616,19.4272,5.5309,-0.3636,15.8328,house_purchase
09477,836.55,524,730.072,640,702.589,465,746.191,672,806.008,427,685.982,668,692.098,1055,761.3,554,867.323,458,896.197,494,856.783,387,856.964,297,1149.6,331,1164.905,597,1404.027,504,1466.923,814,1381.391,509,1670.703,237,4.84,8.85,8.29,-12.7282,-3.7644,6.2059,8.0163,-14.8914,0.8916,9.9989,13.9266,3.3291,-4.3979,0.0211,34.148,1.3313,20.5272,4.4797,-5.8307,20.9435,house_purchase
09478,908.374,319,716.449,421,743.543,273,809.917,352,762.762,232,742.525,260,715.261,362,727.852,202,808.046,200,1007.139,275,909.784,261,798.278,159,1063.061,289,1269.792,399,1310.356,319,1637.448,617,1463.711,746,1615.071,388,4.44,9.42,9.47,-21.1284,3.7817,8.9267,-5.8222,-2.6531,-3.6718,1.7603,11.0179,24.6388,-9.6665,-12.2563,33.1693,19.4468,3.1945,24.9621,-10.6102,10.3408,house_purchase
09479,660.611,390,579.696,310,526.647,485,534.813,610,516.301,587,498.415,692,564.362,987,749.075,1014,817.18,1364,804.739,1104,626.235,346,784.744,402,933.117,588,1068.823,762,1172.564,769,1176.456,907,1103.716,644,1009.826,236,3.45,3.95,1.98,-12.2485,-9.1512,1.5506,-3.4614,-3.4643,13.2313,32.7295,9.0919,-1.5224,-22.1816,25.3114,18.9072,14.5433,9.7061,0.3319,-6.183,-8.5067,house_purchase
09562,1527.221,388,1599.135,399,1595.397,531,1695.794,317,1927.474,254,1881.05,314,2045.357,393,2094.724,462,2216.433,187,2636.014,264,2752.61,276,2996.369,90,3407.833,109,3982.912,128,3971.324,134,3455.707,318,3484.644,341,3874.035,119,5.91,6.74,3.12,4.7088,-0.2338,6.2929,13.662,-2.4085,8.7349,2.4136,5.8103,18.9305,4.4232,8.8556,13.7321,16.8752,-0.2909,-12.9835,0.8374,11.1745,house_purchase
09563,1334.838,719,1317.265,671,1308.672,511,1378.543,350,1566.659,433,1604.233,496,1732.905,447,1878.51,557,2145.435,255,2320.577,222,2481.336,263,2816.408,169,3142.142,206,3202.353,166,3569.38,187,3369.463,390,3059.726,507,3220.635,175,5.53,5.82,0.77,-1.3165,-0.6523,5.3391,13.646,2.3984,8.0208,8.4024,14.2094,8.1635,6.9275,13.5037,11.5656,1.9162,11.4612,-5.6009,-9.1925,5.2589,house_purchase
09564,1469.738,2221,1472.935,1967,1415.996,1272,1480.335,1093,1710.174,1002,1802.262,1214,1833.697,1425,2084.737,1584,2271.424,1280,2395.59,873,2717.626,829,2960.44,443,3246.93,650,3641.25,671,3745.608,678,3492.182,977,3201.36,1440,3302.348,687,5.11,4.95,0.61,0.2175,-3.8657,4.5437,15.5261,5.3847,1.7442,13.6904,8.9549,5.4664,13.4429,8.9348,9.6773,12.1444,2.866,-6.766,-8.3278,3.1545,house_purchase
09565,1279.646,621,1269.366,541,1231.617,311,1260.947,298,1182.119,220,1414.291,277,1492.581,230,1671.725,238,1985.902,166,1939.279,213,1983.468,171,2460.921,92,2543.063,77,3206.316,75,3371.647,63,2923.684,303,2687.617,403,2703.315,129,5.07,5.66,2.09,-0.8033,-2.9738,2.3814,-6.2515,19.6403,5.5356,12.0023,18.7936,-2.3477,2.2786,24.0716,3.3379,26.0809,5.1564,-13.2862,-8.0743,0.5841,house_purchase
09571,871.682,1544,902.898,1753,849.687,1486,836.383,2116,890.906,1498,879.762,1093,898.072,797,871.53,1356,844.953,1773,901.374,1487,898.87,1142,833.705,1103,1015.938,656,1424.542,632,1564.341,513,1836.7,1266,2169.181,2205,2199.219,900,6.2,10.49,17.39,3.5811,-5.8934,-1.5658,6.5189,-1.2509,2.0812,-2.9554,-3.0495,6.6774,-0.2778,-7.2497,21.8582,40.2194,9.8136,17.4105,18.1021,1.3848,house_purchase
09572,1240.181,1560,1238.313,1344,1252.421,997,1364.053,918,1332.164,654,1408.541,842,1284.907,1084,1398.08,1276,1475.754,706,1650.914,609,1734.324,1043,1858.38,397,2189.367,416,2528.068,470,2865.676,508,2690.103,785,2544.139,1180,2778.66,418,5.13,7.39,5.3,-0.1506,1.1393,8.9133,-2.3378,5.7333,-8.7775,8.8079,5.5558,11.8692,5.0524,7.153,17.8105,15.4703,13.3544,-6.1268,-5.426,9.2181,house_purchase
09573,1270.433,1941,1272.078,1362,1190.87,1013,1238.792,879,1369.765,775,1393.346,719,1476.877,642,1581.34,751,1777.327,413,1823.848,628,1918.559,606,2298.5,224,2526.329,312,2655.561,303,3458.144,365,2936.309,792,2722.705,1489,2756.806,564,5.13,6.41,2.85,0.1295,-6.3839,4.0241,10.5726,1.7215,5.995,7.0732,12.3937,2.6175,5.1929,19.8035,9.9121,5.1154,30.2227,-15.09,-7.2746,1.2525,house_purchase
09574,1147.962,2259,1183.007,1720,1203.197,1269,1164.068,1241,1231.969,1056,1188.145,1760,1143.228,1611,1434.983,1235,1555.215,893,1647.407,887,1710.164,1148,1716.685,556,2025.697,522,2224.495,497,2629.571,592,2468.929,1300,2427.596,1678,2773.565,858,5.68,7.1,6.9,3.0528,1.7067,-3.2521,5.8331,-3.5572,-3.7804,25.5203,8.3786,5.9279,3.8094,0.3813,18.0005,9.8138,18.2098,-6.1091,-1.6741,14.2515,house_purchase
09575,889.025,1145,903.311,1063,806.394,1002,804.985,1082,885.458,1084,722.641,801,757.46,837,839.861,1014,941.115,535,1026.76,692,1184.781,546,873.94,776,1154.869,633,969.853,997,1415.848,371,1759.705,706,1785.445,766,2031.869,472,6.47,11.2,13.9,1.6069,-10.7291,-0.1747,9.9968,-18.3879,4.8183,10.8786,12.056,9.1004,15.3903,-26.2362,32.1451,-16.0205,45.9858,24.2863,1.4627,13.8018,house_purchase
09576,1107.842,1843,1137.121,1706,1082.616,1271,1062.966,1083,1182.526,958,1116.677,1231,1078.889,1207,1302.785,810,1427.347,518,1380.051,606,1556.239,591,1617.511,337,1849.945,231,2014.616,363,2409.459,364,2315.92,1061,2376.729,880,2362.621,454,4.89,6.4,5.33,2.6429,-4.7932,-1.815,11.2478,-5.5685,-3.384,20.7525,9.5612,-3.3136,12.7668,3.9372,14.3699,8.9014,19.5989,-3.8822,2.6257,-0.5936,house_purchase
09577,958.741,889,892.477,544,886.141,723,958.318,1060,916.021,975,834.864,825,876.44,754,964.612,678,905.623,640,989.685,498,1040.958,539,932.201,474,1185.909,309,1320.318,374,1606.25,281,1905.456,414,2064.818,545,1802.371,457,4.39,7.24,9.45,-6.9116,-0.7099,8.1451,-4.4137,-8.8597,4.98,10.0602,-6.1153,9.2822,5.1807,-10.4478,27.216,11.3338,21.6563,18.6276,8.3635,-12.7104,house_purchase
09661,1385.181,496,1377.468,444,1278.157,282,1408.318,205,1521.324,211,1535.698,410,1700.107,260,1704.997,238,2046.088,191,2034.008,246,2151.138,214,2414.162,121,2740.166,93,3294.24,144,3694.424,176,3377.324,368,3348.29,696,3071.798,236,5.17,6.56,2.93,-0.5568,-7.2097,10.1835,8.0242,0.9448,10.7058,0.2876,20.0054,-0.5904,5.7586,12.2272,13.5038,20.2205,12.148,-8.5832,-0.8597,-8.2577,house_purchase
09662,1111.94,194,1045.76,176,1044.887,125,989.691,93,1200.107,107,1098.113,73,1152.488,97,1406.514,52,1495.135,58,1623.373,62,1580.363,82,2525.088,56,1968.646,143,2007.082,75,2022.071,79,2418.477,221,2360.607,201,2604.055,88,6.39,8.02,6.04,-5.9518,-0.0835,-5.2825,21.2608,-8.4987,4.9517,22.0415,6.3008,8.577,-2.6494,59.779,-22.0365,1.9524,0.7468,19.604,-2.3928,10.3129,house_purchase
09663,1504.235,885,1383.852,446,1354.375,317,1392.334,235,1520.293,184,1528.771,170,1613.574,194,1686.57,135,1942.025,106,2186.88,128,2456.655,175,2228.216,92,2892.052,118,2787.82,159,3086.623,173,2791.553,372,3095.551,401,2820.224,200,4.27,6.01,-0.09,-8.0029,-2.1301,2.8027,9.1903,0.5577,5.5471,4.5239,15.1464,12.6082,12.3361,-9.2988,29.7923,-3.6041,10.7182,-9.5596,10.8899,-8.8943,house_purchase
09671,1218.789,2529,1146.231,2532,1162.457,1614,1120.195,1463,1087.895,1307,1130.307,1880,1219.99,1466,1246.931,1409,1403.549,1008,1457.222,1380,1511.773,1419,1724.787,1138,1969.646,718,2169.532,597,2425.485,580,2509.105,1350,2460.638,2131,2394.169,889,4.24,6.92,4.15,-5.9533,1.4156,-3.6356,-2.8834,3.8985,7.9344,2.2083,12.5603,3.8241,3.7435,14.0903,14.1965,10.1483,11.7976,3.4476,-1.9316,-2.7013,house_purchase
09672,768.833,546,704.791,915,711.642,556,643.697,628,722.777,595,827.987,731,848.322,752,859.736,437,771.023,396,837.515,733,953.877,499,1056.621,220,1069.902,473,1270.747,523,1334.371,558,1576.503,1625,1778.256,773,1777.356,212,5.45,7.89,10.93,-8.3298,0.9721,-9.5476,12.2853,14.5564,2.456,1.3455,-10.3186,8.6239,13.8937,10.7712,1.2569,18.7723,5.0068,18.1458,12.7975,-0.0506,house_purchase
09673,700.433,311,618.397,419,716.824,299,711.422,378,647.157,341,746.738,346,733.08,388,606.0,175,717.774,187,820.265,611,807.051,573,850.834,349,749.87,200,1101.835,433,1294.149,539,1545.14,1107,1831.983,715,1743.589,237,6.64,12.22,19.5,-11.7122,15.9165,-0.7536,-9.0333,15.3875,-1.829,-17.3351,18.4446,14.279,-1.6109,5.4251,-11.8665,46.9368,17.454,19.3943,18.5642,-4.825,house_purchase
09674,769.359,291,681.16,495,699.609,360,797.251,346,931.83,227,865.37,376,777.85,469,945.23,303,825.038,342,896.788,444,992.525,284,1045.457,147,1183.598,217,1223.947,277,1331.36,251,1726.436,655,1864.227,641,1774.434,280,5.68,7.02,9.0,-11.464,2.7085,13.9567,16.8804,-7.1322,-10.1136,21.5183,-12.7156,8.6966,10.6755,5.3331,13.2135,3.409,8.776,29.6746,7.9812,-4.8166,house_purchase
09675,1041.225,691,840.312,657,863.661,391,782.709,384,888.354,316,830.632,520,881.143,408,836.443,423,1125.709,371,1115.494,320,1085.539,387,1035.857,260,1063.225,373,1528.591,246,1865.125,511,2044.284,1106,1912.216,853,1886.259,363,4.63,9.66,13.51,-19.2958,2.7786,-9.3731,13.4974,-6.4976,6.081,-5.073,34.5829,-0.9074,-2.6854,-4.5767,2.6421,43.7693,22.016,9.6057,-6.4604,-1.3574,house_purchase
09676,1040.011,1397,911.176,1604,969.382,1057,957.988,991,1015.438,813,993.338,1096,998.674,1065,1056.462,916,1170.582,532,1302.326,689,1368.569,742,1289.224,297,1485.755,492,1639.986,476,2016.004,718,2437.545,3162,2430.399,2573,2111.168,655,4.73,7.74,8.16,-12.3878,6.388,-1.1754,5.9969,-2.1764,0.5372,5.7865,10.8021,11.2546,5.0865,-5.7977,15.2441,10.3806,22.9281,20.9097,-0.2932,-13.1349,house_purchase
09677,858.669,805,838.155,1046,839.464,1009,822.779,909,821.236,767,824.803,923,805.239,797,871.541,812,966.397,531,936.896,1065,1099.756,870,1125.485,309,1147.03,379,1395.299,747,1557.408,698,1736.867,1126,1930.368,1544,1808.786,734,4.76,7.91,9.93,-2.389,0.1562,-1.9876,-0.1875,0.4343,-2.372,8.2338,10.8837,-3.0527,17.3829,2.3395,1.9143,21.6445,11.6182,11.5229,11.1408,-6.2984,house_purchase
09678,873.907,626,809.802,846,812.703,605,791.904,503,847.239,404,833.617,373,882.223,453,872.412,236,936.869,268,985.804,527,1116.428,686,1265.597,261,1104.651,271,1469.99,341,1587.137,522,1849.035,1224,1780.694,893,1994.246,314,5.47,9.23,13.17,-7.3354,0.3582,-2.5592,6.9876,-1.6078,5.8307,-1.1121,7.3884,5.2232,13.2505,13.3613,-12.717,33.0728,7.9692,16.5013,-3.696,11.9926,house_purchase
09679,1177.138,1574,997.68,1268,1047.78,971,1085.546,932,1032.865,651,993.407,772,985.896,666,1047.255,752,1181.253,484,1303.979,470,1414.057,535,1446.908,387,1551.756,421,1895.066,497,2103.533,536,2260.683,1308,2238.092,1059,2082.084,472,3.76,7.38,6.53,-15.2453,5.0217,3.6044,-4.8529,-3.8202,-0.7561,6.2237,12.7952,10.3895,8.4417,2.3232,7.2463,22.124,11.0005,7.4708,-0.9993,-6.9706,house_purchase
09761,1453.686,1580,1416.089,1327,1413.942,1062,1442.019,832,1526.858,660,1663.136,722,1798.504,762,1978.06,695,2240.475,546,2507.857,614,2959.792,570,3108.318,403,3407.441,487,3816.093,489,4248.937,515,3763.942,924,3997.568,1127,3450.792,329,5.56,6.23,0.89,-2.5863,-0.1516,1.9857,5.8833,8.9254,8.1393,9.9836,13.2663,11.9342,18.0208,5.0181,9.6233,11.9929,11.3426,-11.4145,6.207,-13.6777,house_purchase
09762,1153.081,233,1187.69,222,1121.884,174,1161.577,179,1267.224,155,1342.264,163,1345.849,196,1511.571,176,1538.651,92,1730.91,141,2002.97,143,2171.012,77,2408.02,121,2683.344,98,2936.961,99,2799.354,174,2736.337,194,2850.568,77,5.65,6.74,3.62,3.0014,-5.5407,3.5381,9.0951,5.9216,0.2671,12.3136,1.7915,12.4953,15.7177,8.3896,10.9169,11.4336,9.4515,-4.6854,-2.2511,4.1746,house_purchase
09763,1359.257,465,1449.458,330,1382.329,343,1514.638,267,1406.498,143,1635.048,240,1777.748,219,1829.687,154,1852.552,87,2237.498,97,2440.515,93,3000.374,60,2760.831,53,3554.185,71,3012.171,75,3331.257,202,3316.538,152,3507.336,67,6.34,7.54,5.88,6.6361,-4.6313,9.5715,-7.1397,16.2496,8.7276,2.9216,1.2497,20.7792,9.0734,22.9402,-7.9838,28.7361,-15.25,10.5932,-0.4418,5.7529,house_purchase
09771,1272.332,1788,1167.899,1598,1225.21,1231,1325.465,850,1403.683,661,1398.243,852,1515.68,855,1696.912,688,1961.258,519,2114.844,701,2187.55,562,2291.136,466,2716.838,592,3179.992,445,3307.432,539,3008.728,1251,2994.045,1336,2756.035,551,4.97,5.37,0.72,-8.208,4.9072,8.1827,5.9012,-0.3876,8.3989,11.9571,15.5781,7.831,3.4379,4.7353,18.5804,17.0475,4.0076,-9.0313,-0.488,-7.9494,house_purchase
09772,1237.277,4367,1189.012,3803,1228.843,3025,1283.963,2066,1351.749,1593,1349.069,2215,1443.686,2330,1520.756,2168,1560.124,2176,1427.929,4496,1389.995,6026,1359.653,6591,2581.934,1277,2930.764,1209,3212.185,1273,2916.745,2402,2839.139,2597,2968.711,894,6.84,9.5,3.16,-3.9009,3.3499,4.4855,5.2794,-0.1983,7.0135,5.3384,2.5887,-8.4734,-2.6566,-2.1829,89.8965,13.5104,9.6023,-9.1975,-2.6607,4.5638,house_purchase
09773,947.318,655,909.111,635,871.134,537,768.761,465,860.558,539,902.603,642,946.266,694,982.391,715,1244.606,362,1222.42,779,1302.185,534,1516.736,427,1605.497,418,1894.034,414,2158.466,364,2010.64,776,2102.66,901,2079.01,241,5.17,8.23,5.71,-4.0332,-4.1774,-11.7517,11.9409,4.8858,4.8375,3.8176,26.6915,-1.7826,6.5252,16.4762,5.8521,17.9718,13.9613,-6.8487,4.5767,-1.1248,house_purchase
09774,1032.547,1275,895.947,1605,961.239,1210,944.291,939,946.696,807,1098.297,1847,1086.563,860,1213.993,819,1263.925,712,1245.333,1170,1321.304,934,1556.082,432,1914.25,660,2134.857,401,2308.422,458,2264.614,854,2144.152,867,2097.902,398,4.65,5.98,2.06,-13.2294,7.2875,-1.7631,0.2547,16.0137,-1.0684,11.7278,4.113,-1.471,6.1005,17.7687,23.0173,11.5245,8.1301,-1.8977,-5.3193,-2.157,house_purchase
09775,1204.1,1668,1106.642,1827,1168.586,1440,1182.185,1076,1225.347,741,1256.39,1255,1422.972,762,1465.848,795,1566.437,676,1705.544,715,1906.906,689,2095.236,435,2268.573,445,2486.663,482,2813.194,457,2517.025,1400,2490.542,1364,2428.762,611,4.44,5.44,1.74,-8.0938,5.5975,1.1637,3.651,2.5334,13.2588,3.0131,6.8622,8.8805,11.8063,9.8762,8.2729,9.6135,13.1313,-10.5279,-1.0522,-2.4806,house_purchase
09776,1441.437,523,1326.441,718,1413.631,589,1415.825,558,1469.509,367,1577.07,279,1706.142,355,1770.905,296,2077.007,209,2196.733,316,2458.768,252,2701.823,103,3109.484,138,3529.202,136,3066.024,192,3687.991,326,3578.531,328,3356.884,101,5.49,7.14,2.3,-7.9779,6.5732,0.1552,3.7917,7.3195,8.1843,3.7959,17.2851,5.7644,11.9284,9.8852,15.0884,13.498,-13.1242,20.2858,-2.968,-6.1938,house_purchase
09777,1176.408,1182,1091.241,991,1217.429,921,1242.905,1262,1240.234,688,1348.954,769,1315.838,797,1524.007,607,1591.406,477,1664.743,725,2007.527,431,2085.484,280,2293.029,356,2539.726,287,2619.597,317,2895.647,638,2684.688,660,2776.842,541,5.43,6.4,4.12,-7.2396,11.5637,2.0926,-0.2149,8.7661,-2.4549,15.8203,4.4225,4.6083,20.5908,3.8832,9.9519,10.7586,3.1449,10.5379,-7.2854,3.4326,house_purchase
09778,1004.581,1506,923.802,1287,1013.151,932,1110.001,1254,1130.211,719,1146.19,1211,1167.835,1108,1253.882,712,1345.267,903,1541.492,810,1735.408,615,1951.393,291,1853.199,718,2241.885,605,2386.026,654,2383.387,964,2190.846,1346,2376.033,457,5.48,6.95,5.53,-8.0411,9.6719,9.5593,1.8207,1.4138,1.8884,7.3681,7.2882,14.5863,12.5798,12.4458,-5.032,20.9738,6.4295,-0.1106,-8.0785,8.4528,house_purchase
09779,855.139,925,829.139,545,788.039,431,750.166,427,780.652,348,929.878,584,926.787,613,975.171,630,1199.928,385,1251.617,569,1305.748,400,1456.84,364,1779.678,361,1532.181,480,2329.745,343,2241.331,872,1864.183,869,1910.823,411,5.92,8.54,4.01,-3.0404,-4.9569,-4.806,4.0639,19.1156,-0.3324,5.2206,23.048,4.3077,4.3249,11.5713,22.1602,-13.9068,52.0542,-3.795,-16.827,2.5019,house_purchase
09780,1365.191,1121,1334.694,1128,1389.31,894,1328.097,725,1520.052,553,1542.107,603,1706.209,709,2040.714,533,1816.215,453,2135.116,444,2335.81,414,2408.315,240,2645.77,228,3032.261,206,2336.419,465,3274.228,384,3045.301,444,3293.546,209,6.2,6.19,6.59,-2.2339,4.092,-4.406,14.4534,1.4509,10.6414,19.6052,-11.001,17.5585,9.3997,3.1041,9.8598,14.6079,-22.948,40.1387,-6.9918,8.1517,house_purchase
10041,884.322,2358,955.048,2009,975.788,3381,962.863,3170,872.918,1535,898.709,1466,943.688,1662,973.96,1105,931.359,1312,984.929,2659,1004.428,1916,1056.635,1048,1180.471,1154,1353.046,1167,1321.574,807,1420.108,1630,1892.035,3592,1399.088,743,3.4,4.72,5.39,7.9978,2.1716,-1.3246,-9.3414,2.9546,5.0048,3.2078,-4.374,5.7518,1.9797,5.1977,11.7198,14.6192,-2.326,7.4558,33.2318,-26.0538,house_purchase
10042,848.497,1679,958.416,799,899.188,984,760.501,758,774.602,633,788.153,699,840.683,679,738.993,506,864.81,544,907.554,1181,962.737,1061,1096.545,774,1036.143,677,1280.7,862,1518.688,544,1660.819,1185,1824.441,3432,1889.04,1074,5.35,10.14,12.99,12.9546,-6.1798,-15.4236,1.8542,1.7494,6.6649,-12.0961,17.0255,4.9426,6.0804,13.8987,-5.5084,23.6026,18.5827,9.3588,9.8519,3.5408,house_purchase
10043,829.757,2023,840.5,1160,985.938,2045,777.213,1133,692.822,623,756.366,699,762.625,913,825.522,1104,838.629,952,797.711,1364,926.006,1491,897.576,1072,1032.846,1142,1147.362,958,1110.398,684,1163.247,1155,1366.206,1606,1361.22,567,3.49,5.45,5.94,1.2947,17.3037,-21.1702,-10.8582,9.1718,0.8275,8.2474,1.5877,-4.8792,16.0829,-3.0702,15.0706,11.0874,-3.2217,4.7595,17.4476,-0.365,house_purchase
10044,867.853,1670,936.581,1074,1036.992,1600,873.574,617,762.724,706,782.136,1070,865.162,1188,718.583,2112,784.748,1359,974.478,2222,975.138,1705,1042.232,1711,1038.131,1195,1190.847,1117,1217.977,679,1294.686,1492,1724.783,3368,1653.638,1899,4.63,9.23,10.48,7.9193,10.721,-15.7588,-12.6893,2.5451,10.6153,-16.9424,9.2077,24.1772,0.0677,6.8805,-0.3935,14.7107,2.2782,6.2981,33.2202,-4.1249,house_purchase
10045,938.053,1760,979.323,1411,1034.535,2549,869.114,1240,859.193,1074,881.656,1460,928.53,1727,904.648,1189,915.722,1170,898.956,1802,987.727,1246,958.44,995,1128.174,994,1264.747,765,1371.929,604,1475.58,984,1480.914,1213,1920.082,907,4.73,8.22,11.63,4.3995,5.6378,-15.9899,-1.1415,2.6144,5.3166,-2.572,1.2241,-1.8309,9.8749,-2.9651,17.7094,12.1057,8.4746,7.5551,0.3615,29.6552,house_purchase
10046,708.162,1430,677.38,709,801.229,955,653.426,433,640.503,501,630.857,420,691.274,731,610.85,1365,596.809,642,636.919,1331,725.309,824,789.563,513,1050.832,840,1277.233,888,1232.815,438,1180.567,909,1371.831,1528,1535.354,747,5.42,10.22,8.39,-4.3467,18.2835,-18.447,-1.9777,-1.506,9.577,-11.6342,-2.2986,6.7207,13.8777,8.8588,33.0903,21.5449,-3.4777,-4.2381,16.201,11.9201,house_purchase
11000,1346.748,23614,1306.146,21871,1360.999,18161,1451.335,16000,1580.837,12564,1697.272,12200,1789.775,11498,2043.705,11703,2171.004,8922,2340.895,8681,2615.378,7398,2934.583,5283,3197.609,6123,3615.38,5220,3904.451,5586,3726.652,13631,3517.553,17225,3275.486,8373,5.57,5.1,0.8,-3.0148,4.1996,6.6375,8.923,7.3654,5.4501,14.1878,6.2288,7.8255,11.7256,12.2049,8.963,13.0651,7.9956,-4.5538,-5.6109,-6.8817,house_purchase
12051,741.785,207,683.696,385,758.683,202,853.266,234,890.079,385,742.11,343,713.878,282,814.741,262,859.406,313,949.623,335,1104.119,465,1148.331,352,1371.78,706,1684.105,299,1922.123,185,1689.787,625,1702.598,878,1826.101,408,6.01,8.85,6.57,-7.831,10.9679,12.4667,4.3144,-16.6243,-3.8043,14.1289,5.4821,10.4976,16.2692,4.0043,19.4586,22.7679,14.1332,-12.0875,0.7581,7.2538,house_purchase
12052,795.788,386,741.28,272,765.66,240,724.016,315,795.369,198,794.114,173,735.297,282,672.257,423,620.264,567,706.704,282,803.904,149,794.201,90,845.295,101,1019.9,139,1430.342,190,1531.002,219,1700.992,309,1793.561,294,5.55,10.97,16.9,-6.8496,3.2889,-5.439,9.8552,-0.1578,-7.4066,-8.5734,-7.7341,13.936,13.754,-1.207,6.4334,20.6561,40.2434,7.0375,11.1032,5.4421,house_purchase
12054,1320.68,1631,1277.566,1583,1414.062,1496,1363.849,1202,1525.606,1028,1770.546,999,1735.191,997,1650.837,1000,1796.937,899,2107.017,803,2553.505,489,3035.819,356,3184.976,415,3928.106,362,4657.442,455,3669.594,998,3727.906,1449,2990.762,538,5.8,7.36,0.5,-3.2645,10.6841,-3.551,11.8603,16.0553,-1.9968,-4.8614,8.8501,17.256,21.1905,18.8883,4.9132,23.3324,18.5671,-21.2101,1.5891,-19.7737,house_purchase
12060,801.277,2614,773.076,2854,805.858,2431,840.907,2177,845.188,1440,909.002,1581,880.549,1593,1021.761,1706,1106.357,1156,1237.671,1858,1328.247,2142,1419.979,1262,1823.842,1169,1998.781,1552,2306.829,1452,2288.283,2603,2187.828,3332,2180.109,1930,6.37,8.23,3.89,-3.5195,4.2405,4.3493,0.5091,7.5503,-3.1301,16.0368,8.2794,11.869,7.3183,6.9062,28.4415,9.5918,15.4118,-0.804,-4.39,-0.3528,house_purchase
12061,880.118,2313,824.383,2522,860.408,2900,877.457,2981,874.76,2068,902.248,1976,962.252,2062,996.999,3111,1065.013,2502,1096.837,2236,1307.879,2592,1622.521,1478,1854.677,1563,2407.241,1273,2503.704,1996,2164.918,5233,2218.883,5414,2160.036,2679,5.92,8.75,4.02,-6.3327,4.3699,1.9815,-0.3074,3.1423,6.6505,3.611,6.8219,2.9881,19.241,24.0574,14.3084,29.793,4.0072,-13.5314,2.4927,-2.6521,house_purchase
12062,500.088,344,424.172,784,455.595,498,437.106,555,412.592,424,439.092,431,468.251,448,488.91,426,454.425,706,538.628,716,524.526,532,643.478,692,655.923,720,653.774,545,881.027,698,1016.493,692,1050.993,1307,1233.696,1144,6.12,10.41,14.12,-15.1805,7.4081,-4.0582,-5.6083,6.4228,6.6407,4.412,-7.0534,18.5296,-2.6181,22.678,1.934,-0.3276,34.7602,15.3759,3.394,17.3838,house_purchase
12063,862.044,2412,811.629,2497,839.579,2109,896.988,2123,894.506,1856,921.782,2066,991.387,1884,1137.969,2045,1139.391,1453,1254.382,2271,1400.738,2529,1542.116,2257,1740.443,2089,2218.339,2112,2448.405,2061,2358.687,5400,2297.802,4568,2227.698,2098,6.05,7.34,5.71,-5.8483,3.4437,6.8378,-0.2767,3.0493,7.5511,14.7855,0.125,10.0923,11.6676,10.0931,12.8607,27.4583,10.3711,-3.6643,-2.5813,-3.0509,house_purchase
12064,774.898,2904,719.056,3022,765.492,2270,790.404,2245,788.638,1649,780.244,1542,936.185,1843,944.486,2630,845.066,1973,911.029,2210,1146.74,1948,1271.08,1251,1666.221,1285,1874.519,1423,2337.94,1774,2159.443,3547,2118.546,4422,2045.228,2159,6.55,8.93,4.85,-7.2064,6.4579,3.2544,-0.2234,-1.0644,19.9862,0.8867,-10.5264,7.8057,25.8731,10.8429,31.087,12.5012,24.7221,-7.6348,-1.8939,-3.4608,house_purchase
12065,915.084,4184,857.208,3499,875.202,3556,915.24,3179,992.827,2814,987.363,3454,1047.271,2459,996.464,4223,1210.216,2076,1328.885,2610,1693.848,3307,1561.809,2066,2006.021,2572,2195.711,1962,2514.436,1627,2292.23,3239,2205.689,4603,2168.103,2892,5.79,8.9,1.93,-6.3247,2.0991,4.5747,8.4772,-0.5503,6.0675,-4.8514,21.4511,9.8056,27.4639,-7.7952,28.4421,9.456,14.5158,-8.8372,-3.7754,-1.704,house_purchase
12066,628.91,552,500.314,306,520.824,348,596.425,471,550.55,350,515.758,349,531.305,448,557.959,542,519.319,665,551.075,787,642.666,656,665.566,717,690.567,752,828.181,638,1052.17,672,961.993,681,1143.195,813,1516.218,769,6.19,11.3,17.97,-20.4474,4.0994,14.5157,-7.6917,-6.3195,3.0144,5.0167,-6.9252,6.1149,16.6204,3.5633,3.7564,19.9277,27.0459,-8.5706,18.8361,32.6299,house_purchase
12067,787.855,1443,772.621,1303,788.524,1362,808.473,1409,784.722,1067,827.362,1334,857.493,1317,798.537,2338,742.786,1712,893.389,1450,1109.082,1524,1307.845,699,1560.113,627,1936.322,845,2239.406,1088,2105.411,1917,2106.948,2689,2128.437,1293,6.56,10.95,6.98,-1.9336,2.0583,2.5299,-2.9378,5.4338,3.6418,-6.8754,-6.9816,20.2754,24.1432,17.9214,19.2888,24.1142,15.6526,-5.9835,0.073,1.0199,house_purchase
12068,662.155,660,636.771,639,702.64,547,910.703,1007,793.52,818,705.24,669,742.775,885,712.199,635,785.843,460,777.02,433,837.212,566,896.646,535,1144.259,614,1240.818,547,1552.061,357,1487.336,812,1427.017,1402,1770.226,512,6.73,10.1,9.87,-3.8335,10.3442,29.6116,-12.8673,-11.1251,5.3223,-4.1165,10.3404,-1.1227,7.7465,7.099,27.6155,8.4386,25.0837,-4.1703,-4.0555,24.0508,house_purchase
12069,1015.272,4485,996.212,4605,1024.856,3944,1043.985,3331,1032.011,3294,1104.598,3189,1113.088,2703,1123.953,2670,1158.13,2451,1263.985,2638,1428.399,2878,1526.084,1476,1805.609,2105,2157.617,1477,2471.794,1937,2411.495,4672,2218.176,7238,2375.16,2537,5.38,8.1,6.14,-1.8773,2.8753,1.8665,-1.147,7.0335,0.7686,0.9761,3.0408,9.1402,13.0076,6.8388,18.3165,19.4953,14.5613,-2.4395,-8.0166,7.0772,house_purchase
12070,496.371,370,465.168,379,474.713,412,643.821,783,670.586,672,655.517,613,763.77,706,753.232,1039,757.433,663,827.138,542,691.902,852,633.299,411,871.434,267,853.192,267,1027.335,233,1255.821,360,1123.127,758,1362.558,401,7.19,7.39,10.26,-6.2862,2.0519,35.6232,4.1572,-2.2471,16.5141,-1.3797,0.5577,9.2028,-16.3499,-8.4698,37.6023,-2.0933,20.4108,22.2407,-10.5663,21.3182,house_purchase
12071,651.756,589,535.766,559,571.955,442,596.786,457,570.978,322,503.044,468,512.496,548,563.068,914,551.019,821,569.119,928,633.28,693,724.197,436,808.257,448,976.091,333,1268.269,507,1182.36,1088,1231.74,1257,1435.574,777,5.4,10.3,12.93,-17.7965,6.7546,4.3414,-4.3245,-11.8978,1.879,9.8678,-2.1399,3.2848,11.2737,14.3565,11.6073,20.7649,29.9335,-6.7737,4.1764,16.5485,house_purchase
12072,819.272,3026,786.442,3598,848.367,3375,838.883,2560,858.36,2313,874.237,1914,907.656,2108,973.015,2335,1022.841,2267,1071.543,2917,1210.542,2958,1328.851,1661,1717.302,1698,1913.819,1796,2161.614,2132,2182.118,3605,2143.93,5279,2061.31,2629,5.86,8.16,3.95,-4.0072,7.8741,-1.1179,2.3218,1.8497,3.8226,7.2009,5.1208,4.7614,12.9719,9.7732,29.2321,11.4434,12.9477,0.9486,-1.75,-3.8537,house_purchase
12073,523.235,530,543.487,619,569.798,679,630.048,678,618.8,489,713.194,489,635.16,477,660.193,435,625.521,388,679.831,653,706.647,1040,862.354,703,863.242,483,1184.384,361,1341.769,428,1426.847,975,1400.16,629,1408.359,358,6.52,8.51,11.11,3.8705,4.8411,10.5739,-1.7853,15.2544,-10.9415,3.9412,-5.2518,8.6824,3.9445,22.0346,0.103,37.2019,13.2883,6.3407,-1.8703,0.5856,house_purchase
13003,1044.038,573,1106.59,555,1197.417,772,1128.351,415,1156.693,329,1282.661,277,1600.341,260,1433.94,283,1578.499,229,1866.034,194,2210.916,222,2402.371,125,2574.321,101,3399.594,96,3346.043,156,2842.232,438,2878.665,767,2572.613,440,6.17,6.87,1.22,5.9914,8.2078,-5.7679,2.5118,10.8904,24.7673,-10.3978,10.0812,18.2157,18.4821,8.6595,7.1575,32.0579,-1.5752,-15.0569,1.2818,-10.6317,house_purchase
13004,864.476,439,882.135,368,904.688,275,893.211,364,922.781,216,1048.51,400,1159.736,542,1196.708,151,1206.202,144,1174.14,173,1486.509,187,1374.464,152,1401.795,138,1716.284,117,2074.037,114,2013.913,256,2092.899,160,2096.118,94,5.75,6.36,8.89,2.0427,2.5566,-1.2686,3.3105,13.625,10.608,3.188,0.7933,-2.6581,26.6041,-7.5375,1.9885,22.4347,20.8446,-2.8989,3.922,0.1538,house_purchase
13071,618.77,2102,613.525,2079,663.226,1900,714.621,2170,658.6,1752,681.454,2062,691.736,2003,770.779,1989,765.56,1519,770.783,1524,788.281,1271,958.991,857,950.267,879,1058.806,961,1321.485,1040,1289.634,1866,1348.487,1876,1387.96,941,5.17,6.43,8.26,-0.8476,8.1009,7.7492,-7.8393,3.4701,1.5088,11.4268,-0.6771,0.6822,2.2702,21.656,-0.9097,11.4219,24.809,-2.4102,4.5635,2.9272,house_purchase
13072,748.16,2297,698.404,2157,719.737,2183,756.57,2116,736.477,1702,840.781,2214,814.933,2162,863.359,1648,956.215,1245,1022.319,1100,1053.573,1229,1102.823,917,1270.859,946,1351.526,983,1775.889,1076,1794.093,2806,1861.283,2663,1958.316,1286,6.13,8.84,9.55,-6.6504,3.0545,5.1176,-2.6558,14.1626,-3.0743,5.9423,10.7552,6.9131,3.0572,4.6746,15.2369,6.3474,31.3988,1.0251,3.7451,5.2132,house_purchase
13073,873.626,2181,823.962,2035,937.926,2093,940.494,2578,879.368,2368,1006.891,3442,988.81,3606,914.536,3147,987.418,2703,1226.028,2533,1387.29,1776,1506.627,951,1705.446,1199,1915.471,1126,2540.697,1441,2157.965,2353,2155.442,3154,2253.724,1371,6.38,10.14,6.87,-5.6848,13.8312,0.2738,-6.4994,14.5017,-1.7957,-7.5115,7.9693,24.165,13.1532,8.6022,13.1963,12.315,32.6408,-15.0641,-0.1169,4.5597,house_purchase
13074,768.14,1352,741.689,1512,776.889,1330,784.303,1225,754.854,1163,795.338,1647,804.209,1574,849.504,1173,833.206,1370,848.93,1692,1071.111,1005,1179.609,754,1380.509,998,1475.433,1034,1757.722,618,1734.527,1471,1905.0,1752,1997.069,598,6.07,9.27,7.87,-3.4435,4.7459,0.9543,-3.7548,5.3632,1.1154,5.6322,-1.9185,1.8872,26.1719,10.1295,17.0311,6.876,19.1326,-1.3196,9.8282,4.833,house_purchase
13075,695.039,1756,631.433,1623,736.712,1447,732.381,1845,730.632,1541,838.782,1765,767.953,2217,739.656,2429,724.069,2086,717.595,2668,818.56,1911,975.997,849,1125.535,890,1280.343,819,1532.698,880,1526.446,2131,1679.043,2932,1759.4,897,6.05,9.35,9.57,-9.1514,16.673,-0.5879,-0.2388,14.8023,-8.4443,-3.6847,-2.1073,-0.8941,14.0699,19.2334,15.3216,13.7542,19.71,-0.4079,9.9969,4.7859,house_purchase
13076,610.034,1662,551.901,2077,608.353,1562,641.207,1763,606.177,1656,645.689,2045,620.39,2679,723.829,1768,660.581,1799,668.522,1777,682.011,1415,867.359,800,900.47,968,1058.671,1180,1448.543,941,1266.995,1396,1302.022,1338,1432.95,614,5.89,8.02,10.94,-9.5295,10.2286,5.4005,-5.4631,6.5182,-3.9181,16.6732,-8.738,1.2021,2.0177,27.1767,3.8175,17.5687,36.8265,-12.5331,2.7646,10.0557,house_purchase
14511,785.22,1015,757.447,1248,824.026,886,747.203,1036,746.015,827,792.872,962,771.03,840,787.862,916,814.507,1211,843.877,944,923.988,435,1042.32,348,1130.936,289,1254.818,312,1245.126,430,1375.527,759,1440.319,1002,1671.907,611,4.75,7.92,8.29,-3.537,8.7899,-9.3229,-0.159,6.281,-2.7548,2.1831,3.3819,3.6059,9.4932,12.8067,8.5018,10.9539,-0.7724,10.4729,4.7103,16.0789,house_purchase
14521,657.278,1250,635.731,1317,679.176,1597,589.99,1028,595.449,1077,617.815,1341,649.397,1247,593.816,1275,628.525,2032,620.492,2016,664.519,1340,894.252,3398,904.355,3397,924.844,3170,957.073,2507,1150.284,3351,1235.718,3092,1319.923,1513,4.66,8.75,8.04,-3.2782,6.8339,-13.1315,0.9253,3.7562,5.1119,-8.5589,5.8451,-1.2781,7.0955,34.5713,1.1298,2.2656,3.4848,20.1877,7.4272,6.8143,house_purchase
14522,607.906,1627,564.352,1786,552.013,1827,536.82,1686,580.297,1733,599.424,2115,573.405,2006,541.282,1817,655.151,2227,579.575,2479,643.648,2221,728.649,2503,763.063,3836,823.996,3494,1031.063,2911,1198.857,4138,1256.181,3830,1353.732,1622,5.28,10.04,12.39,-7.1646,-2.1864,-2.7523,8.099,3.2961,-4.3407,-5.6021,21.0369,-11.5357,11.0552,13.2061,4.723,7.9853,25.1296,16.2739,4.7816,7.7657,house_purchase
14523,563.747,621,611.269,872,567.683,781,575.473,918,491.845,791,453.419,1061,497.003,1343,562.95,1268,590.321,1332,611.301,1306,634.115,1133,640.6,1055,808.849,1320,896.913,1477,802.167,1035,1026.165,1271,1099.043,2153,1102.538,1099,4.61,7.51,7.13,8.4297,-7.1304,1.3722,-14.532,-7.8126,9.6123,13.2689,4.8621,3.554,3.732,1.0227,26.2643,10.8876,-10.5636,27.9241,7.102,0.318,house_purchase
14524,634.037,1297,632.197,1828,593.801,1437,580.031,1486,561.236,1359,584.72,1349,591.079,1487,673.72,1584,653.879,1779,687.056,1590,685.947,1088,713.782,1002,828.888,1473,951.13,1629,993.845,1679,1048.175,2044,1160.836,3039,1220.216,1239,4.12,6.27,8.11,-0.2902,-6.0734,-2.319,-3.2403,4.1843,1.0875,13.9814,-2.945,5.0739,-0.1614,4.0579,16.1262,14.7477,4.491,5.4666,10.7483,5.1153,house_purchase
14612,1006.759,2341,1013.397,2255,1072.266,2286,1125.876,1780,1242.332,1694,1379.191,1722,1530.979,1926,1571.222,1726,1434.348,1782,1342.073,901,1339.668,398,1299.878,267,2020.611,194,2231.43,543,2444.829,816,2292.93,1375,2367.9,1208,2191.362,507,5.48,4.68,1.92,0.6593,5.8091,4.9997,10.3436,11.0163,11.0056,2.6286,-8.7113,-6.4332,-0.1792,-2.9701,55.4462,10.4334,9.5633,-6.2131,3.2696,-7.4555,house_purchase
14625,586.46,1684,580.349,1664,634.761,2148,631.525,1939,697.353,1203,680.217,1256,663.565,1286,711.999,1392,790.619,1786,700.657,1572,763.803,2773,737.814,1899,802.983,1763,975.292,2178,1284.816,2136,1309.858,2665,1334.95,2568,1316.306,1205,5.32,6.98,11.13,-1.042,9.3757,-0.5098,10.4237,-2.4573,-2.448,7.2991,11.0422,-11.3787,9.0124,-3.4026,8.8327,21.4586,31.7365,1.9491,1.9156,-1.3966,house_purchase
14626,498.206,987,455.874,817,475.426,1044,470.305,931,443.787,635,404.002,676,494.304,724,495.313,587,565.403,1209,451.55,1452,611.058,2060,627.784,1048,587.237,810,779.323,1341,897.722,945,990.226,1385,1031.384,1201,977.386,639,5.02,8.27,11.43,-8.4969,4.2889,-1.0771,-5.6385,-8.9649,22.3519,0.2041,14.1506,-20.1366,35.3245,2.7372,-6.4588,32.7101,15.1925,10.3043,4.1564,-5.2355,house_purchase
14627,802.518,1626,771.903,1721,808.391,1481,770.781,1484,935.627,1628,899.656,1759,900.401,1924,928.455,1810,1062.986,1871,1009.59,1337,928.225,1265,967.467,1281,1120.665,1322,1206.771,2194,1543.909,1977,1602.669,3924,1625.709,3070,1610.763,1478,4.61,6.14,7.99,-3.8149,4.727,-4.6525,21.3869,-3.8446,0.0828,3.1157,14.4898,-5.0232,-8.0592,4.2276,15.835,7.6835,27.9372,3.8059,1.4376,-0.9194,house_purchase
14628,719.113,1672,720.976,1773,726.47,1600,711.845,1764,794.706,1807,739.902,1814,758.316,1703,847.254,2014,864.418,2202,845.284,1554,875.04,1644,871.926,1286,1016.05,1063,1155.961,1558,1512.75,1326,1453.608,2296,1405.407,2032,1507.571,948,4.83,6.42,8.94,0.2591,0.762,-2.0132,11.6403,-6.8961,2.4887,11.7284,2.0258,-2.2135,3.5202,-0.3559,16.5294,13.7701,30.8651,-3.9096,-3.316,7.2694,house_purchase
14713,692.376,7362,857.34,2567,950.512,2686,899.594,2886,917.781,3439,1065.359,3235,1147.171,3022,1127.079,3744,1231.197,2105,1314.48,1239,1655.676,412,1684.736,437,2046.79,588,2536.477,711,2680.675,1129,2477.357,2426,2440.496,3089,2402.368,1171,8.09,8.42,3.79,23.8258,10.8676,-5.3569,2.0217,16.0799,7.6793,-1.7514,9.2379,6.7644,25.9567,1.7552,21.4903,23.9246,5.685,-7.5846,-1.4879,-1.5623,house_purchase
14729,757.842,2991,771.014,2989,753.569,2569,729.187,2674,748.48,2547,788.256,2962,812.043,2779,887.09,2870,913.921,3197,875.222,3059,953.371,2676,1070.146,3146,1137.483,3248,1259.338,4564,1482.98,4627,1666.389,7528,1781.654,8741,1882.967,3375,5.66,7.97,10.69,1.7381,-2.2626,-3.2355,2.6458,5.3142,3.0177,9.2418,3.0246,-4.2344,8.929,12.2486,6.2923,10.7127,17.7587,12.3676,6.9171,5.6865,house_purchase
14730,682.882,1727,633.059,1426,640.615,1108,638.472,1632,647.541,2058,678.729,1843,664.958,1456,767.347,1816,808.833,1540,909.524,1639,880.283,1716,936.806,2094,964.331,2105,1274.305,2937,1525.055,2655,1647.593,3794,1626.676,4693,1664.578,2218,5.77,8.49,12.18,-7.296,1.1936,-0.3345,1.4204,4.8164,-2.0289,15.3978,5.4064,12.4489,-3.215,6.421,2.9382,32.1439,19.6774,8.035,-1.2695,2.33,house_purchase
15001,648.323,212,755.756,274,657.404,273,732.12,359,574.098,312,594.421,277,599.291,366,595.124,285,642.503,298,798.047,241,853.292,276,1061.946,269,1080.991,302,1259.828,684,1445.595,774,1350.82,479,1497.962,639,1441.702,218,5.54,9.72,6.37,16.5709,-13.0137,11.3653,-21.5842,3.54,0.8193,-0.6953,7.9612,24.2091,6.9225,24.4528,1.7934,16.5438,14.7454,-6.5561,10.8928,-3.7558,house_purchase
15002,788.412,745,742.585,633,880.775,597,882.124,691,945.941,479,964.683,442,943.608,651,1067.366,356,1066.469,473,1074.592,449,1243.478,205,1296.955,270,1583.666,138,1785.19,425,1959.662,460,1867.309,834,1807.854,912,2033.248,286,6.06,6.99,5.41,-5.8126,18.6093,0.1532,7.2345,1.9813,-2.1847,13.1154,-0.084,0.7617,15.7163,4.3006,22.1065,12.7252,9.7733,-4.7127,-3.184,12.4675,house_purchase
15003,824.614,658,765.077,793,782.579,800,838.251,508,874.424,537,872.396,659,991.054,662,920.344,723,1025.365,839,1053.496,1411,1139.149,1705,1193.847,741,1277.899,1630,1494.156,1669,1658.483,1333,1902.32,1759,1916.005,1916,1968.307,1095,5.47,8.02,9.21,-7.22,2.2876,7.1139,4.3153,-0.2319,13.6014,-7.1348,11.4111,2.7435,8.1304,4.8017,7.0404,16.9229,10.998,14.7024,0.7194,2.7297,house_purchase
15081,529.485,289,468.141,352,534.671,490,508.738,485,590.862,617,547.203,562,619.785,785,714.385,837,638.6,648,762.364,585,783.495,682,839.697,279,875.077,526,1037.822,774,1289.044,400,1414.756,560,1392.754,950,1385.468,626,6.38,7.34,10.1,-11.5856,14.2115,-4.8503,16.1427,-7.389,13.2642,15.2634,-10.6084,19.3805,2.7718,7.1732,4.2134,18.5978,24.2067,9.7523,-1.5552,-0.5231,house_purchase
15082,516.107,601,560.015,780,523.195,695,544.612,597,472.419,873,411.083,730,460.623,880,557.113,1038,605.397,1165,572.833,1441,623.401,1185,723.288,886,838.346,1156,1046.538,1501,1328.985,1528,1301.27,1527,1334.421,2256,1419.995,997,6.8,10.27,11.74,8.5075,-6.5748,4.0935,-13.2559,-12.9834,12.0511,20.9477,8.6668,-5.3789,8.8277,16.0229,15.9076,24.8337,26.9887,-2.0854,2.5476,6.4128,house_purchase
15083,545.65,942,521.689,1269,539.596,1012,571.535,866,550.984,926,531.139,889,559.815,1196,658.253,968,681.423,1007,808.508,1808,841.216,2384,925.618,2014,994.121,2582,1148.841,3396,1331.132,2280,1284.777,2475,1362.36,2800,1409.457,1845,5.99,8.11,7.49,-4.3913,3.4325,5.9191,-3.5958,-3.6017,5.399,17.584,3.5199,18.6499,4.0455,10.0333,7.4008,15.5635,15.8674,-3.4824,6.0386,3.457,house_purchase
15084,479.303,897,493.664,749,464.112,619,490.074,677,490.446,770,464.113,775,594.799,865,556.64,792,629.673,968,662.78,1063,713.032,946,903.584,1087,914.968,1168,1036.684,1432,1192.849,1013,1400.249,1768,1436.646,2312,1474.217,1136,7.29,10.49,10.19,2.9962,-5.9863,5.5939,0.0759,-5.3692,28.1582,-6.4154,13.1203,5.2578,7.582,26.7242,1.2599,13.3028,15.0639,17.3869,2.5993,2.6152,house_purchase
15085,598.721,1265,582.281,2139,597.309,1554,503.527,1003,504.828,1074,461.212,1146,547.786,1227,549.14,1302,559.596,1037,590.777,1143,787.195,2147,791.197,2134,827.875,2113,956.143,1663,1112.029,1328,1335.244,2111,1306.29,2111,1282.138,1202,5.21,9.37,9.57,-2.7459,2.5809,-15.7008,0.2584,-8.6398,18.771,0.2472,1.9041,5.5721,33.2474,0.5084,4.6358,15.4936,16.3036,20.0728,-2.1684,-1.8489,house_purchase
15086,567.085,514,585.269,732,636.626,643,602.629,507,615.477,530,591.984,520,621.905,361,673.522,545,810.751,743,808.408,1008,831.059,1540,852.401,891,939.661,1038,1096.759,1002,1263.026,818,1432.439,1310,1422.563,1871,1492.216,770,6.09,8.52,9.9,3.2066,8.7749,-5.3402,2.132,-3.817,5.0544,8.2998,20.3748,-0.289,2.8019,2.568,10.237,16.7186,15.1598,13.4133,-0.6895,4.8963,house_purchase
15087,439.703,455,440.265,433,513.654,572,424.196,681,392.187,561,366.457,666,557.854,986,440.614,625,432.178,451,508.443,809,619.165,1077,648.078,1165,783.427,776,774.846,927,950.153,847,885.751,1024,801.107,1044,808.472,774,5.04,6.92,1.22,0.1278,16.6693,-17.416,-7.5458,-6.5606,52.229,-21.0163,-1.9146,17.6467,21.7767,4.6697,20.8847,-1.0953,22.6248,-6.7781,-9.5562,0.9194,house_purchase
15088,636.142,1196,611.218,1547,622.259,1215,611.03,1160,622.93,962,600.286,935,642.022,1520,655.78,1058,681.966,1684,708.748,1612,822.278,1650,933.925,1288,1034.841,1658,1272.286,2453,1507.823,2064,1469.408,2246,1459.462,3449,1629.312,1806,5.98,9.82,9.97,-3.918,1.8064,-1.8046,1.9475,-3.6351,6.9527,2.1429,3.9931,3.9272,16.0184,13.5778,10.8056,22.9451,18.5129,-2.5477,-0.6769,11.6379,house_purchase
15089,474.992,967,502.415,1222,520.884,860,498.953,856,445.255,1126,425.954,968,420.903,1260,505.59,939,568.01,1011,587.644,1528,710.829,1900,695.625,1705,743.247,1747,891.519,1899,1065.029,1304,1110.928,2257,1114.511,2986,1129.794,1786,5.64,8.69,9.08,5.7734,3.676,-4.2103,-10.7621,-4.3348,-1.1858,20.1203,12.346,3.4566,20.9625,-2.1389,6.8459,19.9492,19.4623,4.3096,0.3225,1.3713,house_purchase
15090,522.456,420,532.35,839,455.137,570,454.385,631,580.739,1065,529.029,1067,528.498,1254,596.488,1284,603.43,976,626.957,863,665.716,830,732.044,356,772.082,595,915.448,869,1140.407,494,1208.051,791,1076.972,845,1207.492,375,5.64,7.7,10.07,1.8937,-14.5042,-0.1652,27.8077,-8.9042,-0.1004,12.8648,1.1638,3.8989,6.1821,9.9634,5.4693,18.5688,24.5737,5.9316,-10.8505,12.1192,house_purchase
15091,546.798,363,511.658,569,458.237,443,504.905,483,511.252,446,541.842,568,533.317,580,541.669,747,538.205,638,508.58,744,575.018,662,676.15,460,718.249,729,1035.428,1031,1351.366,1061,1184.982,1070,1151.879,997,1174.544,551,5.46,9.23,12.31,-6.4265,-10.4408,10.1842,1.2571,5.9834,-1.5733,1.566,-0.6395,-5.5044,13.0634,17.5876,6.2263,44.16,30.5128,-12.3123,-2.7935,1.9677,house_purchase
16051,887.009,934,878.308,941,834.104,838,968.848,730,1006.249,528,1166.968,343,1214.358,548,1231.535,730,1321.88,425,1252.243,431,1721.797,462,2078.777,258,1908.03,212,2145.764,286,2470.209,378,2399.389,642,2157.78,938,2058.37,407,5.74,6.21,2.01,-0.9809,-5.0329,16.1543,3.8604,15.9721,4.061,1.4145,7.336,-5.268,37.497,20.733,-8.2138,12.4597,15.1203,-2.867,-10.0696,-4.607,house_purchase
16053,1000.792,454,1005.228,380,990.245,503,1587.828,202,1332.646,127,1427.676,132,1379.325,128,1699.717,135,1623.213,100,1790.632,70,1763.321,109,2212.731,171,2309.93,111,2726.226,115,3185.003,99,2254.318,267,2530.386,354,2074.369,210,6.13,3.4,-0.03,0.4432,-1.4905,60.347,-16.0711,7.1309,-3.3867,23.2282,-4.501,10.314,-1.5252,25.4866,4.3927,18.022,16.8283,-29.2209,12.2462,-18.0216,house_purchase
16054,613.17,173,604.889,181,576.083,237,550.3,115,581.898,94,592.726,141,759.084,174,842.538,138,718.887,92,785.186,120,875.471,269,978.894,463,1002.471,542,1067.687,457,1181.476,472,1298.148,515,1356.543,621,1233.606,190,4.64,4.27,4.49,-1.3505,-4.7622,-4.4756,5.742,1.8608,28.0666,10.994,-14.676,9.2225,11.4985,11.8134,2.4085,6.5055,10.6575,9.8751,4.4983,-9.0625,house_purchase
16056,751.038,165,677.263,150,579.769,237,859.982,133,703.688,125,748.673,104,739.678,111,932.429,199,1008.397,88,920.906,99,1038.424,130,1155.896,515,1142.558,444,1353.599,252,1757.472,160,1364.525,162,1406.198,380,1416.109,124,5.25,5.21,5.94,-9.8231,-14.3953,48.3318,-18.1741,6.3927,-1.2015,26.0588,8.1473,-8.6762,12.7611,11.3125,-1.1539,18.4709,29.837,-22.3586,3.054,0.7048,house_purchase
16061,563.403,265,579.968,459,629.583,378,700.571,236,611.948,229,682.739,203,743.535,264,861.073,335,766.018,359,728.691,298,799.96,250,988.898,494,981.333,382,965.36,447,1167.992,342,1284.746,687,1275.591,1331,1247.515,590,5.27,4.32,5.29,2.9402,8.5548,11.2754,-12.6501,11.5681,8.9047,15.808,-11.0391,-4.8729,9.7804,23.6184,-0.765,-1.6277,20.9903,9.9961,-0.7126,-2.201,house_purchase
16062,510.894,270,542.983,343,561.722,422,519.561,331,481.266,214,464.554,254,538.13,369,607.586,378,683.728,460,714.469,345,760.697,248,983.374,519,965.549,418,1010.47,318,1103.576,381,1245.181,535,1202.811,756,1273.807,372,5.9,8.02,5.84,6.281,3.4511,-7.5057,-7.3706,-3.4725,15.838,12.9069,12.5319,4.4961,6.4703,29.2728,-1.8126,4.6524,9.2141,12.8315,-3.4027,5.9025,house_purchase
16063,601.551,686,599.91,823,536.831,1073,561.528,632,533.596,548,470.097,575,617.723,535,729.072,513,666.279,302,685.839,347,722.774,417,943.295,736,981.334,767,1051.903,710,1300.781,948,1311.904,1812,1386.925,2081,1427.879,1014,5.94,7.46,8.08,-0.2728,-10.5147,4.6005,-4.9743,-11.9002,31.4033,18.0257,-8.6127,2.9357,5.3854,30.5104,4.0326,7.1911,23.6598,0.8551,5.7185,2.9529,house_purchase
16064,556.127,420,506.285,626,545.927,609,479.627,536,505.236,542,531.697,504,533.19,496,644.599,406,652.551,517,557.908,833,672.09,684,800.707,856,767.052,696,840.47,544,1190.794,746,1189.571,1388,1169.061,1821,1208.668,708,5.5,7.49,10.56,-8.9623,7.83,-12.1445,5.3394,5.2374,0.2808,20.8948,1.2336,-14.5035,20.4661,19.1369,-4.2032,9.5715,41.6819,-0.1027,-1.7242,3.3879,house_purchase
16065,497.261,244,495.744,344,489.886,341,497.116,244,515.853,222,429.498,374,431.05,430,536.531,313,552.633,272,537.802,351,522.863,389,502.035,342,475.316,333,672.511,209,938.709,237,998.148,441,1034.988,842,1163.524,455,6.09,9.17,20.7,-0.3051,-1.1817,1.4759,3.7691,-16.7402,0.3614,24.4707,3.0011,-2.6837,-2.7778,-3.9835,-5.3221,41.4871,39.5827,6.332,3.6908,12.4191,house_purchase
16066,569.931,637,541.775,547,492.622,953,563.724,577,656.925,484,622.712,636,581.402,759,692.76,707,618.011,362,668.468,362,701.234,518,890.093,1201,910.222,1053,1007.214,730,1109.125,1012,1341.435,1696,1347.182,2239,1334.272,1108,5.7,7.27,8.24,-4.9402,-9.0726,14.4334,16.5331,-5.2081,-6.6339,19.1534,-10.79,8.1644,4.9017,26.9324,2.2614,10.6559,10.1181,20.9453,0.4284,-0.9583,house_purchase
16067,635.614,752,604.201,867,612.795,1304,670.561,455,590.146,464,609.628,522,692.254,540,887.678,512,798.361,437,703.597,478,786.627,606,952.162,1530,1053.083,1498,1116.814,1022,1195.768,1258,1352.439,1273,1333.687,2501,1348.243,982,5.08,4.74,5.19,-4.9422,1.4224,9.4266,-11.9922,3.3012,13.5535,28.2301,-10.0619,-11.8698,11.8008,21.0436,10.5991,6.0518,7.0696,13.1021,-1.3865,1.0914,house_purchase
16068,597.737,411,518.252,482,531.642,370,531.249,350,550.307,270,440.419,187,534.971,191,751.51,264,772.975,213,756.756,281,796.134,301,1061.566,578,958.436,358,1027.098,207,1345.363,468,1293.203,753,1325.954,1302,1428.881,674,6.41,7.42,8.91,-13.2977,2.5837,-0.0739,3.5874,-19.9685,21.4686,40.4768,2.8562,-2.0983,5.2035,33.3401,-9.7149,7.164,30.9868,-3.877,2.5325,7.7625,house_purchase
16069,577.859,261,568.708,290,478.323,381,448.469,177,488.23,208,485.714,282,398.068,282,682.473,312,599.395,216,606.938,197,656.094,295,851.205,493,914.27,734,1077.951,772,1149.133,701,1172.339,776,1153.367,727,1180.621,316,5.86,6.16,5.45,-1.5836,-15.893,-6.2414,8.8659,-0.5153,-18.0448,71.4463,-12.1731,1.2584,8.099,29.7383,7.4089,17.9029,6.6035,2.0194,-1.6183,2.363,house_purchase
16070,602.929,345,584.487,375,591.42,507,700.127,245,644.68,392,588.596,422,710.907,333,749.711,303,941.398,399,840.714,704,931.906,499,988.624,891,975.23,940,1066.979,714,1218.867,682,1224.311,718,1232.307,910,1311.042,505,5.16,6.16,6.23,-3.0587,1.1862,18.3807,-7.9196,-8.6995,20.7801,5.4584,25.5681,-10.6952,10.847,6.0862,-1.3548,9.4079,14.2353,0.4466,0.6531,6.3892,house_purchase
16071,650.238,809,625.335,791,639.287,1176,707.632,465,698.22,424,680.918,427,753.962,493,797.849,639,854.097,632,793.231,519,932.077,550,1113.456,926,1178.408,807,1312.834,745,1465.506,892,1574.791,1022,1664.212,1396,1569.561,648,5.59,7.32,6.1,-3.8298,2.2311,10.6908,-1.3301,-2.478,10.7273,5.8209,7.05,-7.1264,17.5039,19.4597,5.8334,11.4074,11.6292,7.4572,5.6783,-5.6874,house_purchase
16072,577.445,218,516.779,378,555.51,338,532.612,217,506.914,232,497.853,265,437.346,273,511.549,284,443.794,206,672.417,135,841.266,144,955.061,189,868.63,337,950.7,318,1172.237,249,986.214,312,1092.022,312,826.52,107,3.66,7.12,0.66,-10.5059,7.4947,-4.122,-4.8249,-1.7875,-12.1536,16.9667,-13.2451,51.5156,25.1108,13.5266,-9.0498,9.4482,23.3025,-15.8691,10.7287,-24.3129,house_purchase
16073,609.788,410,555.289,744,677.371,628,562.721,331,479.046,303,509.442,305,436.35,521,547.646,375,501.031,446,515.231,619,598.878,558,567.598,570,804.402,713,781.003,337,910.251,274,971.39,492,1435.665,1070,1553.173,634,7.19,12.34,15.27,-8.9374,21.9853,-16.9257,-14.8697,6.3451,-14.3475,25.5061,-8.5119,2.8342,16.2349,-5.2231,41.7204,-2.9089,16.549,6.7167,47.7949,8.1849,house_purchase
16074,675.43,671,632.97,963,645.214,1361,610.41,489,655.257,357,648.251,308,686.804,273,826.618,317,879.633,378,832.587,331,920.08,239,1180.833,452,1099.322,653,1130.054,827,1308.784,978,1447.647,1649,1664.329,1745,1577.729,868,5.58,7.2,7.8,-6.2864,1.9344,-5.3942,7.347,-1.0692,5.9472,20.3572,6.4135,-5.3484,10.5086,28.3403,-6.9028,2.7955,15.8161,10.6101,14.9679,-5.2033,house_purchase
16075,541.914,398,518.084,670,643.172,947,561.501,490,606.726,308,496.0,232,576.056,430,546.706,388,458.199,399,463.206,347,647.055,317,645.683,290,787.552,490,916.078,654,1056.622,569,1085.85,917,1318.275,1332,1117.038,629,5.58,8.69,8.11,-4.3974,24.1443,-12.6982,8.0543,-18.2498,16.1403,-5.095,-16.1891,1.0928,39.6905,-0.212,21.9719,16.3197,15.3419,2.7662,21.4049,-15.2652,house_purchase
16076,564.129,527,562.729,721,530.238,454,509.074,501,509.748,362,515.223,562,472.989,414,513.209,459,503.684,342,574.407,352,677.538,558,776.832,398,628.291,551,617.986,525,742.371,471,1142.403,930,1199.234,1133,1156.83,541,5.35,9.95,14.76,-0.2482,-5.7738,-3.9914,0.1324,1.0741,-8.1972,8.5034,-1.856,14.0411,17.9543,14.6551,-19.1214,-1.6402,20.1275,53.8857,4.9747,-3.5359,house_purchase
16077,625.937,265,587.987,415,540.357,329,541.023,377,533.162,256,553.529,211,518.075,300,466.818,403,563.234,381,493.134,576,707.345,476,820.89,384,652.641,269,818.281,401,870.802,350,1233.518,963,1424.091,1536,1338.513,600,6.01,13.01,16.58,-6.0629,-8.1005,0.1233,-1.453,3.82,-6.4051,-9.8937,20.6539,-12.446,43.4387,16.0523,-20.4959,25.38,6.4185,41.6531,15.4496,-6.0093,house_purchase
Weighted Mean,1149.792,0,1082.371,0,1098.537,0,1096.796,0,1117.978,0,1142.717,0,1185.395,0,1213.29,0,1260.808,0,1322.07,0,1457.19,0,1510.254,0,1697.782,0,1860.899,0,2135.151,0,2249.237,0,2333.988,0,2207.253,0,4.05,6.31,5.61,-5.8638,1.4936,-0.1585,1.9313,2.2128,3.7348,2.3532,3.9165,4.8589,10.2203,3.6415,12.417,9.6077,14.7376,5.3432,3.768,-5.43,house_purchase
