kid2019,pindex2008,NOBS2008,pindex2009,NOBS2009,pindex2010,NOBS2010,pindex2011,NOBS2011,pindex2012,NOBS2012,pindex2013,NOBS2013,pindex2014,NOBS2014,pindex2015,NOBS2015,pindex2016,NOBS2016,pindex2017,NOBS2017,pindex2018,NOBS2018,pindex2019,NOBS2019,pindex2020,NOBS2020,pindex2021,NOBS2021,pindex2022,NOBS2022,pindex2023,NOBS2023,pindex2024,NOBS2024,pindex2025,NOBS2025,avg_return_all_time,avg_return_10yr,avg_return_5yr,return_2009,return_2010,return_2011,return_2012,return_2013,return_2014,return_2015,return_2016,return_2017,return_2018,return_2019,return_2020,return_2021,return_2022,return_2023,return_2024,return_2025,dataset_type
01001,4.613,1227,4.803,1251,4.972,1642,4.921,1425,4.992,1606,5.203,1886,5.337,2221,5.51,2052,5.899,1580,6.183,1364,6.421,1237,6.752,1252,7.121,1730,7.267,1830,7.508,1179,7.799,1168,8.129,1381,8.479,696,3.66,4.41,3.56,4.1188,3.5186,-1.0257,1.4428,4.2268,2.5754,3.2415,7.0599,4.8144,3.8493,5.155,5.465,2.0503,3.3164,3.8759,4.2313,4.3056,renting
01002,5.068,5914,5.323,5068,5.372,5241,5.558,4987,5.616,4911,5.775,4733,6.081,5444,6.049,5730,6.216,4835,6.945,3086,7.181,3750,7.213,4435,7.612,3704,7.809,3394,8.376,2488,8.508,5109,9.011,6187,9.555,2846,3.84,4.72,4.67,5.0316,0.9205,3.4624,1.0435,2.8312,5.2987,-0.5262,2.7608,11.7278,3.3981,0.4456,5.5317,2.588,7.2609,1.5759,5.9121,6.0371,renting
01003,5.132,2937,5.245,2911,5.453,3384,5.508,4073,5.608,4328,5.735,4152,5.88,4482,6.05,3242,6.156,3037,6.681,2034,7.056,2188,7.198,2053,7.783,2017,8.007,2047,8.571,1347,9.123,1830,9.354,2817,9.872,1190,3.95,5.05,4.89,2.2019,3.9657,1.0086,1.8155,2.2646,2.5283,2.8912,1.7521,8.5283,5.6129,2.0125,8.1273,2.8781,7.0438,6.4403,2.5321,5.5377,renting
01004,4.489,997,4.614,1312,4.61,1581,4.673,1708,4.787,1806,4.772,1755,4.92,2785,4.971,1678,5.287,1093,5.589,955,5.743,798,5.897,720,6.075,890,6.362,788,6.84,551,7.082,711,7.452,860,7.571,375,3.14,4.31,4.52,2.7846,-0.0867,1.3666,2.4395,-0.3133,3.1014,1.0366,6.3569,5.7121,2.7554,2.6815,3.0185,4.7243,7.5134,3.538,5.2245,1.5969,renting
01051,4.429,407,4.294,505,4.423,514,4.523,662,4.526,746,4.565,687,4.692,781,4.801,615,4.909,537,5.246,497,5.445,500,5.55,374,5.7,583,6.327,694,6.907,478,7.293,543,7.758,586,8.011,262,3.6,5.29,7.08,-3.0481,3.0042,2.2609,0.0663,0.8617,2.782,2.3231,2.2495,6.8649,3.7934,1.9284,2.7027,11.0,9.1671,5.5885,6.376,3.2611,renting
01053,5.005,1614,5.037,2093,5.183,2364,5.143,2347,5.311,2671,5.406,2381,5.644,2271,5.887,1757,6.072,1578,6.306,1039,6.668,1383,7.087,1484,7.307,1290,7.624,1319,7.957,945,8.327,1203,8.658,1286,9.22,663,3.68,4.59,4.76,0.6394,2.8986,-0.7718,3.2666,1.7887,4.4025,4.3055,3.1425,3.8538,5.7406,6.2837,3.1043,4.3383,4.3678,4.65,3.975,6.4911,renting
01054,4.927,566,4.671,608,4.818,660,5.161,696,5.761,762,6.098,990,5.707,1412,5.894,1054,6.058,754,6.743,739,6.594,844,6.911,524,6.929,683,7.402,641,8.411,405,9.512,406,10.055,455,12.055,245,5.62,7.61,11.83,-5.1959,3.1471,7.1191,11.6257,5.8497,-6.4119,3.2767,2.7825,11.3074,-2.2097,4.8074,0.2605,6.8264,13.6315,13.09,5.7086,19.8906,renting
01055,5.396,1368,5.336,1393,5.423,1498,5.497,1736,5.671,1736,5.725,1982,5.788,2036,6.101,1361,6.118,986,6.346,872,6.804,945,7.187,753,7.551,968,8.154,768,8.658,621,9.401,951,9.863,1108,10.097,552,3.79,5.2,6.01,-1.1119,1.6304,1.3646,3.1654,0.9522,1.1004,5.4077,0.2786,3.7267,7.2171,5.629,5.0647,7.9857,6.181,8.5817,4.9144,2.3725,renting
01056,5.971,3259,5.995,3708,6.067,3942,6.195,3701,6.397,3553,6.484,3933,6.709,4024,6.654,3629,6.898,2826,7.105,3086,7.423,2932,7.769,2811,8.008,3066,8.252,3141,8.631,2374,8.984,2460,9.666,2923,10.052,1321,3.13,4.22,4.66,0.4019,1.201,2.1098,3.2607,1.36,3.4701,-0.8198,3.667,3.0009,4.4757,4.6612,3.0763,3.047,4.5928,4.0899,7.5913,3.9934,renting
01057,4.966,985,4.875,1004,4.952,838,5.057,1224,5.333,1022,5.325,1150,5.495,1092,5.76,925,5.693,619,6.207,557,6.462,426,6.841,371,7.367,500,7.408,458,7.665,367,8.282,518,8.55,720,9.119,321,3.69,4.75,4.39,-1.8325,1.5795,2.1204,5.4578,-0.15,3.1925,4.8226,-1.1632,9.0286,4.1083,5.8651,7.6889,0.5565,3.4692,8.0496,3.2359,6.655,renting
01058,4.693,1817,4.856,1940,4.946,2015,4.87,2171,4.948,2684,5.218,2342,5.283,2697,5.523,2181,5.69,1427,5.933,1478,6.065,1406,6.56,1264,6.709,1469,6.95,1383,7.384,1045,7.924,1345,8.277,1624,8.87,738,3.84,4.87,5.75,3.4733,1.8534,-1.5366,1.6016,5.4568,1.2457,4.5429,3.0237,4.2707,2.2248,8.1616,2.2713,3.5922,6.2446,7.3131,4.4548,7.1644,renting
01059,4.456,1033,4.495,1161,4.583,1014,4.684,1170,4.702,1207,5.018,1352,5.192,2232,5.134,1372,5.363,1160,5.56,1101,5.73,967,5.963,809,6.249,991,6.443,804,6.901,574,7.478,657,7.991,725,8.354,438,3.8,5.0,6.0,0.8752,1.9577,2.2038,0.3843,6.7205,3.4675,-1.1171,4.4605,3.6733,3.0576,4.0663,4.7962,3.1045,7.1085,8.3611,6.8601,4.5426,renting
01060,5.788,2513,5.761,2592,6.084,2454,6.14,2547,6.455,2611,6.371,2676,6.624,3235,6.79,2314,6.927,2114,7.278,1619,7.384,1517,7.688,1537,7.87,1729,8.183,1690,8.405,1262,9.118,1777,9.768,1913,11.371,1027,4.12,5.37,7.74,-0.4665,5.6067,0.9204,5.1303,-1.3013,3.9711,2.506,2.0177,5.0671,1.4564,4.117,2.3673,3.9771,2.7129,8.483,7.1288,16.4107,renting
01061,4.43,631,4.415,829,4.544,996,4.549,1135,4.59,1198,4.775,1166,4.779,1103,4.921,792,5.098,651,5.222,710,5.573,705,5.775,540,5.981,723,6.144,903,6.381,603,6.694,811,7.224,875,7.475,361,3.15,4.28,4.58,-0.3386,2.9219,0.11,0.9013,4.0305,0.0838,2.9713,3.5968,2.4323,6.7216,3.6246,3.5671,2.7253,3.8574,4.9052,7.9175,3.4745,renting
01062,6.057,1978,6.175,2080,6.201,2261,6.418,2036,6.582,2010,6.639,2379,6.805,2581,7.099,1746,7.188,1252,7.531,1318,7.759,1210,8.123,1240,8.411,1313,8.678,1117,9.157,931,9.189,1302,9.539,1482,9.98,715,2.99,3.48,3.5,1.9482,0.4211,3.4994,2.5553,0.866,2.5004,4.3204,1.2537,4.7718,3.0275,4.6913,3.5455,3.1744,5.5197,0.3495,3.8089,4.6231,renting
02000,7.322,22099,7.675,22330,7.927,24578,8.213,24830,8.513,26202,8.462,29764,8.926,30499,8.83,25398,8.802,21707,9.753,18665,10.116,17323,10.802,16375,10.922,17253,11.169,20478,11.583,15912,11.909,23063,12.174,28362,13.188,17580,3.57,4.14,3.87,4.8211,3.2834,3.6079,3.6527,-0.5991,5.4833,-1.0755,-0.3171,10.8044,3.7219,6.7813,1.1109,2.2615,3.7067,2.8145,2.2252,8.3292,renting
03101,4.801,8506,4.981,6504,5.075,5549,5.223,4636,5.461,3667,5.86,3047,6.302,3175,6.412,3330,6.445,3919,7.325,3360,7.248,3723,7.379,3725,7.511,4353,7.653,4954,7.852,4162,8.14,4321,8.341,4882,8.608,2220,3.54,3.05,2.77,3.7492,1.8872,2.9163,4.5568,7.3064,7.5427,1.7455,0.5147,13.654,-1.0512,1.8074,1.7889,1.8906,2.6003,3.6679,2.4693,3.2011,renting
03102,4.41,1029,4.452,954,4.437,972,4.386,1325,4.494,1051,4.574,1499,4.703,1076,4.881,798,4.989,542,5.182,566,5.256,675,5.307,594,5.51,870,5.528,1090,5.755,723,6.112,892,6.539,885,7.12,421,2.89,3.88,5.3,0.9524,-0.3369,-1.1494,2.4624,1.7802,2.8203,3.7848,2.2127,3.8685,1.428,0.9703,3.8251,0.3267,4.1064,6.2033,6.9863,8.8852,renting
03103,4.464,5451,4.815,1724,5.158,1750,5.144,1685,5.312,710,6.446,517,6.661,576,6.645,578,6.741,934,7.499,1064,7.506,751,7.562,681,7.869,1371,7.738,2106,7.79,2057,7.844,2748,7.927,2371,8.401,1232,3.93,2.43,1.35,7.8629,7.1236,-0.2714,3.2659,21.3479,3.3354,-0.2402,1.4447,11.2446,0.0933,0.7461,4.0598,-1.6648,0.672,0.6932,1.0581,5.9796,renting
03151,4.455,479,4.587,534,4.705,577,4.765,526,4.797,386,5.133,338,5.659,378,5.673,373,6.181,378,6.156,439,6.364,531,6.517,360,6.773,567,6.974,684,6.994,601,7.449,600,7.534,650,7.922,350,3.49,3.43,3.21,2.963,2.5725,1.2752,0.6716,7.0044,10.2474,0.2474,8.9547,-0.4045,3.3788,2.4041,3.9282,2.9677,0.2868,6.5056,1.1411,5.15,renting
03153,4.211,1416,4.184,1425,4.212,1523,4.266,1576,4.32,1678,4.379,1995,4.482,2112,4.597,1234,4.796,1138,4.992,1139,5.153,1033,5.212,1022,5.53,1276,5.6,1367,5.703,1156,6.109,1176,6.506,1216,6.773,612,2.86,3.97,4.17,-0.6412,0.6692,1.2821,1.2658,1.3657,2.3521,2.5658,4.3289,4.0867,3.2252,1.145,6.1013,1.2658,1.8393,7.1191,6.4986,4.1039,renting
03154,4.226,272,4.276,287,4.284,226,4.48,219,4.5,307,4.484,616,4.531,506,4.905,429,5.165,352,5.403,363,5.376,501,5.43,545,5.614,654,5.934,533,6.209,504,6.44,501,6.739,606,6.888,312,2.94,3.47,4.18,1.1832,0.1871,4.5752,0.4464,-0.3556,1.0482,8.2542,5.3007,4.6079,-0.4997,1.0045,3.3886,5.7,4.6343,3.7204,4.6429,2.211,renting
03155,3.953,3352,4.069,520,4.176,552,4.164,716,4.144,818,4.268,521,4.377,439,4.501,461,4.716,424,4.933,477,5.111,499,5.166,470,5.234,678,5.439,691,5.777,506,5.957,530,6.319,506,6.907,198,3.36,4.4,5.73,2.9345,2.6296,-0.2874,-0.4803,2.9923,2.5539,2.833,4.7767,4.6014,3.6084,1.0761,1.3163,3.9167,6.2144,3.1158,6.0769,9.3053,renting
03157,4.508,368,4.557,574,4.518,525,4.659,584,4.657,514,4.791,537,4.991,482,5.1,431,5.295,350,5.395,419,5.584,401,5.901,386,6.155,584,6.65,738,6.987,585,7.149,578,7.272,605,7.454,279,3.02,3.88,3.93,1.087,-0.8558,3.1208,-0.0429,2.8774,4.1745,2.1839,3.8235,1.8886,3.5032,5.6769,4.3044,8.0422,5.0677,2.3186,1.7205,2.5028,renting
03158,4.355,1032,4.61,1027,4.706,829,4.833,749,4.889,891,5.076,787,5.089,714,5.399,593,5.698,518,5.787,537,6.027,476,6.319,468,6.389,687,6.704,795,6.943,637,7.136,685,7.421,771,7.536,361,3.29,3.4,3.36,5.8553,2.0824,2.6987,1.1587,3.8249,0.2561,6.0916,5.5381,1.562,4.1472,4.8449,1.1078,4.9303,3.565,2.7798,3.9938,1.5497,renting
03159,4.671,6111,5.422,3602,5.293,3279,5.352,2860,5.787,3279,5.781,3259,5.765,2730,6.081,2280,6.544,2259,6.91,1908,7.241,1996,7.474,2095,7.776,2504,7.877,2545,8.224,2108,8.509,2579,8.931,2734,9.704,1211,4.48,4.8,4.56,16.0779,-2.3792,1.1147,8.1278,-0.1037,-0.2768,5.4814,7.6139,5.5929,4.7902,3.2178,4.0407,1.2989,4.4052,3.4655,4.9595,8.6552,renting
03241,5.139,23345,5.328,19806,5.389,22701,5.473,22486,5.66,20298,5.852,19432,6.088,18183,6.348,15312,6.663,13408,7.089,11423,7.427,11719,7.721,11742,7.956,13670,8.216,17286,8.43,14714,8.49,16565,8.9,18628,9.257,9435,3.53,3.86,3.08,3.6778,1.1449,1.5587,3.4168,3.3922,4.0328,4.2707,4.9622,6.3935,4.768,3.9585,3.0436,3.268,2.6047,0.7117,4.8292,4.0112,renting
03251,4.773,546,4.838,593,4.849,788,4.866,732,5.107,882,5.011,1033,5.223,860,5.332,650,5.471,526,5.775,541,5.771,544,5.97,434,6.281,710,6.525,668,6.605,380,7.081,524,7.452,716,7.654,342,2.84,3.7,4.05,1.3618,0.2274,0.3506,4.9527,-1.8798,4.2307,2.0869,2.6069,5.5566,-0.0693,3.4483,5.2094,3.8847,1.2261,7.2067,5.2394,2.7107,renting
03252,4.411,980,4.17,936,4.26,898,4.156,1320,4.204,1556,4.304,1679,4.396,1378,4.485,984,4.843,741,4.983,734,5.042,693,5.107,588,5.273,777,5.565,832,5.96,598,6.327,752,6.886,859,6.809,430,2.65,4.31,5.3,-5.4636,2.1583,-2.4413,1.155,2.3787,2.1375,2.0246,7.9822,2.8908,1.184,1.2892,3.2504,5.5376,7.0979,6.1577,8.8352,-1.1182,renting
03254,4.509,2162,4.533,2817,4.584,3241,4.608,3137,4.635,2829,4.735,2981,4.834,2391,4.981,6165,5.205,2143,5.381,1826,5.748,1800,5.978,1411,6.139,2089,6.315,2225,6.662,1769,7.143,2053,7.354,2422,7.58,1137,3.12,4.3,4.32,0.5323,1.1251,0.5236,0.5859,2.1575,2.0908,3.041,4.4971,3.3814,6.8203,4.0014,2.6932,2.8669,5.4949,7.2201,2.9539,3.0732,renting
03255,3.803,289,3.837,336,3.907,537,4.063,743,3.923,774,3.861,589,3.92,720,3.988,541,4.157,380,4.2,462,4.348,682,4.418,479,4.795,564,4.84,562,4.959,402,5.397,349,5.831,233,6.0,101,2.77,4.21,4.63,0.894,1.8243,3.9928,-3.4457,-1.5804,1.5281,1.7347,4.2377,1.0344,3.5238,1.6099,8.5333,0.9385,2.4587,8.8324,8.0415,2.8983,renting
03256,4.381,277,4.171,290,4.083,323,4.162,402,4.186,460,4.379,484,4.411,373,4.55,250,4.699,248,4.872,227,5.086,233,5.515,196,5.696,292,5.723,431,5.943,323,6.454,460,6.946,446,7.198,243,3.02,4.72,4.83,-4.7934,-2.1098,1.9349,0.5766,4.6106,0.7308,3.1512,3.2747,3.6816,4.3924,8.4349,3.282,0.474,3.8441,8.5984,7.6232,3.628,renting
03257,4.22,1525,4.236,1076,4.278,1383,4.25,1705,4.252,1872,4.342,1630,4.438,1463,4.504,1212,4.752,673,4.929,626,5.126,779,5.528,604,5.695,830,6.001,774,6.365,608,6.831,759,7.165,905,7.443,400,3.42,5.16,5.51,0.3791,0.9915,-0.6545,0.0471,2.1167,2.211,1.4872,5.5062,3.7247,3.9968,7.8424,3.021,5.3731,6.0657,7.3213,4.8895,3.88,renting
03351,4.592,1369,4.606,1044,4.639,1200,4.833,996,4.79,991,4.952,1202,4.95,1391,5.212,1177,5.317,938,5.341,935,5.551,1067,5.835,960,6.088,1172,6.263,1227,6.68,1025,7.076,1188,7.512,1450,7.769,752,3.17,4.09,5.01,0.3049,0.7165,4.1819,-0.8897,3.382,-0.0404,5.2929,2.0146,0.4514,3.9318,5.1162,4.3359,2.8745,6.6582,5.9281,6.1617,3.4212,renting
03352,4.461,950,4.51,333,4.558,390,4.585,351,4.628,439,4.74,688,4.897,785,5.047,587,5.365,587,5.543,561,5.849,551,5.8,463,6.16,565,6.511,504,6.877,330,7.472,432,7.75,572,8.247,296,3.71,5.06,6.02,1.0984,1.0643,0.5924,0.9378,2.4201,3.3122,3.0631,6.3008,3.3178,5.5205,-0.8378,6.2069,5.6981,5.6213,8.652,3.7206,6.4129,renting
03353,6.028,1592,5.944,1494,6.001,1585,6.17,1574,6.303,1884,6.406,2068,6.509,2041,6.692,1513,6.919,1092,7.052,1282,7.368,1219,7.693,1136,7.895,1292,8.208,1580,8.533,1352,8.887,1505,9.415,1415,9.993,740,3.03,4.1,4.83,-1.3935,0.959,2.8162,2.1556,1.6341,1.6079,2.8115,3.3921,1.9222,4.481,4.411,2.6258,3.9645,3.9596,4.1486,5.9413,6.1391,renting
03355,5.752,1262,5.877,1280,5.923,1527,5.934,1554,6.083,1261,6.245,1477,6.626,1535,6.781,1612,6.792,1129,7.34,1449,7.483,1846,7.93,1331,8.01,1359,8.322,1443,8.631,1088,8.85,1160,9.134,1419,9.728,688,3.16,3.7,3.97,2.1732,0.7827,0.1857,2.511,2.6632,6.1009,2.3393,0.1622,8.0683,1.9482,5.9735,1.0088,3.8951,3.713,2.5374,3.209,6.5032,renting
03356,4.449,681,4.52,457,4.789,494,5.045,476,4.765,516,5.031,564,5.174,581,5.334,409,5.489,448,5.957,239,6.258,287,6.233,290,6.511,368,6.68,344,7.062,192,7.517,230,8.134,259,8.193,130,3.71,4.42,4.74,1.5959,5.9513,5.3456,-5.55,5.5824,2.8424,3.0924,2.9059,8.5261,5.0529,-0.3995,4.4601,2.5956,5.7186,6.4429,8.2081,0.7254,renting
03357,4.41,544,4.391,513,4.597,451,4.319,483,4.297,638,4.461,591,4.577,655,4.788,548,5.004,404,5.327,378,5.477,424,5.863,319,6.097,451,6.283,414,6.675,334,7.159,365,7.527,482,8.035,220,3.65,5.33,5.69,-0.4308,4.6914,-6.0474,-0.5094,3.8166,2.6003,4.61,4.5113,6.4548,2.8158,7.0477,3.9911,3.0507,6.2391,7.2509,5.1404,6.749,renting
03358,4.293,404,4.303,428,4.388,426,4.132,723,4.127,1006,4.305,730,4.364,655,4.662,603,4.907,394,5.052,494,5.288,494,5.552,395,5.748,470,6.07,452,6.61,321,6.89,480,7.183,470,7.39,204,3.3,4.73,5.17,0.2329,1.9754,-5.8341,-0.121,4.3131,1.3705,6.8286,5.2553,2.955,4.6714,4.9924,3.5303,5.6019,8.8962,4.236,4.2525,2.8818,renting
03359,5.27,1087,5.293,983,5.349,1155,5.522,1084,5.798,1125,5.86,1096,5.764,1494,6.067,1463,6.282,1169,6.544,1147,6.539,1280,6.928,1098,7.076,1329,7.31,1303,7.802,842,8.41,966,8.767,952,9.361,449,3.47,4.46,5.77,0.4364,1.058,3.2342,4.9982,1.0693,-1.6382,5.2568,3.5438,4.1706,-0.0764,5.9489,2.1363,3.307,6.7305,7.7929,4.2449,6.7754,renting
03360,4.183,385,4.242,285,4.257,290,4.332,391,4.491,387,4.523,389,4.683,474,4.863,518,5.04,452,5.056,427,5.343,423,5.569,304,5.79,411,6.108,421,6.487,275,7.235,387,7.549,331,7.561,161,3.58,4.56,5.55,1.4105,0.3536,1.7618,3.6704,0.7125,3.5375,3.8437,3.6397,0.3175,5.6764,4.2298,3.9684,5.4922,6.205,11.5308,4.34,0.159,renting
03361,4.786,973,4.831,886,4.793,774,4.972,716,5.053,643,5.25,764,5.327,770,5.536,546,5.692,347,5.88,384,6.22,403,6.379,361,6.662,519,6.948,510,7.345,416,7.774,528,8.19,493,8.456,274,3.42,4.33,4.89,0.9402,-0.7866,3.7346,1.6291,3.8987,1.4667,3.9234,2.8179,3.3029,5.7823,2.5563,4.4364,4.293,5.7139,5.8407,5.3512,3.2479,renting
03401,4.31,2168,4.488,590,4.437,598,4.551,479,4.688,697,4.865,650,5.072,588,5.059,543,5.273,368,5.657,350,5.961,392,6.158,527,6.317,397,6.594,479,6.982,275,7.262,379,7.522,428,8.116,247,3.82,4.85,5.15,4.1299,-1.1364,2.5693,3.0103,3.7756,4.2549,-0.2563,4.2301,7.2824,5.3739,3.3048,2.582,4.385,5.8841,4.0103,3.5803,7.8968,renting
03402,3.408,2525,3.996,491,4.945,311,4.884,241,4.848,277,4.832,448,4.794,359,4.716,205,5.37,186,5.864,144,5.975,234,6.051,268,6.209,311,6.576,242,7.134,182,6.92,210,7.77,251,7.954,115,5.36,5.49,5.21,17.2535,23.7487,-1.2336,-0.7371,-0.33,-0.7864,-1.627,13.8677,9.1993,1.8929,1.272,2.6111,5.9108,8.4854,-2.9997,12.2832,2.3681,renting
03403,5.086,3348,5.339,2101,5.677,2072,5.916,2203,6.199,2394,6.245,3217,6.373,3148,6.288,3188,6.298,2287,6.955,1959,7.17,2389,7.363,2117,7.62,2975,7.917,3560,8.139,2781,8.17,2436,8.496,2444,8.867,1130,3.36,3.53,3.09,4.9744,6.3308,4.21,4.7836,0.7421,2.0496,-1.3338,0.159,10.4319,3.0913,2.6918,3.4904,3.8976,2.8041,0.3809,3.9902,4.3668,renting
03404,5.007,1878,5.018,1830,5.105,1825,5.269,1594,5.535,1564,5.595,1854,5.993,2314,6.128,2641,6.26,2846,6.757,1378,7.233,1701,7.543,2300,7.614,1907,7.631,1921,7.971,1265,8.215,1539,8.657,2148,9.453,1186,3.84,4.47,4.46,0.2197,1.7338,3.2125,5.0484,1.084,7.1135,2.2526,2.154,7.9393,7.0445,4.2859,0.9413,0.2233,4.4555,3.0611,5.3804,9.1949,renting
03405,4.169,1322,4.235,1693,4.284,2453,4.324,2967,4.405,2917,4.416,3714,4.508,3326,4.573,2650,4.731,1412,4.913,1207,5.008,1068,5.288,919,5.605,977,5.777,1258,5.888,1018,6.085,1302,6.424,1551,6.632,696,2.78,3.8,3.43,1.5831,1.157,0.9337,1.8733,0.2497,2.0833,1.4419,3.4551,3.847,1.9336,5.5911,5.9947,3.0687,1.9214,3.3458,5.5711,3.2379,renting
03451,4.577,898,4.751,973,4.774,815,4.919,871,5.062,853,5.149,1051,5.289,1119,5.541,625,5.794,404,6.09,529,6.286,600,6.422,599,6.845,728,7.068,675,7.195,526,7.347,583,7.89,472,8.498,204,3.73,4.39,4.45,3.8016,0.4841,3.0373,2.9071,1.7187,2.719,4.7646,4.566,5.1087,3.2184,2.1635,6.5867,3.2579,1.7968,2.1126,7.3908,7.706,renting
03452,3.763,3133,4.363,819,4.649,693,4.6,639,4.967,758,5.158,706,5.113,773,5.095,606,5.533,406,5.735,386,5.73,467,6.087,399,6.165,480,6.65,475,7.374,354,7.19,514,7.45,513,8.033,235,4.67,4.74,5.54,15.9447,6.5551,-1.054,7.9783,3.8454,-0.8724,-0.352,8.5967,3.6508,-0.0872,6.2304,1.2814,7.867,10.8872,-2.4953,3.6161,7.8255,renting
03453,4.24,310,4.65,339,4.365,255,4.51,131,4.503,254,4.81,176,4.737,278,5.092,317,5.108,171,5.239,272,5.269,220,5.47,145,5.826,214,6.318,260,6.161,243,6.3,208,6.698,198,7.468,133,3.49,3.98,5.21,9.6698,-6.129,3.3219,-0.1552,6.8177,-1.5177,7.4942,0.3142,2.5646,0.5726,3.8148,6.5082,8.4449,-2.485,2.2561,6.3175,11.496,renting
03454,3.936,539,4.33,364,4.408,681,4.704,488,4.659,761,4.789,829,4.798,856,4.871,647,5.197,592,5.109,675,5.311,536,5.405,326,5.805,320,6.206,396,6.414,254,6.708,353,7.159,441,7.498,291,3.91,4.44,5.26,10.0102,1.8014,6.7151,-0.9566,2.7903,0.1879,1.5215,6.6927,-1.6933,3.9538,1.7699,7.4006,6.9078,3.3516,4.5837,6.7233,4.7353,renting
03455,4.248,405,4.298,587,4.451,589,4.333,696,4.286,708,4.411,551,4.528,442,4.745,353,5.158,329,5.187,224,5.266,195,5.5,169,5.86,183,6.265,216,6.587,204,6.491,242,7.627,220,7.709,132,3.67,5.09,5.83,1.177,3.5598,-2.6511,-1.0847,2.9165,2.6525,4.7924,8.7039,0.5622,1.523,4.4436,6.5455,6.9113,5.1397,-1.4574,17.5012,1.0751,renting
03456,4.665,116,4.617,132,4.701,252,4.788,180,4.884,288,5.008,372,4.798,257,5.038,210,4.973,129,5.168,116,5.095,147,5.532,112,5.545,148,5.879,186,6.346,105,7.009,145,7.237,119,7.661,53,3.03,4.36,6.71,-1.0289,1.8194,1.8507,2.005,2.5389,-4.1933,5.0021,-1.2902,3.9212,-1.4125,8.577,0.235,6.0234,7.9435,10.4475,3.253,5.8588,renting
03457,4.219,790,4.628,375,4.561,447,4.723,556,4.714,559,4.756,797,4.934,925,4.991,464,5.576,162,5.624,244,5.481,366,5.954,231,6.158,194,6.618,225,6.842,208,7.193,336,7.534,282,7.483,122,3.5,4.21,4.01,9.6942,-1.4477,3.5519,-0.1906,0.891,3.7426,1.1552,11.7211,0.8608,-2.5427,8.6298,3.4263,7.47,3.3847,5.1301,4.7407,-0.6769,renting
03458,4.331,558,4.646,368,4.653,365,4.728,295,4.857,376,4.988,394,5.081,350,5.261,282,5.482,166,5.679,223,5.93,319,5.964,223,6.496,471,6.346,359,7.321,270,7.115,300,7.708,371,8.162,188,3.88,4.62,4.89,7.2731,0.1507,1.6119,2.7284,2.6971,1.8645,3.5426,4.2007,3.5936,4.4198,0.5734,8.9202,-2.3091,15.364,-2.8138,8.3345,5.89,renting
03459,4.261,745,4.315,999,4.356,977,4.47,906,4.587,1230,4.637,1406,4.863,1694,4.982,1136,5.138,664,5.381,740,5.607,598,5.855,499,6.152,710,7.085,908,7.069,568,7.384,911,7.478,1002,7.886,441,3.74,4.77,5.23,1.2673,0.9502,2.6171,2.6174,1.09,4.8738,2.447,3.1313,4.7295,4.2,4.423,5.0726,15.1658,-0.2258,4.4561,1.273,5.456,renting
03460,4.265,368,4.456,271,4.434,251,4.694,244,4.561,280,4.756,337,5.161,235,5.413,187,5.731,150,5.885,225,6.029,344,6.208,288,6.309,348,6.337,303,6.52,113,6.868,134,7.143,116,7.635,65,3.52,3.52,3.91,4.4783,-0.4937,5.8638,-2.8334,4.2754,8.5156,4.8828,5.8747,2.6871,2.4469,2.969,1.6269,0.4438,2.8878,5.3374,4.0041,6.8879,renting
03461,3.89,9318,3.919,8369,3.963,11461,4.018,12120,4.029,1987,4.135,3076,4.017,2104,4.138,607,4.243,315,4.669,365,4.984,532,4.93,399,5.085,404,5.439,597,5.574,282,6.406,217,6.265,323,6.742,126,3.38,5.12,5.96,0.7455,1.1227,1.3878,0.2738,2.6309,-2.8537,3.0122,2.5375,10.0401,6.7466,-1.0835,3.144,6.9617,2.4821,14.9264,-2.2011,7.6137,renting
04011,4.886,10211,5.046,10561,5.191,10427,5.368,8782,5.669,9159,5.984,10285,6.183,9117,6.217,9706,6.413,7779,7.329,5050,7.487,5351,7.342,6713,7.688,7012,7.939,7621,8.28,5284,8.749,5264,9.099,5708,9.81,2748,4.24,4.74,5.01,3.2747,2.8736,3.4097,5.6073,5.5565,3.3255,0.5499,3.1526,14.2835,2.1558,-1.9367,4.7126,3.2648,4.2953,5.6643,4.0005,7.814,renting
04012,3.971,2981,4.0,3755,4.03,3739,4.104,3900,4.125,3849,4.263,4094,4.472,2885,4.503,4199,4.586,3324,4.679,2844,4.979,1798,5.469,1685,5.46,1813,5.504,2071,5.729,1461,6.151,1339,6.66,1516,7.047,643,3.47,4.63,5.27,0.7303,0.75,1.8362,0.5117,3.3455,4.9027,0.6932,1.8432,2.0279,6.4116,9.8413,-0.1646,0.8059,4.0879,7.366,8.2751,5.8108,renting
05111,7.036,21691,7.181,24966,7.313,28458,7.467,26167,7.768,28299,7.924,34103,8.095,34302,8.183,22817,8.26,18782,9.019,14505,9.359,14119,9.775,14753,10.103,17391,10.133,19991,10.551,14722,11.124,16789,11.392,20148,12.161,10081,3.29,4.07,3.8,2.0608,1.8382,2.1058,4.0311,2.0082,2.158,1.0871,0.941,9.1889,3.7698,4.4449,3.3555,0.2969,4.1251,5.4308,2.4092,6.7504,renting
05112,4.533,6779,4.624,7526,4.653,8780,4.705,8967,4.756,10334,4.872,11151,4.867,20810,4.94,16942,5.17,11547,5.387,9433,5.596,9490,5.811,8879,6.007,9428,6.238,9760,6.51,7558,6.819,7651,7.188,7911,7.446,3530,2.97,4.19,4.39,2.0075,0.6272,1.1176,1.084,2.439,-0.1026,1.4999,4.6559,4.1973,3.8797,3.842,3.3729,3.8455,4.3604,4.7465,5.4114,3.5893,renting
05113,5.18,14571,5.225,13819,5.165,20645,5.257,20434,5.33,21407,5.521,20149,5.509,27505,5.596,19612,5.906,16898,6.247,12598,6.48,12034,6.659,14136,6.868,13801,7.001,15587,7.215,13118,7.649,11838,8.084,12458,8.588,5433,3.04,4.39,4.59,0.8687,-1.1483,1.7812,1.3886,3.5835,-0.2174,1.5792,5.5397,5.7738,3.7298,2.7623,3.1386,1.9365,3.0567,6.0152,5.687,6.2345,renting
05114,5.177,3865,5.127,4326,5.17,4632,5.265,5287,5.38,5520,5.612,6056,5.705,6661,5.809,5031,5.844,3979,6.155,3523,6.276,3477,6.518,3527,6.776,3730,6.963,4068,7.261,3215,7.738,3658,8.25,4161,8.472,1926,2.96,3.86,4.58,-0.9658,0.8387,1.8375,2.1842,4.3123,1.6572,1.823,0.6025,5.3217,1.9659,3.856,3.9583,2.7597,4.2798,6.5693,6.6167,2.6909,renting
05116,4.988,3844,4.988,5102,5.0,6127,5.074,6483,5.152,6499,5.285,7764,5.367,8333,5.439,6811,5.592,4666,5.839,4421,6.041,4403,6.24,3831,6.48,4310,6.719,4057,7.069,3332,7.461,3661,7.87,4611,8.214,2093,2.99,4.21,4.86,0.0,0.2406,1.48,1.5372,2.5815,1.5516,1.3415,2.813,4.417,3.4595,3.2942,3.8462,3.6883,5.2091,5.5453,5.4818,4.371,renting
05117,4.936,4297,4.876,6051,5.171,3960,5.265,3546,5.454,4304,5.528,4971,5.659,5767,5.712,5315,5.858,3527,6.142,2524,6.364,2346,6.656,2453,6.809,2776,6.815,2912,7.124,2141,7.527,2308,7.852,2497,8.283,1126,3.11,3.8,4.02,-1.2156,6.05,1.8178,3.5897,1.3568,2.3698,0.9366,2.556,4.8481,3.6145,4.5883,2.2987,0.0881,4.5341,5.6569,4.3178,5.489,renting
05119,4.773,1964,4.841,2158,4.896,2471,4.828,2847,4.872,2940,4.973,3607,4.923,5700,5.075,3713,5.358,3783,5.576,2911,5.688,2106,5.864,1960,6.054,2197,6.208,2416,6.431,1881,6.869,1913,7.36,2196,7.487,1040,2.71,3.98,4.36,1.4247,1.1361,-1.3889,0.9114,2.0731,-1.0054,3.0875,5.5764,4.0687,2.0086,3.0942,3.2401,2.5438,3.5921,6.8108,7.1481,1.7255,renting
05120,4.782,761,4.764,1070,4.775,1331,4.864,1274,4.778,1499,4.985,1700,5.04,1712,5.115,1536,5.206,2295,5.212,2349,5.304,1849,5.485,1493,5.76,1546,5.798,1520,6.089,1380,6.452,1416,6.775,1547,7.075,763,2.35,3.32,4.21,-0.3764,0.2309,1.8639,-1.7681,4.3324,1.1033,1.4881,1.7791,0.1153,1.7652,3.4125,5.0137,0.6597,5.019,5.9616,5.0062,4.428,renting
05122,5.312,1389,5.312,2046,5.346,2383,5.391,2736,5.439,3299,5.633,3582,5.621,3481,5.628,2612,5.688,2255,5.902,2101,6.115,2225,6.282,1844,6.713,2034,6.924,2103,7.262,1932,7.494,2065,7.818,2178,8.111,1099,2.54,3.73,3.86,0.0,0.6401,0.8418,0.8904,3.5668,-0.213,0.1245,1.0661,3.7623,3.6089,2.731,6.8609,3.1432,4.8816,3.1947,4.3235,3.7478,renting
05124,4.946,5447,4.789,18403,4.847,11127,4.947,9244,4.926,16541,5.104,12311,5.209,10010,5.227,8831,5.459,6390,5.64,6328,5.785,6056,5.997,6168,6.13,6676,6.378,7306,6.656,5554,7.05,5762,7.44,6657,7.866,3045,2.79,4.18,5.12,-3.1743,1.2111,2.0631,-0.4245,3.6135,2.0572,0.3456,4.4385,3.3156,2.5709,3.6646,2.2178,4.0457,4.3587,5.9195,5.5319,5.7258,renting
05154,4.822,1222,4.911,1484,4.979,1643,5.06,2015,5.181,2003,5.177,2034,5.278,2463,5.335,1894,5.433,1486,5.648,1730,5.687,1529,5.918,1176,6.133,1555,6.25,1633,6.557,1115,6.97,1517,7.312,1544,7.85,739,2.93,3.96,5.08,1.8457,1.3846,1.6268,2.3913,-0.0772,1.9509,1.08,1.8369,3.9573,0.6905,4.0619,3.633,1.9077,4.912,6.2986,4.9067,7.3578,renting
05158,5.932,7618,5.975,9345,5.993,9829,6.095,9715,6.13,10703,6.284,12160,6.389,11600,6.421,7838,6.525,6181,6.834,5480,7.089,5147,7.325,4984,7.592,5380,7.83,5745,8.2,4601,8.661,5037,9.034,5994,9.371,2923,2.74,3.86,4.3,0.7249,0.3013,1.702,0.5742,2.5122,1.6709,0.5009,1.6197,4.7356,3.7313,3.3291,3.6451,3.1349,4.7254,5.622,4.3067,3.7304,renting
05162,6.056,5804,6.04,7164,6.131,8000,6.178,8421,6.25,8495,6.483,9385,6.606,9532,6.419,9490,6.469,6731,6.737,5690,7.268,4217,7.621,3794,7.935,4641,8.116,5297,8.511,3773,9.002,4160,9.264,4751,9.926,2227,2.98,4.48,4.59,-0.2642,1.5066,0.7666,1.1654,3.728,1.8973,-2.8308,0.7789,4.1428,7.8818,4.8569,4.1202,2.281,4.8669,5.769,2.9105,7.1459,renting
05166,5.209,2331,5.162,2790,5.251,3126,5.32,3073,5.318,3320,5.449,4006,5.576,3978,5.646,2997,5.674,2397,5.869,2245,6.058,2216,6.23,1946,6.531,2443,6.783,2363,7.045,1742,7.581,2231,8.004,2128,8.413,1009,2.88,4.08,5.2,-0.9023,1.7241,1.314,-0.0376,2.4633,2.3307,1.2554,0.4959,3.4367,3.2203,2.8392,4.8315,3.8585,3.8626,7.6082,5.5797,5.1099,renting
05170,4.802,3645,5.014,3196,5.084,4283,5.145,4741,5.182,4748,5.245,5381,5.292,6784,5.362,5145,5.601,3551,5.768,3526,5.894,3371,6.088,2788,6.237,3419,6.459,3268,6.792,2690,7.179,2663,7.556,2895,7.901,1397,2.99,3.96,4.85,4.4148,1.3961,1.1998,0.7191,1.2157,0.8961,1.3228,4.4573,2.9816,2.1845,3.2915,2.4474,3.5594,5.1556,5.6979,5.2514,4.5659,renting
05314,6.799,8683,6.777,9502,6.888,9593,6.92,9283,7.205,8930,7.306,10119,7.414,10341,7.402,9256,7.395,7031,8.306,5697,8.595,5929,8.809,5506,9.345,5257,9.584,6270,9.889,4683,10.088,7658,10.4,9921,11.175,4116,3.01,4.26,3.66,-0.3236,1.6379,0.4646,4.1185,1.4018,1.4782,-0.1619,-0.0946,12.3191,3.4794,2.4898,6.0847,2.5575,3.1824,2.0123,3.0928,7.4519,renting
05315,7.371,23316,7.447,26184,7.462,28288,7.607,25858,7.761,26650,7.946,31467,8.361,27910,8.3,22223,8.533,17562,9.343,14440,9.808,14950,10.785,13346,10.798,14451,10.955,17280,11.473,12926,11.939,21420,12.091,28325,12.54,16662,3.22,4.26,3.05,1.0311,0.2014,1.9432,2.0245,2.3837,5.2228,-0.7296,2.8072,9.4926,4.977,9.9613,0.1205,1.454,4.7284,4.0617,1.2731,3.7135,renting
05316,5.657,2895,5.654,3262,5.739,3368,5.874,3041,5.952,2937,6.141,3289,6.302,2923,6.375,2361,6.442,2261,6.817,1494,7.086,1545,7.374,1497,7.715,1538,7.976,1683,8.359,1417,8.651,1641,9.256,2027,9.791,921,3.3,4.4,4.89,-0.053,1.5034,2.3523,1.3279,3.1754,2.6217,1.1584,1.051,5.8212,3.946,4.0644,4.6244,3.383,4.8019,3.4932,6.9934,5.78,renting
05334,5.36,4498,5.486,5429,5.557,6228,5.657,6428,5.889,6729,6.242,8913,6.501,9142,6.44,8385,6.625,7466,7.034,7031,7.264,7766,7.563,7628,7.572,8479,7.855,9376,8.084,6983,8.381,8293,8.896,9393,9.269,4435,3.29,3.72,4.13,2.3507,1.2942,1.7995,4.1011,5.9942,4.1493,-0.9383,2.8727,6.1736,3.2698,4.1162,0.119,3.7375,2.9153,3.6739,6.1449,4.1929,renting
05358,4.633,1370,4.631,1548,4.642,1760,4.816,1807,4.881,2022,5.013,2632,5.06,2515,5.233,2031,5.452,1713,5.585,1599,5.765,1482,6.182,1413,6.288,1879,6.615,1764,7.001,1382,7.425,1963,7.708,2206,7.934,1122,3.23,4.26,4.77,-0.0432,0.2375,3.7484,1.3497,2.7044,0.9376,3.419,4.185,2.4395,3.2229,7.2333,1.7147,5.2004,5.8352,6.0563,3.8114,2.932,renting
05362,6.08,5307,5.984,5989,5.959,6579,6.002,6863,6.115,6879,6.239,7416,6.429,6987,6.522,5381,6.779,3981,7.1,3636,7.361,3776,7.639,3585,7.894,4603,8.23,4772,8.566,3904,8.869,4891,9.357,5489,10.051,2672,3.02,4.43,4.96,-1.5789,-0.4178,0.7216,1.8827,2.0278,3.0454,1.4466,3.9405,4.7352,3.6761,3.7767,3.3381,4.2564,4.0826,3.5372,5.5023,7.4169,renting
05366,4.911,815,4.793,1099,4.936,1197,4.955,1390,5.03,1215,5.084,1593,5.284,1468,5.334,1129,5.37,953,5.534,919,5.717,802,6.022,700,6.264,820,6.493,745,7.056,632,7.461,1052,7.881,1141,8.099,535,3.02,4.29,5.29,-2.4028,2.9835,0.3849,1.5136,1.0736,3.9339,0.9463,0.6749,3.054,3.3068,5.335,4.0186,3.6558,8.6709,5.7398,5.6293,2.7661,renting
05370,4.739,1109,4.724,898,4.763,1247,4.873,1317,4.877,1454,4.994,2071,5.06,1877,5.175,1606,5.273,1347,5.494,1272,5.662,1208,5.778,1148,6.046,1308,6.226,1295,6.507,1072,6.997,1416,7.454,1458,7.774,670,2.97,4.17,5.17,-0.3165,0.8256,2.3095,0.0821,2.399,1.3216,2.2727,1.8937,4.1912,3.0579,2.0487,4.6383,2.9772,4.5133,7.5304,6.5314,4.293,renting
05374,4.639,1303,4.706,1430,4.718,1627,4.725,1766,4.734,1926,4.814,2812,4.873,2543,4.922,1993,5.134,1436,5.33,1584,5.562,1445,5.637,1170,5.925,1510,6.214,1537,6.561,1193,6.972,1463,7.226,1626,7.606,825,2.97,4.46,5.13,1.4443,0.255,0.1484,0.1905,1.6899,1.2256,1.0055,4.3072,3.8177,4.3527,1.3484,5.1091,4.8776,5.5842,6.2643,3.6431,5.2588,renting
05378,6.069,3768,6.145,4568,6.083,4658,6.19,4836,6.205,5339,6.299,5810,6.4,5346,6.449,4491,6.648,3233,6.958,2791,7.242,2608,7.465,2153,7.751,2573,8.085,2702,8.382,2193,8.775,3086,9.108,3177,9.721,1540,2.83,4.19,4.64,1.2523,-1.009,1.759,0.2423,1.5149,1.6034,0.7656,3.0857,4.6631,4.0816,3.0793,3.8312,4.3091,3.6735,4.6886,3.7949,6.7303,renting
05382,5.63,8009,5.71,9895,5.727,10325,5.744,10016,5.933,9604,6.079,10714,6.123,10068,6.245,7817,6.452,4925,6.684,4373,6.956,4311,7.197,3736,7.566,4544,7.875,4599,8.194,3874,8.599,4714,9.017,5527,9.416,2709,3.08,4.19,4.47,1.421,0.2977,0.2968,3.2904,2.4608,0.7238,1.9925,3.3147,3.5958,4.0694,3.4646,5.1271,4.0841,4.0508,4.9426,4.861,4.425,renting
05512,5.11,733,4.999,829,5.055,879,5.242,994,5.254,1251,5.187,1309,5.29,1329,5.301,1318,5.52,1034,5.701,790,6.018,892,6.298,1010,6.338,1001,6.416,1115,6.632,730,6.919,827,7.445,858,7.781,429,2.53,3.93,4.21,-2.1722,1.1202,3.6993,0.2289,-1.2752,1.9857,0.2079,4.1313,3.279,5.5604,4.6527,0.6351,1.2307,3.3666,4.3275,7.6023,4.5131,renting
05513,4.322,3063,4.367,4374,4.326,5047,4.315,6789,4.402,8007,4.556,7132,4.567,8908,4.659,6651,5.05,5640,5.141,5422,5.315,6059,5.521,6461,5.532,5113,5.638,5091,5.817,4647,6.096,4380,6.469,4614,6.748,1934,2.68,3.8,4.06,1.0412,-0.9389,-0.2543,2.0162,3.4984,0.2414,2.0145,8.3924,1.802,3.3846,3.8758,0.1992,1.9161,3.1749,4.7963,6.1188,4.3129,renting
05515,6.498,3092,6.666,4079,6.892,4499,7.045,4330,7.206,4174,7.277,4847,7.633,4678,7.38,4823,7.433,3534,8.245,3108,8.607,2998,9.038,2381,9.185,3604,9.419,3820,10.018,2855,10.388,4557,10.374,5761,10.586,4400,2.95,3.72,2.9,2.5854,3.3903,2.22,2.2853,0.9853,4.8921,-3.3146,0.7182,10.9243,4.3905,5.0076,1.6265,2.5476,6.3595,3.6934,-0.1348,2.0436,renting
05554,4.544,840,4.698,850,4.724,1096,4.917,1187,5.051,1386,5.17,1882,5.159,2098,5.341,1532,5.369,1103,5.584,1319,5.802,1343,5.987,966,6.163,1216,6.387,1363,6.71,981,7.226,1416,7.588,1524,7.867,681,3.3,3.96,5.01,3.3891,0.5534,4.0855,2.7252,2.356,-0.2128,3.5278,0.5242,4.0045,3.904,3.1886,2.9397,3.6346,5.0571,7.69,5.0097,3.6769,renting
05558,4.7,797,4.671,874,4.83,945,4.968,915,4.994,940,5.109,1128,5.193,1272,5.213,1051,5.318,828,5.533,808,5.815,729,5.935,593,6.181,859,6.431,746,6.804,627,7.233,873,7.585,1008,7.91,470,3.13,4.27,5.06,-0.617,3.404,2.8571,0.5233,2.3028,1.6442,0.3851,2.0142,4.0429,5.0967,2.0636,4.1449,4.0447,5.8,6.3051,4.8666,4.2848,renting
05562,4.74,4071,4.684,6203,4.695,7937,4.682,9738,4.734,11101,4.859,10791,4.926,12948,5.025,10156,5.186,8194,5.314,7218,5.54,7371,5.786,7048,5.852,6861,6.002,6886,6.237,5374,6.596,5368,6.895,6030,7.114,2944,2.43,3.55,3.99,-1.1814,0.2348,-0.2769,1.1106,2.6405,1.3789,2.0097,3.204,2.4682,4.2529,4.4404,1.1407,2.5632,3.9154,5.756,4.5331,3.1762,renting
05566,4.52,1401,4.525,1364,4.583,1463,4.7,1552,4.81,1742,4.896,2391,4.979,2575,5.086,2024,5.21,1619,5.355,1593,5.591,1391,5.787,998,6.015,1529,6.362,1654,6.617,1227,7.158,1785,7.582,1681,8.012,851,3.44,4.66,5.91,0.1106,1.2818,2.5529,2.3404,1.7879,1.6953,2.149,2.4381,2.7831,4.4071,3.5056,3.9399,5.7689,4.0082,8.1759,5.9234,5.6713,renting
05570,4.411,1204,4.509,1182,4.541,1321,4.665,1469,4.699,1169,4.774,1205,4.916,1389,5.131,1189,5.312,794,5.436,1064,5.651,957,5.935,826,6.074,1030,6.393,1086,6.69,714,7.227,1029,7.629,1088,8.208,506,3.74,4.83,6.22,2.2217,0.7097,2.7307,0.7288,1.5961,2.9744,4.3735,3.5276,2.3343,3.9551,5.0257,2.342,5.2519,4.6457,8.0269,5.5625,7.5895,renting
05711,5.593,6794,5.723,8737,5.424,6463,5.184,4839,5.281,5970,5.609,5290,5.726,5442,5.749,5022,5.985,4652,6.423,3204,6.687,4075,6.94,3979,6.991,4020,7.173,4801,7.423,3697,7.759,4047,8.118,4533,8.479,2247,2.53,3.97,3.94,2.3243,-5.2245,-4.4248,1.8711,6.2109,2.0859,0.4017,4.1051,7.3183,4.1102,3.7835,0.7349,2.6033,3.4853,4.5265,4.6269,4.4469,renting
05754,4.835,1584,4.829,2286,4.791,2351,4.814,2128,5.0,2165,5.084,2203,5.287,2312,5.444,2013,5.606,1331,5.824,1542,5.951,1429,6.309,1149,6.365,1651,6.673,1946,6.887,1390,7.26,1714,7.675,1739,8.184,867,3.17,4.18,5.16,-0.1241,-0.7869,0.4801,3.8637,1.68,3.9929,2.9695,2.9758,3.8887,2.1806,6.0158,0.8876,4.839,3.207,5.416,5.7163,6.6319,renting
05758,4.399,1597,4.549,1621,4.45,1782,4.562,2040,4.521,2249,4.606,2258,4.708,2853,4.758,3095,4.914,1605,5.142,1424,5.313,1057,5.433,991,5.68,1203,5.941,1233,6.283,935,6.635,1249,6.968,1387,7.277,665,3.03,4.35,5.08,3.4099,-2.1763,2.5169,-0.8987,1.8801,2.2145,1.062,3.2787,4.6398,3.3256,2.2586,4.5463,4.5951,5.7566,5.6024,5.0188,4.4346,renting
05762,3.746,479,3.791,356,3.893,260,3.935,336,3.824,508,4.16,648,4.123,737,4.165,624,4.393,416,4.446,556,4.531,501,4.687,377,4.872,456,4.988,393,5.436,306,5.788,364,6.142,412,6.804,162,3.63,5.07,6.95,1.2013,2.6906,1.0789,-2.8208,8.7866,-0.8894,1.0187,5.4742,1.2065,1.9118,3.4429,3.9471,2.381,8.9816,6.4753,6.1161,10.7782,renting
05766,4.578,2624,4.696,3037,4.634,3006,4.677,2918,4.661,3648,4.753,3002,4.88,3599,4.952,2777,5.128,1846,5.252,1844,5.426,1752,5.579,1489,5.808,1984,6.145,2031,6.336,1464,6.72,1685,7.241,1898,7.64,893,3.08,4.44,5.65,2.5775,-1.3203,0.9279,-0.3421,1.9738,2.672,1.4754,3.5541,2.4181,3.313,2.8198,4.1047,5.8023,3.1082,6.0606,7.753,5.5103,renting
05770,4.304,2355,4.514,2678,4.472,2702,4.47,2874,4.562,3253,4.625,3283,4.747,4840,4.777,4357,4.955,1781,5.161,1749,5.441,1603,5.712,1397,5.857,1433,6.234,1463,6.664,1233,6.972,1453,7.63,1963,8.197,1096,3.9,5.57,6.97,4.8792,-0.9304,-0.0447,2.0582,1.381,2.6378,0.632,3.7262,4.1574,5.4253,4.9807,2.5385,6.4367,6.8977,4.6218,9.4378,7.4312,renting
05774,4.809,2807,4.771,2570,4.842,2040,4.957,1577,5.056,1671,5.316,2064,5.51,2520,5.562,2067,5.721,2005,6.088,1701,6.278,1577,6.5,1402,6.6,2045,6.802,2002,7.192,1629,7.434,1834,7.809,1790,8.171,844,3.18,3.93,4.37,-0.7902,1.4882,2.3751,1.9972,5.1424,3.6494,0.9437,2.8587,6.415,3.1209,3.5362,1.5385,3.0606,5.7336,3.3648,5.0444,4.6357,renting
05911,4.968,4594,4.968,5952,4.958,6923,5.063,7095,5.18,7390,5.317,7919,5.363,7704,5.401,7111,5.753,6185,5.871,4800,6.173,5834,6.416,6791,6.66,6261,6.788,6581,6.951,5506,7.238,5979,7.626,6498,7.829,3141,2.73,3.79,3.29,0.0,-0.2013,2.1178,2.3109,2.6448,0.8651,0.7086,6.5173,2.0511,5.1439,3.9365,3.803,1.9219,2.4013,4.1289,5.3606,2.6619,renting
05913,4.66,13135,4.752,10264,4.702,12652,4.743,13491,4.919,13727,5.242,13238,5.475,13943,5.553,12315,5.878,11102,6.235,8582,6.514,9465,6.764,11512,7.014,10437,7.241,12075,7.547,9399,7.739,9710,8.132,11138,8.362,4834,3.52,4.18,3.58,1.9742,-1.0522,0.872,3.7107,6.5664,4.4449,1.4247,5.8527,6.0735,4.4747,3.8379,3.696,3.2364,4.2259,2.5441,5.0782,2.8283,renting
05914,4.304,2168,4.359,2667,4.424,2920,4.5,2965,4.552,3324,4.592,4164,4.556,3745,4.627,3218,4.888,2613,4.973,2542,5.085,2332,5.17,2332,5.333,2780,5.52,2910,5.713,2355,6.031,2501,6.315,2849,6.57,1440,2.53,3.58,4.26,1.2779,1.4912,1.7179,1.1556,0.8787,-0.784,1.5584,5.6408,1.739,2.2522,1.6716,3.1528,3.5065,3.4964,5.5663,4.709,4.038,renting
05915,4.393,1074,4.513,1070,4.591,1580,4.638,1537,4.732,1770,4.879,1936,4.884,2043,4.985,1445,5.228,1110,5.517,963,5.618,1104,5.841,853,5.914,987,6.079,1227,6.353,897,6.651,878,7.099,1160,7.198,509,2.96,3.76,4.02,2.7316,1.7283,1.0237,2.0267,3.1065,0.1025,2.068,4.8746,5.5279,1.8307,3.9694,1.2498,2.79,4.5073,4.6907,6.7358,1.3946,renting
05916,4.392,1633,4.403,2263,4.488,2590,4.537,3306,4.547,3702,4.757,3237,4.861,3906,4.972,3303,5.153,2637,5.338,2353,5.472,2465,5.669,2604,5.972,3332,6.003,2621,6.155,2106,6.415,2060,6.828,2442,6.956,1081,2.76,3.43,3.12,0.2505,1.9305,1.0918,0.2204,4.6184,2.1863,2.2835,3.6404,3.5901,2.5103,3.6001,5.3449,0.5191,2.5321,4.2242,6.438,1.8746,renting
05954,4.962,3285,4.928,3877,4.952,4466,4.958,4652,5.047,5260,5.132,5715,5.201,6055,5.277,4614,5.474,3504,5.548,3646,5.755,3931,5.962,3680,6.065,3749,6.258,3735,6.491,2950,6.887,3261,7.255,3609,7.516,1743,2.49,3.61,4.39,-0.6852,0.487,0.1212,1.7951,1.6842,1.3445,1.4613,3.7332,1.3518,3.7311,3.5969,1.7276,3.1822,3.7232,6.1008,5.3434,3.5975,renting
05958,4.158,526,4.074,446,4.244,811,4.141,776,4.328,1304,4.381,1690,4.399,1402,4.481,1127,4.642,728,4.76,862,4.972,764,5.109,690,5.286,943,5.584,1021,5.807,669,6.231,716,6.421,883,6.535,460,2.72,3.86,4.35,-2.0202,4.1728,-2.427,4.5158,1.2246,0.4109,1.8641,3.5929,2.542,4.4538,2.7554,3.4645,5.6375,3.9936,7.3015,3.0493,1.7754,renting
05962,4.579,2212,4.516,3189,4.546,3498,4.493,3548,4.555,3786,4.591,4556,4.777,4090,4.894,3342,4.989,2970,5.086,3287,5.287,3358,5.385,3349,5.581,3317,5.732,3014,5.891,2281,6.212,2578,6.58,3134,6.764,1542,2.34,3.3,3.93,-1.3758,0.6643,-1.1659,1.3799,0.7903,4.0514,2.4492,1.9412,1.9443,3.952,1.8536,3.6397,2.7056,2.7739,5.449,5.924,2.7964,renting
05966,4.866,189,4.949,241,4.856,315,4.872,320,4.974,368,5.012,403,5.262,359,5.242,231,5.47,184,5.683,232,6.16,202,6.216,204,6.427,296,6.569,323,6.692,213,7.302,317,7.54,321,7.966,175,2.98,4.3,4.42,1.7057,-1.8792,0.3295,2.0936,0.764,4.988,-0.3801,4.3495,3.894,8.3935,0.9091,3.3945,2.2094,1.8724,9.1154,3.2594,5.6499,renting
05970,4.859,1069,4.942,971,4.999,1176,5.083,1243,5.231,1813,5.344,2211,5.478,2120,5.616,1926,5.67,1567,5.85,1829,6.054,1730,6.35,1449,6.467,1919,6.597,2038,6.821,1879,7.18,1988,7.417,2429,7.582,1256,2.66,3.05,3.24,1.7082,1.1534,1.6803,2.9117,2.1602,2.5075,2.5192,0.9615,3.1746,3.4872,4.8893,1.8425,2.0102,3.3955,5.2632,3.3008,2.2246,renting
05974,4.516,1614,4.527,1274,4.583,1407,4.667,1376,4.833,1625,4.933,1792,4.968,2466,5.008,1531,5.166,1054,5.362,1096,5.471,1077,5.769,971,5.927,1228,6.133,1357,6.439,971,6.737,1027,7.121,1365,7.394,653,2.96,3.98,4.53,0.2436,1.237,1.8329,3.5569,2.0691,0.7095,0.8052,3.155,3.794,2.0328,5.4469,2.7388,3.4756,4.9894,4.628,5.6999,3.8337,renting
05978,4.643,4140,4.612,4345,4.639,4684,4.685,5278,4.717,5696,4.845,5332,4.91,6866,4.945,5100,5.122,3805,5.34,4044,5.461,3828,5.691,3173,5.937,3176,6.072,3125,6.478,2415,6.675,2622,7.05,3133,7.392,1423,2.79,4.11,4.49,-0.6677,0.5854,0.9916,0.683,2.7136,1.3416,0.7128,3.5794,4.2561,2.2659,4.2117,4.3226,2.2739,6.6864,3.0411,5.618,4.8511,renting
06411,7.357,3408,7.32,3129,7.545,3116,7.521,3108,7.649,3114,7.5,3656,7.963,3553,7.612,3255,7.874,2717,8.963,2173,9.427,1968,10.069,2070,10.384,2945,10.362,3929,10.564,3223,11.074,3724,11.42,3789,12.108,1791,3.05,4.81,3.14,-0.5029,3.0738,-0.3181,1.7019,-1.948,6.1733,-4.4079,3.4419,13.8303,5.1768,6.8102,3.1284,-0.2119,1.9494,4.8277,3.1244,6.0245,renting
06412,9.003,22439,8.933,28756,9.017,29990,9.142,26662,9.378,26913,9.571,36509,10.076,34579,10.267,27585,9.872,19368,10.987,17554,11.894,16445,13.708,18280,13.139,22104,12.836,30228,13.08,22571,15.264,25675,14.885,26694,15.083,12514,3.25,4.19,3.03,-0.7775,0.9403,1.3863,2.5815,2.058,5.2764,1.8956,-3.8473,11.2946,8.2552,15.2514,-4.1509,-2.3061,1.9009,16.6972,-2.483,1.3302,renting
06413,6.397,4362,6.542,5150,6.494,5171,6.692,4255,6.91,3704,7.099,3943,7.305,3887,7.146,3439,7.3,2883,8.819,2402,8.731,2068,9.3,1946,9.684,2652,9.847,3896,9.901,3545,11.057,3135,11.104,3152,11.392,1430,3.58,4.95,3.39,2.2667,-0.7337,3.049,3.2576,2.7352,2.9018,-2.1766,2.1551,20.8082,-0.9978,6.517,4.129,1.6832,0.5484,11.6756,0.4251,2.5937,renting
06414,7.102,11693,7.185,11825,7.188,11644,7.431,9878,7.621,9339,7.844,11192,8.064,11159,7.914,8860,8.045,6996,8.822,5609,9.081,5976,9.446,5912,9.755,6430,9.888,7603,10.034,7077,10.46,6992,10.789,7037,11.341,3067,2.82,3.69,3.07,1.1687,0.0418,3.3806,2.5569,2.9261,2.8047,-1.8601,1.6553,9.6582,2.9358,4.0194,3.2712,1.3634,1.4765,4.2456,3.1453,5.1163,renting
06431,5.625,2629,5.56,3034,5.639,3742,5.775,3974,6.002,3960,5.7,4643,5.985,4141,6.147,2885,6.369,1849,6.771,2210,6.967,1586,7.294,1174,7.694,1745,7.961,1911,8.307,1662,8.658,2336,9.025,2547,9.99,1214,3.49,5.0,5.39,-1.1556,1.4209,2.4118,3.9307,-5.0317,5.0,2.7068,3.6115,6.3118,2.8947,4.6936,5.484,3.4702,4.3462,4.2254,4.2389,10.6925,renting
06432,6.214,4309,6.267,4446,6.28,4202,6.44,3765,6.415,3606,6.478,4135,6.622,4853,6.76,2934,7.065,2258,7.456,2288,7.604,1873,7.983,1571,8.344,2204,8.565,2459,8.943,2279,9.259,2517,9.74,2621,10.204,1242,2.98,4.21,4.11,0.8529,0.2074,2.5478,-0.3882,0.9821,2.2229,2.084,4.5118,5.5343,1.985,4.9842,4.5221,2.6486,4.4133,3.5335,5.1949,4.7639,renting
06433,6.34,3688,6.266,4114,6.335,4129,6.658,4036,6.711,3538,6.972,3834,7.006,4053,7.301,2763,7.435,2372,7.828,2319,8.109,2271,8.301,2244,8.735,2906,9.026,2908,9.333,2599,9.797,2844,10.183,2957,10.954,1396,3.29,4.15,4.64,-1.1672,1.1012,5.0987,0.796,3.8891,0.4877,4.2107,1.8354,5.2858,3.5897,2.3677,5.2283,3.3314,3.4013,4.9716,3.94,7.5714,renting
06434,7.576,7340,7.498,7438,7.599,7700,7.687,6692,7.81,5672,7.922,6098,8.002,6863,8.403,4628,8.049,3310,8.851,2527,9.212,2662,9.49,2272,9.763,3033,9.891,3600,10.237,3140,10.55,3400,11.18,3641,12.227,1662,2.91,3.89,4.64,-1.0296,1.347,1.158,1.6001,1.4341,1.0098,5.0112,-4.2128,9.964,4.0786,3.0178,2.8767,1.3111,3.4981,3.0575,5.9716,9.3649,renting
06435,5.653,5623,5.756,5205,5.786,5163,5.868,5354,5.926,4829,6.026,6164,6.191,5111,6.359,3993,6.668,3099,6.963,2980,7.298,2810,7.607,2694,7.97,3979,8.191,4115,8.506,3678,8.771,3885,9.324,4456,9.621,2095,3.19,4.23,3.84,1.822,0.5212,1.4172,0.9884,1.6875,2.7381,2.7136,4.8593,4.4241,4.8111,4.234,4.7719,2.7729,3.8457,3.1154,6.3049,3.1853,renting
06436,7.265,7249,7.33,7864,7.382,7648,7.56,6848,7.641,5697,7.882,6539,8.043,6263,8.034,4274,8.318,2747,8.664,2751,8.861,2579,9.246,2461,9.719,3190,9.892,3877,10.331,3222,10.471,3256,10.928,3564,11.823,1742,2.93,3.96,4.03,0.8947,0.7094,2.4113,1.0714,3.154,2.0426,-0.1119,3.535,4.1597,2.2738,4.3449,5.1157,1.78,4.4379,1.3551,4.3644,8.19,renting
06437,4.736,307,4.735,379,4.869,609,4.745,359,4.955,305,4.949,421,5.131,439,5.293,479,5.375,468,5.555,478,5.83,341,5.997,197,6.236,297,6.532,362,6.989,294,7.462,421,7.928,500,8.145,255,3.27,4.42,5.5,-0.0211,2.83,-2.5467,4.4257,-0.1211,3.6775,3.1573,1.5492,3.3488,4.9505,2.8645,3.9853,4.7466,6.9963,6.7678,6.245,2.7371,renting
06438,6.638,7915,6.692,9672,6.736,12046,6.861,7410,7.024,7794,7.135,8822,7.296,9027,7.376,5057,7.58,3548,8.041,3435,8.418,3478,8.627,3174,9.012,4528,9.256,5114,9.472,4402,9.804,4361,10.275,4948,10.8,2389,2.92,3.89,3.69,0.8135,0.6575,1.8557,2.3757,1.5803,2.2565,1.0965,2.7657,6.0818,4.6885,2.4828,4.4627,2.7075,2.3336,3.5051,4.8042,5.1095,renting
06439,5.971,3187,5.985,3105,6.008,3060,6.09,3081,6.207,3125,6.33,3709,6.566,3512,6.614,2557,6.858,1871,7.123,1790,7.297,1665,7.6,1558,7.813,1929,8.028,2003,8.331,1765,8.66,2022,9.209,2278,9.478,1051,2.77,3.67,3.95,0.2345,0.3843,1.3648,1.9212,1.9816,3.7283,0.731,3.6891,3.8641,2.4428,4.1524,2.8026,2.7518,3.7743,3.9491,6.3395,2.9211,renting
06440,6.078,2938,6.15,3016,6.088,3480,6.169,3584,6.288,4036,6.374,4505,6.565,4798,6.722,3189,6.966,2337,7.329,2259,7.557,2186,7.954,1825,8.264,3032,8.447,3376,8.785,2824,9.004,2938,9.554,3045,9.99,1460,2.98,4.05,3.88,1.1846,-1.0081,1.3305,1.929,1.3677,2.9965,2.3915,3.6299,5.211,3.1109,5.2534,3.8974,2.2144,4.0014,2.4929,6.1084,4.5635,renting
06531,5.616,1220,5.735,1502,5.844,1621,5.938,1896,5.987,1857,6.015,2326,6.244,2555,6.511,2151,6.606,2012,7.142,1986,7.604,2219,7.874,2285,8.117,3272,8.123,3084,8.553,2242,8.717,2403,9.255,2650,9.463,1249,3.14,3.84,3.14,2.1189,1.9006,1.6085,0.8252,0.4677,3.8071,4.2761,1.4591,8.1138,6.4688,3.5508,3.0861,0.0739,5.2936,1.9175,6.1718,2.2474,renting
06532,4.867,531,4.9,581,4.914,754,4.965,674,5.143,860,5.169,1136,5.222,1119,5.423,886,5.582,628,5.795,718,6.043,660,6.228,543,6.494,874,6.639,941,7.158,890,7.402,887,7.795,1043,8.284,545,3.2,4.34,5.01,0.678,0.2857,1.0379,3.5851,0.5055,1.0253,3.8491,2.932,3.8158,4.2796,3.0614,4.271,2.2328,7.8174,3.4088,5.3094,6.2733,renting
06533,4.811,941,4.823,907,4.792,1083,4.854,1245,4.885,1314,4.978,1510,5.073,1380,5.282,1023,5.359,895,5.595,871,5.868,904,6.106,769,6.319,1031,6.581,945,6.911,884,7.45,1143,7.96,1310,8.142,622,3.17,4.44,5.22,0.2494,-0.6428,1.2938,0.6386,1.9038,1.9084,4.1199,1.4578,4.4038,4.8794,4.0559,3.4884,4.1462,5.0144,7.7992,6.8456,2.2864,renting
06534,5.727,1453,5.83,1377,5.996,1652,6.241,1861,6.405,2377,6.574,2356,6.772,1657,6.756,1554,7.129,1371,7.479,1438,7.712,1332,8.023,1295,8.193,1642,8.314,1874,8.488,1450,8.498,1486,8.985,1542,10.09,752,3.42,4.14,4.34,1.7985,2.8473,4.0861,2.6278,2.6386,3.0119,-0.2363,5.521,4.9095,3.1154,4.0327,2.1189,1.4769,2.0929,0.1178,5.7308,12.2983,renting
06535,4.126,224,4.012,230,4.019,210,4.078,228,4.183,338,4.361,412,4.366,257,4.358,260,4.478,193,4.512,164,4.903,144,5.065,127,5.176,162,5.319,203,5.852,132,5.96,165,6.557,204,6.71,123,2.96,4.47,5.4,-2.763,0.1745,1.468,2.5748,4.2553,0.1147,-0.1832,2.7536,0.7593,8.6658,3.3041,2.1915,2.7628,10.0207,1.8455,10.0168,2.3334,renting
06611,4.515,2300,4.584,1951,4.708,2307,4.887,2519,5.261,2366,5.759,2870,6.098,2681,6.082,2602,6.128,2517,6.35,2083,6.689,2344,6.955,2903,7.163,3030,7.155,3303,7.389,2471,7.73,2678,8.016,2462,8.433,1164,3.77,3.34,3.34,1.5282,2.7051,3.802,7.653,9.4659,5.8864,-0.2624,0.7563,3.6227,5.3386,3.9767,2.9907,-0.1117,3.2704,4.615,3.6999,5.2021,renting
06631,4.262,1369,4.392,1659,4.435,1344,4.444,1073,4.842,1209,4.973,1557,5.163,1649,5.4,1207,5.804,987,6.37,910,6.719,864,6.817,731,6.909,962,7.06,1075,7.408,844,7.621,969,7.981,1133,8.154,601,3.92,4.24,3.38,3.0502,0.9791,0.2029,8.9559,2.7055,3.8206,4.5904,7.4815,9.7519,5.4788,1.4586,1.3496,2.1856,4.9292,2.8753,4.7238,2.1676,renting
06632,3.927,232,3.98,253,3.717,339,3.768,313,4.264,282,4.414,140,4.611,381,4.624,605,4.755,358,4.991,220,5.109,287,5.378,269,6.011,330,6.294,398,6.444,269,6.941,267,7.409,371,7.54,227,4.0,5.05,4.66,1.3496,-6.608,1.3721,13.1635,3.5178,4.4631,0.2819,2.833,4.9632,2.3643,5.2652,11.7702,4.708,2.3832,7.7126,6.7425,1.7681,renting
06633,4.456,1038,4.473,767,4.445,1020,4.55,1060,4.788,1003,4.824,1088,4.996,1029,5.216,822,5.245,590,5.535,565,5.638,680,6.054,624,6.135,855,6.341,807,6.61,612,6.915,749,7.305,862,7.626,402,3.23,3.89,4.45,0.3815,-0.626,2.3622,5.2308,0.7519,3.5655,4.4035,0.556,5.5291,1.8609,7.3785,1.338,3.3578,4.2422,4.6142,5.6399,4.3943,renting
06634,4.055,659,4.067,475,4.124,540,4.083,583,4.153,699,4.334,684,4.446,536,4.463,358,4.524,346,4.603,340,4.878,355,5.112,243,5.503,329,5.705,270,5.807,244,6.313,269,6.723,310,7.102,174,3.39,4.78,5.26,0.2959,1.4015,-0.9942,1.7144,4.3583,2.5842,0.3824,1.3668,1.7462,5.9744,4.797,7.6487,3.6707,1.7879,8.7136,6.4945,5.6374,renting
06635,3.886,181,3.946,145,4.018,191,4.079,255,4.085,348,4.297,337,4.293,354,4.298,249,4.418,217,4.57,235,4.69,178,5.169,143,5.233,226,5.47,222,5.876,186,6.163,251,6.504,244,7.048,121,3.61,5.1,6.15,1.544,1.8246,1.5182,0.1471,5.1897,-0.0931,0.1165,2.792,3.4405,2.6258,10.2132,1.2382,4.529,7.4223,4.8843,5.533,8.3641,renting
06636,3.73,150,3.769,193,3.769,300,3.742,398,4.023,430,3.967,261,4.169,322,4.249,327,4.215,311,4.222,286,4.485,263,4.868,242,4.925,318,5.131,337,5.34,210,5.922,284,5.984,276,6.013,137,2.91,3.6,4.14,1.0456,0.0,-0.7164,7.5094,-1.392,5.092,1.9189,-0.8002,0.1661,6.2293,8.5396,1.1709,4.1827,4.0733,10.8989,1.0469,0.4846,renting
07111,5.083,1931,5.17,2301,5.248,2342,5.454,2183,5.547,2070,5.587,2350,5.902,2389,6.075,2103,6.279,1754,6.903,1601,7.144,1581,7.328,1605,7.817,1879,7.776,1928,8.163,1749,8.509,1892,8.963,2291,9.829,1082,3.99,4.97,4.74,1.7116,1.5087,3.9253,1.7052,0.7211,5.6381,2.9312,3.358,9.9379,3.4912,2.5756,6.673,-0.5245,4.9769,4.2386,5.3355,9.6619,renting
07131,4.976,1125,5.163,1365,4.931,1441,5.117,1608,5.251,1552,5.367,1977,5.519,1747,5.579,1074,5.688,747,5.8,794,6.048,794,6.387,618,6.712,947,6.968,773,7.491,735,7.726,1337,8.003,1423,8.387,634,3.15,4.17,4.57,3.758,-4.4935,3.7721,2.6187,2.2091,2.8321,1.0872,1.9538,1.9691,4.2759,5.6052,5.0885,3.8141,7.5057,3.1371,3.5853,4.7982,renting
07132,4.282,222,4.169,209,4.133,291,4.125,381,4.055,485,4.448,842,4.326,904,4.493,453,4.536,315,4.743,363,4.828,368,5.11,282,5.261,375,5.636,389,5.791,323,6.333,390,6.695,425,6.945,251,2.95,4.48,5.74,-2.639,-0.8635,-0.1936,-1.697,9.6917,-2.7428,3.8604,0.957,4.5635,1.7921,5.8409,2.955,7.1279,2.7502,9.3594,5.7161,3.7341,renting
07133,4.776,582,4.833,784,4.907,976,5.005,1009,5.132,1287,5.214,1319,5.307,1393,5.536,1203,5.676,1006,5.824,985,6.097,1018,6.359,1011,6.575,1356,6.832,1319,7.112,1011,7.377,1182,7.825,1361,8.16,681,3.21,3.96,4.42,1.1935,1.5311,1.9971,2.5375,1.5978,1.7837,4.3151,2.5289,2.6075,4.6875,4.2972,3.3968,3.9087,4.0984,3.7261,6.0729,4.2812,renting
07134,3.801,69,3.848,109,3.872,127,3.851,180,3.942,167,4.011,286,4.041,235,4.191,225,4.242,307,4.622,277,4.52,195,4.764,163,4.901,234,5.214,219,5.635,196,6.213,296,6.234,291,6.638,166,3.39,4.78,6.31,1.2365,0.6237,-0.5424,2.363,1.7504,0.7479,3.712,1.2169,8.958,-2.2068,5.3982,2.8757,6.3865,8.0744,10.2573,0.338,6.4806,renting
07135,3.73,183,3.885,175,3.857,145,3.971,163,3.843,148,4.375,163,4.202,208,4.326,212,4.694,147,4.945,188,4.967,116,4.983,96,5.339,144,5.492,146,6.191,113,6.472,206,6.776,156,6.918,84,3.81,4.87,5.38,4.1555,-0.7207,2.9557,-3.2234,13.8434,-3.9543,2.951,8.5067,5.3473,0.4449,0.3221,7.1443,2.8657,12.7276,4.5388,4.6972,2.0956,renting
07137,4.542,1025,4.621,1184,4.61,1677,4.676,1479,4.731,1896,4.843,1923,4.957,2000,5.06,1566,5.225,1115,6.068,1231,5.739,1056,6.005,922,6.229,1304,6.506,1378,6.796,1076,7.12,1313,7.793,1501,8.29,733,3.69,5.18,5.9,1.7393,-0.238,1.4317,1.1762,2.3674,2.3539,2.0779,3.2609,16.134,-5.4219,4.635,3.7302,4.4469,4.4574,4.7675,9.4522,6.3775,renting
07138,4.567,704,4.569,847,4.665,1543,4.696,1655,4.782,1461,4.89,1453,4.925,1334,5.043,1103,5.276,835,5.413,780,5.685,716,5.901,720,6.109,889,6.471,1011,6.925,783,7.25,917,7.71,1180,8.211,580,3.53,5.0,6.1,0.0438,2.1011,0.6645,1.8313,2.2585,0.7157,2.3959,4.6203,2.5967,5.0249,3.7995,3.5248,5.9257,7.0159,4.6931,6.3448,6.4981,renting
07140,3.984,263,4.077,237,4.066,356,4.024,284,4.108,358,4.246,393,4.272,383,4.458,410,4.692,313,4.967,370,5.038,268,5.122,185,5.59,437,5.746,399,6.03,300,6.668,464,6.905,473,7.247,211,3.62,5.02,5.36,2.3343,-0.2698,-1.033,2.0875,3.3593,0.6123,4.3539,5.249,5.861,1.4294,1.6673,9.1371,2.7907,4.9426,10.5804,3.5543,4.9529,renting
07141,4.319,639,4.426,636,4.451,838,4.43,873,4.483,1022,4.498,976,4.585,1218,4.79,782,4.987,690,5.129,689,5.516,694,5.633,584,5.873,731,6.101,794,6.457,660,6.852,784,7.415,937,7.829,420,3.59,5.05,5.93,2.4774,0.5648,-0.4718,1.1964,0.3346,1.9342,4.4711,4.1127,2.8474,7.5453,2.1211,4.2606,3.8822,5.8351,6.1174,8.2166,5.5833,renting
07143,4.3,588,4.351,622,4.411,703,4.44,792,4.471,931,4.603,1114,4.789,1219,4.916,1070,5.166,858,5.3,865,5.675,983,5.923,765,6.004,1124,6.251,1107,6.685,831,7.018,1118,7.29,1120,7.51,521,3.35,4.34,4.59,1.186,1.379,0.6574,0.6982,2.9524,4.0408,2.6519,5.0854,2.5939,7.0755,4.37,1.3676,4.1139,6.9429,4.9813,3.8757,3.0178,renting
07211,6.066,1007,6.412,1656,6.57,1672,6.798,1616,6.771,2298,7.025,3279,6.814,3777,7.003,2846,6.575,2008,7.411,1866,7.607,1658,7.904,1533,8.261,2421,8.245,1746,8.55,1075,9.148,1309,9.519,1625,9.74,802,2.9,3.45,3.38,5.7039,2.4641,3.4703,-0.3972,3.7513,-3.0036,2.7737,-6.1117,12.7148,2.6447,3.9043,4.5167,-0.1937,3.6992,6.9942,4.0555,2.3217,renting
07231,4.318,103,4.539,136,4.524,187,4.582,191,4.574,218,4.728,366,4.839,304,4.996,222,4.921,194,5.184,250,5.333,242,5.358,174,5.542,285,5.914,238,6.358,129,7.176,234,8.004,279,7.794,130,3.62,4.66,7.2,5.1181,-0.3305,1.2821,-0.1746,3.3669,2.3477,3.2445,-1.5012,5.3444,2.8742,0.4688,3.4341,6.7124,7.5076,12.8657,11.5385,-2.6237,renting
07232,4.704,53,4.924,64,5.175,125,5.391,100,5.112,461,5.182,608,5.129,561,5.376,295,5.633,211,5.572,252,5.826,208,5.993,170,6.046,202,6.472,161,6.777,108,6.832,181,7.18,218,7.675,123,2.97,3.66,4.91,4.6769,5.0975,4.1739,-5.1753,1.3693,-1.0228,4.8158,4.7805,-1.0829,4.5585,2.8665,0.8844,7.046,4.7126,0.8116,5.0937,6.8942,renting
07233,3.979,80,4.258,63,4.057,59,4.115,82,4.178,69,4.29,97,4.369,78,4.4,103,4.625,113,4.724,123,4.762,113,4.966,88,5.5,124,5.511,133,6.024,84,6.427,104,6.95,152,6.803,84,3.28,4.53,4.44,7.0118,-4.7205,1.4296,1.531,2.6807,1.8415,0.7095,5.1136,2.1405,0.8044,4.2839,10.7531,0.2,9.3087,6.6899,8.1375,-2.1151,renting
07235,5.173,647,5.299,952,5.469,1026,5.516,952,5.562,1377,5.662,2230,5.652,2252,5.718,894,5.989,728,6.004,862,6.309,644,6.353,401,6.585,569,7.15,595,7.268,298,7.996,451,7.877,521,8.349,243,2.9,3.92,4.95,2.4357,3.2082,0.8594,0.8339,1.7979,-0.1766,1.1677,4.7394,0.2505,5.0799,0.6974,3.6518,8.5801,1.6503,10.0165,-1.4882,5.9921,renting
07311,5.218,576,5.273,585,5.396,660,5.497,817,5.576,879,5.648,964,5.874,1049,5.967,792,6.29,555,6.534,584,6.798,486,6.938,411,7.259,409,7.582,379,8.064,363,8.319,375,8.648,482,9.174,269,3.39,4.4,4.8,1.054,2.3326,1.8718,1.4371,1.2912,4.0014,1.5832,5.4131,3.8792,4.0404,2.0594,4.6267,4.4496,6.3572,3.1622,3.9548,6.0823,renting
07312,4.87,1411,4.878,1575,4.951,1964,5.098,1658,5.102,1972,5.408,2431,5.429,2593,5.513,2311,5.658,1948,6.039,1778,6.275,1563,6.483,1337,6.957,1704,7.143,1677,7.562,1455,8.044,1554,8.868,2072,9.726,1053,4.2,5.87,6.97,0.1643,1.4965,2.9691,0.0785,5.9976,0.3883,1.5472,2.6301,6.7338,3.9079,3.3147,7.3114,2.6736,5.8659,6.374,10.2437,9.6752,renting
07313,5.44,380,5.411,447,5.629,516,6.088,559,6.045,488,5.955,486,6.311,627,6.54,463,6.592,612,7.189,517,7.275,333,7.591,374,7.875,759,8.032,757,8.372,659,8.564,870,9.169,943,9.629,400,3.46,3.97,4.12,-0.5331,4.0288,8.1542,-0.7063,-1.4888,5.9782,3.6286,0.7951,9.0564,1.1963,4.3436,3.7413,1.9937,4.2331,2.2934,7.0645,5.0169,renting
07314,5.592,1857,5.552,1996,5.615,2753,5.902,3127,5.988,2859,6.14,2587,6.263,2782,6.283,2164,6.48,2318,7.237,1786,7.336,1353,7.595,1281,8.282,1596,8.329,1774,8.66,1477,9.219,1784,9.461,2169,9.692,1174,3.33,4.48,3.21,-0.7153,1.1347,5.1113,1.4571,2.5384,2.0033,0.3193,3.1354,11.6821,1.368,3.5305,9.0454,0.5675,3.9741,6.455,2.625,2.4416,renting
07315,7.112,4177,7.224,4916,7.307,5083,7.44,4279,7.699,4522,7.53,5923,8.085,6210,7.865,5075,7.916,4937,9.034,3828,9.386,3823,9.83,3627,10.417,4336,10.378,5059,10.671,4332,10.988,4648,11.38,4878,11.917,2309,3.15,4.31,2.74,1.5748,1.1489,1.8202,3.4812,-2.1951,7.3705,-2.7211,0.6484,14.1233,3.8964,4.7304,5.9715,-0.3744,2.8233,2.9707,3.5675,4.7188,renting
07316,5.227,573,5.209,607,5.37,744,5.482,660,5.656,861,5.775,987,5.94,969,5.96,673,5.988,568,6.57,489,6.866,436,7.187,407,7.192,646,7.524,576,7.977,524,8.246,578,8.802,772,9.074,358,3.33,4.33,4.77,-0.3444,3.0908,2.0857,3.174,2.104,2.8571,0.3367,0.4698,9.7194,4.5053,4.6752,0.0696,4.6162,6.0207,3.3722,6.7427,3.0902,renting
07317,3.907,78,3.763,111,3.921,98,3.981,295,3.864,182,3.913,245,4.087,235,4.103,319,4.226,316,4.409,391,4.325,279,4.533,222,4.713,335,4.948,265,5.209,249,5.685,316,6.062,366,6.29,197,2.89,4.4,5.96,-3.6857,4.1988,1.5302,-2.939,1.2681,4.4467,0.3915,2.9978,4.3303,-1.9052,4.8092,3.9709,4.9862,5.2749,9.138,6.6315,3.7611,renting
07318,5.978,340,5.924,369,6.058,641,6.133,607,6.216,580,6.468,631,6.711,764,6.399,610,6.611,507,7.273,477,7.584,366,7.838,281,8.165,341,8.466,466,8.83,410,9.176,461,9.522,565,10.38,303,3.35,4.98,4.94,-0.9033,2.262,1.238,1.3533,4.0541,3.757,-4.6491,3.313,10.0136,4.2761,3.3492,4.172,3.6865,4.2996,3.9185,3.7707,9.0107,renting
07319,5.174,698,5.136,861,5.253,889,5.283,878,5.438,1047,5.544,1444,5.725,1278,5.921,879,6.283,851,6.423,844,6.635,687,6.922,553,7.338,811,7.468,817,8.064,666,8.409,941,8.94,1201,9.427,644,3.62,4.78,5.16,-0.7344,2.278,0.5711,2.9339,1.9492,3.2648,3.4236,6.1138,2.2282,3.3006,4.3255,6.0098,1.7716,7.9807,4.2783,6.3147,5.4474,renting
07320,4.198,121,4.246,161,4.303,172,4.678,235,4.587,174,4.428,214,4.673,161,4.707,194,4.839,287,4.899,253,4.99,162,5.193,143,5.546,203,5.652,207,5.978,163,6.635,109,7.18,94,7.103,75,3.21,4.26,5.16,1.1434,1.3424,8.7149,-1.9453,-3.4663,5.533,0.7276,2.8043,1.2399,1.8575,4.0681,6.7976,1.9113,5.7679,10.9903,8.214,-1.0724,renting
07331,4.924,645,4.932,723,4.98,832,5.024,713,5.063,810,5.154,1118,5.213,1012,5.475,611,5.647,495,5.814,566,6.102,525,6.251,429,6.573,612,6.799,709,7.285,533,7.7,748,8.127,875,8.439,370,3.24,4.43,5.13,0.1625,0.9732,0.8835,0.7763,1.7974,1.1447,5.0259,3.1416,2.9573,4.9536,2.4418,5.1512,3.4383,7.1481,5.6966,5.5455,3.8391,renting
07332,5.18,877,5.195,988,5.26,1062,5.372,1181,5.43,1253,5.504,1223,5.723,1265,5.964,1049,6.033,641,6.353,692,6.517,509,6.86,470,7.131,687,7.447,767,7.914,638,8.355,793,8.761,939,8.968,475,3.3,4.18,4.7,0.2896,1.2512,2.1293,1.0797,1.3628,3.9789,4.2111,1.1569,5.3042,2.5815,5.2632,3.9504,4.4314,6.271,5.5724,4.8594,2.3627,renting
07333,4.301,335,4.426,304,4.437,470,4.489,382,4.603,467,4.718,571,4.783,358,5.015,283,5.067,381,5.149,342,5.352,225,5.562,185,5.883,237,6.07,205,6.473,177,6.911,260,7.624,307,7.913,124,3.68,4.7,6.14,2.9063,0.2485,1.172,2.5395,2.4984,1.3777,4.8505,1.0369,1.6183,3.9425,3.9238,5.7713,3.1787,6.6392,6.7666,10.3169,3.7907,renting
07334,5.072,758,5.121,665,5.204,921,5.303,908,5.431,958,5.535,879,5.724,849,5.988,751,6.354,699,6.498,878,6.633,605,7.093,524,7.361,813,7.74,857,8.134,812,8.203,952,8.76,1033,8.94,474,3.41,4.11,3.99,0.9661,1.6208,1.9024,2.4137,1.9149,3.4146,4.6122,6.1122,2.2663,2.0776,6.935,3.7784,5.1488,5.0904,0.8483,6.7902,2.0548,renting
07335,4.771,930,4.724,591,4.755,711,4.719,443,4.889,515,5.05,1178,5.027,1431,5.049,741,5.211,436,5.334,482,5.475,348,5.563,253,5.762,295,6.258,260,6.644,189,7.383,280,7.942,357,8.713,211,3.67,5.66,8.64,-0.9851,0.6562,-0.7571,3.6025,3.2931,-0.4554,0.4376,3.2086,2.3604,2.6434,1.6073,3.5772,8.6081,6.1681,11.1228,7.5714,9.7079,renting
07336,4.171,119,4.274,138,4.28,195,4.325,161,4.31,98,4.443,229,4.738,301,4.479,133,4.408,150,4.661,155,4.766,78,4.64,72,5.015,93,5.393,102,5.737,82,6.349,85,6.915,108,7.095,67,3.27,4.79,7.22,2.4694,0.1404,1.0514,-0.3468,3.0858,6.6397,-5.4664,-1.5852,5.7396,2.2527,-2.6437,8.0819,7.5374,6.3786,10.6676,8.9148,2.603,renting
07337,4.927,698,4.958,625,4.92,876,5.128,842,5.052,798,5.264,710,5.393,815,5.577,619,5.802,500,6.247,544,6.219,356,6.511,359,6.701,659,7.017,605,7.335,546,7.628,659,8.127,829,8.343,457,3.18,4.13,4.49,0.6292,-0.7664,4.2276,-1.4821,4.1964,2.4506,3.4118,4.0344,7.6698,-0.4482,4.6953,2.9181,4.7157,4.5319,3.9945,6.5417,2.6578,renting
07338,5.371,1054,5.307,1076,5.425,1561,5.552,1547,5.742,1885,5.781,1696,5.729,1643,6.027,1025,6.219,714,6.586,827,6.647,622,7.053,528,7.344,709,7.641,718,8.118,641,8.289,853,8.946,998,9.381,488,3.37,4.54,5.04,-1.1916,2.2235,2.341,3.4222,0.6792,-0.8995,5.2016,3.1857,5.9013,0.9262,6.108,4.1259,4.0441,6.2426,2.1064,7.9262,4.8625,renting
07339,5.764,2428,5.668,3002,5.792,3098,5.899,2837,6.033,2533,6.286,3544,6.426,3217,6.529,2426,6.868,1751,6.981,2109,7.175,1875,7.441,1471,7.744,2168,8.005,2060,8.428,1797,8.747,2087,9.062,1927,9.89,956,3.25,4.26,5.04,-1.6655,2.1877,1.8474,2.2716,4.1936,2.2272,1.6029,5.1922,1.6453,2.779,3.7073,4.072,3.3704,5.2842,3.785,3.6012,9.1371,renting
07340,4.266,118,4.098,123,4.21,126,4.166,261,4.159,147,4.268,212,4.092,202,4.267,197,4.407,168,4.507,222,4.786,144,4.772,115,4.963,176,5.231,165,5.503,128,6.005,142,6.48,166,6.575,87,2.64,4.45,5.82,-3.9381,2.733,-1.0451,-0.168,2.6208,-4.1237,4.2766,3.281,2.2691,6.1904,-0.2925,4.0025,5.4,5.1998,9.1223,7.9101,1.466,renting
08111,7.692,11131,7.788,13703,7.872,15661,7.979,15026,8.333,13361,8.369,17215,9.006,13979,9.136,12278,8.824,9169,13.4,9540,14.826,9736,16.735,10569,15.376,16831,14.621,23528,14.146,16254,14.882,18164,15.803,22906,16.353,11236,5.19,7.06,1.34,1.248,1.0786,1.3592,4.4366,0.432,7.6114,1.4435,-3.4151,51.8586,10.6418,12.876,-8.1207,-4.9102,-3.2488,5.2029,6.1887,3.4804,renting
08115,6.666,5256,6.706,6151,6.745,6353,6.827,6362,6.994,5806,7.163,5794,7.284,6795,7.592,4545,7.776,3159,9.786,2932,10.915,2880,11.345,2444,11.222,4418,11.359,5726,10.753,4306,11.401,5058,11.874,6600,12.499,3491,3.95,5.4,2.26,0.6001,0.5816,1.2157,2.4462,2.4164,1.6892,4.2284,2.4236,25.8488,11.5369,3.9395,-1.0842,1.2208,-5.335,6.0262,4.1488,5.2636,renting
08116,6.683,5950,6.773,7056,6.754,8778,6.864,8003,7.064,7736,7.162,7674,7.459,6704,7.585,4602,7.829,3586,8.721,3497,10.114,3844,10.922,3503,11.335,5572,11.008,7678,10.9,6331,11.503,7160,11.667,8347,12.021,4128,3.61,4.85,1.23,1.3467,-0.2805,1.6287,2.9138,1.3873,4.1469,1.6892,3.2169,11.3935,15.9729,7.9889,3.7814,-2.8849,-0.9811,5.5321,1.4257,3.0342,renting
08117,5.566,1115,5.606,1294,5.612,1476,5.691,2361,5.733,2068,5.934,2261,6.125,1613,6.369,1320,6.455,1378,6.969,1056,7.334,940,7.766,911,8.046,1433,8.247,1872,8.647,1568,9.004,2047,9.413,2431,9.656,1183,3.31,4.26,3.72,0.7186,0.107,1.4077,0.738,3.506,3.2187,3.9837,1.3503,7.9628,5.2375,5.8904,3.6055,2.4981,4.8502,4.1286,4.5424,2.5815,renting
08118,6.523,6381,6.636,7390,6.629,7437,6.677,7346,6.852,6782,7.124,7020,7.303,6392,7.582,4465,7.644,3714,9.219,3388,10.128,3528,10.186,2847,10.398,4934,10.634,6890,10.637,5609,11.002,6655,11.373,7984,11.934,3847,3.72,4.8,2.81,1.7323,-0.1055,0.7241,2.6209,3.9696,2.5126,3.8203,0.8177,20.6044,9.8601,0.5727,2.0813,2.2697,0.0282,3.4314,3.3721,4.9327,renting
08119,6.187,3841,6.273,5518,6.349,5816,6.423,5944,6.564,4847,6.7,4624,6.809,4349,6.922,3043,7.37,2127,8.835,2148,9.043,1854,9.7,1639,9.638,2499,9.793,3264,10.164,3404,10.459,3768,10.695,4812,10.979,2277,3.52,4.85,2.64,1.39,1.2115,1.1655,2.1952,2.0719,1.6269,1.6596,6.4721,19.8779,2.3543,7.2653,-0.6392,1.6082,3.7884,2.9024,2.2564,2.6554,renting
08121,5.694,1422,5.745,1529,5.867,1505,5.956,1380,6.182,1234,6.518,1824,6.719,1532,7.006,1081,7.179,1170,8.067,909,8.813,929,9.199,924,9.603,1579,9.593,2458,9.884,1956,10.112,2161,10.417,2795,11.092,1306,4.04,4.76,2.95,0.8957,2.1236,1.517,3.7945,5.4351,3.0838,4.2715,2.4693,12.3694,9.2476,4.3799,4.3918,-0.1041,3.0335,2.3068,3.0162,6.4798,renting
08125,5.294,2135,5.325,2546,5.415,2480,5.508,2266,5.682,2223,5.819,2643,5.97,2588,6.278,1805,6.615,1530,7.118,1418,7.427,1480,7.865,1409,8.235,2401,8.434,3190,8.72,2761,8.975,3337,9.362,4194,9.809,1957,3.71,4.57,3.56,0.5856,1.6901,1.7175,3.159,2.4111,2.5949,5.1591,5.368,7.6039,4.3411,5.8974,4.7044,2.4165,3.391,2.9243,4.312,4.7746,renting
08126,4.883,299,4.841,529,4.972,536,4.889,469,5.103,459,5.37,767,5.499,527,5.792,483,6.021,332,6.407,358,6.627,353,6.818,380,7.149,579,7.353,771,7.695,698,7.895,845,8.337,1139,8.659,476,3.45,4.11,3.91,-0.8601,2.7061,-1.6693,4.3772,5.2322,2.4022,5.3282,3.9537,6.4109,3.4337,2.8821,4.8548,2.8535,4.6512,2.5991,5.5985,3.8623,renting
08127,4.848,1009,4.872,2194,4.723,3233,4.751,1629,5.079,1149,5.371,1210,5.591,1038,5.897,779,6.138,513,6.598,682,6.807,634,7.134,508,7.303,948,7.567,1154,7.767,978,8.095,1296,8.535,1636,8.874,785,3.65,4.18,3.98,0.495,-3.0583,0.5928,6.9038,5.7492,4.0961,5.4731,4.0868,7.4943,3.1676,4.8039,2.3689,3.615,2.6431,4.223,5.4355,3.9719,renting
08128,4.418,349,4.477,881,4.662,1602,4.492,346,4.594,470,4.723,899,4.761,662,5.049,745,5.371,367,5.723,267,5.745,268,5.995,252,6.372,440,6.463,458,6.953,404,7.269,538,7.687,687,7.911,322,3.53,4.62,4.44,1.3354,4.1322,-3.6465,2.2707,2.808,0.8046,6.0491,6.3775,6.5537,0.3844,4.3516,6.2886,1.4281,7.5816,4.5448,5.7504,2.914,renting
08135,4.995,1193,4.96,898,5.199,839,5.224,981,5.255,1402,5.371,1490,5.723,1167,5.736,1187,5.992,995,6.234,384,6.554,525,6.908,695,7.192,727,7.472,1001,7.845,704,8.176,799,8.791,1116,8.982,616,3.54,4.59,4.56,-0.7007,4.8185,0.4809,0.5934,2.2074,6.5537,0.2272,4.463,4.0387,5.1331,5.4013,4.1112,3.8932,4.992,4.2192,7.522,2.1727,renting
08136,5.237,817,5.355,1226,5.343,1491,5.287,2089,5.464,1986,5.722,2404,6.076,2090,6.099,1209,6.382,884,6.605,983,7.008,936,7.311,729,7.557,1482,7.93,1738,8.267,1521,8.532,1958,8.89,2584,9.323,1394,3.47,4.34,4.29,2.2532,-0.2241,-1.0481,3.3478,4.7218,6.1866,0.3785,4.6401,3.4942,6.1014,4.3236,3.3648,4.9358,4.2497,3.2055,4.196,4.8706,renting
08211,6.471,847,6.574,1060,6.447,2667,6.438,2351,6.76,1412,6.904,1614,7.262,1932,7.25,1030,6.945,791,7.54,603,8.054,653,8.316,608,8.783,790,9.157,926,9.289,800,9.406,873,9.813,1172,10.341,594,2.85,3.67,3.33,1.5917,-1.9319,-0.1396,5.0016,2.1302,5.1854,-0.1652,-4.2069,8.5673,6.817,3.253,5.6157,4.2582,1.4415,1.2596,4.327,5.3806,renting
08212,6.631,3534,6.866,4166,6.935,4947,7.25,4218,7.234,4839,7.057,5863,7.633,5337,7.497,4911,7.533,4475,8.586,3499,8.838,2996,9.306,2292,9.74,3227,9.789,4110,10.271,3432,10.422,3836,10.869,4732,11.692,2555,3.47,4.61,3.75,3.544,1.005,4.5422,-0.2207,-2.4468,8.1621,-1.7817,0.4802,13.9785,2.935,5.2953,4.6637,0.5031,4.9239,1.4702,4.289,7.572,renting
08215,5.601,3429,5.568,4325,5.673,6217,5.743,5746,5.848,5170,6.005,4688,6.178,4310,6.444,3167,6.824,2625,7.064,2777,7.305,2105,7.617,1590,7.903,2492,8.177,2831,8.491,2613,8.896,3429,9.306,4043,9.747,2093,3.32,4.23,4.28,-0.5892,1.8858,1.2339,1.8283,2.6847,2.8809,4.3056,5.897,3.517,3.4117,4.271,3.7548,3.467,3.84,4.7698,4.6088,4.7389,renting
08216,5.118,1788,5.336,1450,5.519,5196,5.668,3542,5.754,1724,6.086,2288,6.03,2072,6.131,1298,6.394,1017,6.818,982,6.812,736,7.213,623,7.587,1108,7.801,1344,8.151,1170,8.355,1486,8.831,1872,9.3,913,3.6,4.27,4.16,4.2595,3.4295,2.6998,1.5173,5.7699,-0.9201,1.675,4.2897,6.6312,-0.088,5.8867,5.1851,2.8206,4.4866,2.5028,5.6972,5.3108,renting
08221,8.048,2312,8.017,2618,8.01,3296,8.344,3311,8.437,2932,8.016,4285,8.196,4854,8.106,3256,7.959,2923,9.392,2087,9.985,1960,10.46,1767,10.936,2496,11.108,2376,11.526,2033,12.902,2392,12.594,3075,13.325,1556,3.15,5.25,4.14,-0.3852,-0.0873,4.1698,1.1146,-4.9899,2.2455,-1.0981,-1.8135,18.0048,6.3139,4.7571,4.5507,1.5728,3.7631,11.9382,-2.3872,5.8044,renting
08222,6.16,5857,6.278,6204,6.315,8253,6.618,8882,6.658,7546,6.791,7939,7.055,8404,7.048,6827,7.234,6597,8.088,5595,8.352,4925,8.802,4639,9.186,6284,9.12,8207,9.487,6331,9.677,7590,10.225,9039,10.802,4013,3.4,4.41,3.32,1.9156,0.5894,4.7981,0.6044,1.9976,3.8875,-0.0992,2.639,11.8054,3.2641,5.3879,4.3626,-0.7185,4.0241,2.0027,5.6629,5.643,renting
08225,4.481,252,4.515,219,4.458,254,4.512,423,4.721,413,4.667,473,4.822,444,5.012,368,5.348,355,5.511,365,5.906,294,6.025,277,6.396,404,6.697,473,7.341,459,7.572,610,7.961,816,8.116,353,3.59,4.96,4.91,0.7588,-1.2625,1.2113,4.6321,-1.1438,3.3212,3.9403,6.7039,3.0479,7.1675,2.0149,6.1577,4.7061,9.6162,3.1467,5.1373,1.947,renting
08226,6.016,7002,5.998,9419,6.053,14693,6.191,13440,6.24,11389,6.319,11845,6.439,9821,6.639,6860,6.872,5106,7.274,4996,7.565,3873,7.834,3300,8.085,4745,8.387,4987,8.792,4501,9.27,5545,9.671,6316,10.078,2940,3.1,4.27,4.51,-0.2992,0.917,2.2799,0.7915,1.266,1.899,3.1061,3.5096,5.8498,4.0005,3.5558,3.204,3.7353,4.8289,5.4368,4.3258,4.2085,renting
08231,5.3,1738,5.417,2266,5.471,2581,5.503,2633,5.64,2289,5.776,2485,6.017,2707,6.149,1762,6.207,1558,6.816,1317,7.17,1056,7.542,940,7.931,1593,8.067,1784,8.365,1941,8.613,1973,9.101,2533,9.279,1184,3.37,4.23,3.2,2.2075,0.9969,0.5849,2.4896,2.4113,4.1724,2.1938,0.9432,9.8115,5.1937,5.1883,5.1578,1.7148,3.6941,2.9647,5.6659,1.9558,renting
08235,5.152,947,5.086,1140,5.189,1484,5.163,1511,5.185,1654,5.303,2116,5.459,2008,5.683,1451,5.868,1062,6.327,1085,6.654,758,6.906,727,7.313,1013,7.579,1290,8.069,1268,8.411,1569,8.635,1774,8.759,880,3.2,4.44,3.69,-1.2811,2.0252,-0.5011,0.4261,2.2758,2.9417,4.1033,3.2553,7.8221,5.1683,3.7872,5.8934,3.6374,6.4652,4.2384,2.6632,1.436,renting
08236,5.357,825,5.456,1257,5.496,1577,5.497,1413,5.561,1306,5.775,1560,5.841,1373,5.973,967,6.248,750,6.758,806,6.937,699,7.31,545,7.711,938,8.118,1017,8.325,1039,8.595,1209,9.045,1544,9.272,781,3.3,4.51,3.76,1.848,0.7331,0.0182,1.1643,3.8482,1.1429,2.2599,4.6041,8.1626,2.6487,5.377,5.4856,5.2782,2.5499,3.2432,5.2356,2.5097,renting
08237,4.86,452,4.931,512,4.827,568,4.95,676,5.039,847,5.073,948,5.189,888,5.289,686,5.531,597,5.826,595,6.041,517,6.387,451,6.685,708,7.023,928,7.27,885,7.618,922,8.029,1422,8.227,630,3.16,4.52,4.24,1.4609,-2.1091,2.5482,1.798,0.6747,2.2866,1.9272,4.5755,5.3336,3.6904,5.7275,4.6657,5.0561,3.517,4.7868,5.3951,2.4661,renting
08311,7.361,2110,7.626,2560,7.623,2013,7.646,2209,7.969,2039,7.373,3117,8.535,2295,8.302,1853,7.613,1882,9.502,1114,10.261,1363,10.821,1210,11.278,1400,10.951,1402,11.893,1079,11.471,3056,11.677,4119,11.831,2910,3.12,3.95,1.05,3.6001,-0.0393,0.3017,4.2244,-7.479,15.7602,-2.7299,-8.2992,24.8128,7.9878,5.4576,4.2233,-2.8995,8.602,-3.5483,1.7958,1.3188,renting
08315,5.993,1130,6.128,1974,6.175,2506,6.13,2037,6.376,1800,6.601,2408,6.894,1711,6.909,1168,7.222,662,7.759,619,7.849,740,8.301,731,8.426,1103,8.708,1011,9.033,875,9.436,1226,9.968,1414,10.42,709,3.33,4.21,4.34,2.2526,0.767,-0.7287,4.0131,3.5289,4.4387,0.2176,4.5303,7.4356,1.1599,5.7587,1.5058,3.3468,3.7322,4.4614,5.638,4.5345,renting
08316,5.847,473,5.783,1114,5.745,1212,5.85,1048,6.005,843,6.218,1113,6.332,1009,6.733,495,7.203,296,7.281,351,7.712,338,8.009,275,8.273,434,8.535,514,9.107,470,9.402,573,9.754,787,10.568,407,3.57,4.63,5.04,-1.0946,-0.6571,1.8277,2.6496,3.547,1.8334,6.3329,6.9805,1.0829,5.9195,3.8511,3.2963,3.1669,6.7018,3.2393,3.7439,8.3453,renting
08317,4.977,975,5.025,1278,5.154,2125,5.164,3487,5.337,2132,5.479,3029,5.582,2929,5.752,2154,6.098,1264,6.665,1196,6.834,1240,7.103,945,7.513,1601,7.589,1894,7.835,1648,8.3,2162,8.648,2794,9.104,1191,3.64,4.72,3.93,0.9644,2.5672,0.194,3.3501,2.6607,1.8799,3.0455,6.0153,9.2981,2.5356,3.9362,5.7722,1.0116,3.2415,5.9349,4.1928,5.2729,renting
08325,4.766,366,4.819,508,4.892,653,4.818,795,4.972,702,5.063,827,5.195,797,5.336,499,5.544,455,5.787,440,5.946,335,6.22,293,6.784,600,6.652,667,7.01,535,7.309,677,7.79,944,7.895,499,3.05,4.03,3.13,1.112,1.5148,-1.5127,3.1963,1.8302,2.6071,2.7141,3.8981,4.3831,2.7475,4.6081,9.0675,-1.9458,5.3818,4.2653,6.5809,1.3479,renting
08326,4.964,708,4.975,740,5.097,1139,5.114,1333,5.192,1462,5.328,1728,5.481,1416,5.629,947,5.811,654,6.156,656,6.469,699,6.835,611,6.981,1005,7.161,1378,7.306,1051,7.746,1273,8.17,1686,8.475,902,3.21,4.19,3.97,0.2216,2.4523,0.3335,1.5252,2.6194,2.8716,2.7002,3.2333,5.937,5.0845,5.6578,2.1361,2.5784,2.0249,6.0224,5.4738,3.7332,renting
08327,4.925,173,4.816,189,4.938,256,4.982,363,5.225,361,5.355,376,5.352,421,5.531,321,5.861,286,6.339,276,6.718,244,6.817,225,7.148,424,7.42,540,7.546,429,8.078,526,8.33,723,8.614,393,3.38,4.55,3.82,-2.2132,2.5332,0.891,4.8776,2.488,-0.056,3.3445,5.9664,8.1556,5.9789,1.4737,4.8555,3.8053,1.6981,7.0501,3.1196,3.4094,renting
08335,7.025,1573,6.951,1645,6.788,1708,7.094,2064,7.31,1869,7.426,2116,7.756,1595,7.401,1194,7.544,1169,8.117,992,8.888,1150,9.312,908,9.558,1074,9.732,1345,10.117,1086,10.456,1523,13.37,2245,11.46,1048,3.22,4.91,4.54,-1.0534,-2.345,4.508,3.0448,1.5869,4.4438,-4.5771,1.9322,7.5954,9.4986,4.7705,2.6418,1.8205,3.956,3.3508,27.8692,-14.2857,renting
08336,5.913,1284,6.029,1499,6.189,1644,6.237,1735,6.565,1366,6.853,1239,7.951,1369,8.539,1117,8.164,787,9.051,982,9.032,1229,9.489,1261,9.283,1798,9.397,2263,9.688,1911,10.209,2028,10.703,2149,11.622,1074,4.16,3.23,4.63,1.9618,2.6538,0.7756,5.2589,4.3869,16.0222,7.3953,-4.3916,10.8648,-0.2099,5.0598,-2.1709,1.2281,3.0967,5.3778,4.8389,8.5864,renting
08337,5.33,448,5.306,537,5.318,796,5.445,795,5.539,599,5.938,693,6.193,606,6.41,568,6.484,401,6.985,477,7.236,589,7.5,530,7.531,850,7.742,849,8.021,771,8.327,951,8.651,1008,9.152,483,3.25,3.64,3.98,-0.4503,0.2262,2.3881,1.7264,7.2035,4.2944,3.504,1.1544,7.7267,3.5934,3.6484,0.4133,2.8018,3.6037,3.815,3.891,5.7912,renting
08415,6.039,1581,6.056,1593,6.125,1866,6.046,2097,6.248,1932,6.371,2201,6.697,1970,6.645,1781,6.559,1785,7.543,1315,8.078,1272,8.363,1123,8.707,1747,8.763,2146,9.113,1637,9.503,2167,9.991,2967,10.36,1502,3.29,4.62,3.55,0.2815,1.1394,-1.2898,3.3411,1.9686,5.1169,-0.7765,-1.2942,15.0023,7.0927,3.5281,4.1134,0.6432,3.9941,4.2796,5.1352,3.6933,renting
08416,6.886,2014,6.787,2212,6.733,2533,6.773,2338,6.95,2506,6.794,2551,7.307,2491,7.456,1915,7.238,1878,8.226,1415,8.601,1286,9.105,1308,9.396,1744,9.58,1834,11.207,1510,13.081,2324,14.861,3599,13.338,1415,4.22,6.34,7.8,-1.4377,-0.7956,0.5941,2.6133,-2.2446,7.5508,2.0391,-2.9238,13.6502,4.5587,5.8598,3.196,1.9583,16.9833,16.7217,13.6075,-10.2483,renting
08417,4.794,354,3.932,855,4.392,853,4.1,1296,4.584,978,4.918,1000,5.214,914,5.496,687,5.751,719,5.985,680,6.28,577,6.574,407,6.949,849,7.085,898,7.451,806,7.816,1022,8.228,1601,8.482,804,3.65,4.44,4.08,-17.9808,11.6989,-6.6485,11.8049,7.2862,6.0187,5.4085,4.6397,4.0689,4.929,4.6815,5.7043,1.9571,5.1658,4.8987,5.2712,3.087,renting
08421,6.481,1202,6.562,1385,6.654,1879,6.835,1756,6.98,1858,7.275,2393,7.306,2247,6.894,2225,7.051,2193,7.976,1679,8.335,1450,8.763,1238,9.057,1600,9.146,1715,9.557,1535,9.723,1767,9.872,2016,10.604,1051,3.0,4.45,3.23,1.2498,1.402,2.7202,2.1214,4.2264,0.4261,-5.6392,2.2773,13.1187,4.501,5.135,3.355,0.9827,4.4938,1.7369,1.5324,7.4149,renting
08425,5.462,881,5.33,677,5.41,1232,5.399,1537,5.551,1288,5.635,1263,5.721,1286,6.437,882,6.379,588,6.733,720,6.959,644,7.099,522,7.444,880,7.671,1017,7.964,851,8.394,1086,8.938,1417,9.13,570,3.12,3.58,4.18,-2.4167,1.5009,-0.2033,2.8153,1.5132,1.5262,12.5153,-0.901,5.5495,3.3566,2.0118,4.8598,3.0494,3.8196,5.3993,6.4808,2.1481,renting
08426,5.093,291,5.117,414,5.271,649,5.339,894,5.408,1001,5.508,1484,5.803,1748,5.996,964,6.143,622,6.541,655,6.686,644,7.088,548,7.341,778,7.538,833,8.018,792,8.236,1170,8.753,1327,9.005,678,3.43,4.17,4.19,0.4712,3.0096,1.2901,1.2924,1.8491,5.3558,3.3259,2.4516,6.4789,2.2168,6.0126,3.5694,2.6836,6.3677,2.7189,6.2773,2.879,renting
08435,6.324,909,6.446,974,6.77,1378,6.801,1933,6.871,1697,7.172,1839,7.473,2173,7.428,1576,7.581,1170,7.978,1433,8.256,1364,8.619,910,9.036,1459,9.139,1703,9.579,1287,10.016,1646,10.55,2144,11.58,1049,3.65,4.56,5.12,1.9292,5.0264,0.4579,1.0293,4.3807,4.1969,-0.6022,2.0598,5.2368,3.4846,4.3968,4.8381,1.1399,4.8145,4.5621,5.3315,9.763,renting
08436,5.709,1044,5.78,1349,5.807,1621,5.878,2203,5.953,1898,6.18,1980,6.404,2430,6.622,1568,6.625,1396,7.14,1073,7.506,1088,7.887,736,8.151,1063,8.462,1352,8.763,1155,8.944,1815,9.387,2327,9.894,1071,3.31,4.12,3.96,1.2437,0.4671,1.2227,1.2759,3.8132,3.6246,3.4041,0.0453,7.7736,5.1261,5.0759,3.3473,3.8155,3.5571,2.0655,4.953,5.4011,renting
08437,4.587,335,4.558,292,4.712,472,4.705,1119,4.715,1397,4.795,1260,4.776,1117,4.973,406,5.147,266,5.681,276,5.885,237,5.972,195,6.349,305,6.747,395,7.16,329,7.588,487,8.02,710,8.245,331,3.55,5.21,5.37,-0.6322,3.3787,-0.1486,0.2125,1.6967,-0.3962,4.1248,3.4989,10.375,3.5909,1.4783,6.3128,6.2687,6.1212,5.9777,5.6932,2.8055,renting
09161,6.301,899,6.632,989,6.941,958,7.129,908,7.325,989,7.622,1257,7.886,1361,7.446,1209,7.669,1469,9.02,1439,9.374,1684,9.716,1443,9.646,2290,9.569,2793,9.864,2387,10.12,1892,10.472,2260,10.917,1049,3.38,4.01,2.52,5.2531,4.6592,2.7085,2.7493,4.0546,3.4637,-5.5795,2.9949,17.6164,3.9246,3.6484,-0.7205,-0.7983,3.0829,2.5953,3.4783,4.2494,renting
09162,9.929,39445,10.053,47529,10.006,53934,10.177,38061,10.498,29833,10.522,31548,11.697,28085,11.806,25968,12.036,20318,15.077,20189,15.815,20802,17.425,19674,16.927,27344,16.325,36256,16.869,25805,17.574,30489,17.97,35265,18.818,18130,4.02,5.04,2.19,1.2489,-0.4675,1.709,3.1542,0.2286,11.1671,0.9319,1.9482,25.2659,4.8949,10.1802,-2.858,-3.5564,3.3323,4.1793,2.2533,4.719,renting
09163,6.401,684,6.6,795,6.729,911,6.69,821,6.851,688,7.042,845,7.347,740,7.321,807,7.932,618,8.597,616,8.9,619,8.994,533,9.46,580,10.016,636,10.359,643,10.737,814,11.322,1068,11.741,528,3.66,4.86,4.42,3.1089,1.9545,-0.5796,2.4066,2.7879,4.3312,-0.3539,8.3459,8.3838,3.5245,1.0562,5.1812,5.8774,3.4245,3.649,5.4484,3.7008,renting
09171,4.547,149,4.461,162,4.709,298,4.676,204,4.754,197,4.936,248,5.158,595,5.301,383,5.628,220,5.794,271,6.078,273,6.298,203,6.59,365,6.96,449,7.499,382,7.866,419,8.134,476,8.738,217,3.95,5.14,5.82,-1.8914,5.5593,-0.7008,1.6681,3.8284,4.4976,2.7724,6.1686,2.9495,4.9016,3.6196,4.6364,5.6146,7.7443,4.894,3.4071,7.4256,renting
09172,5.595,909,5.745,835,5.88,874,6.05,558,6.372,392,6.604,545,6.654,677,6.932,588,7.026,498,7.202,509,7.503,484,7.736,460,7.975,489,8.423,639,8.933,543,9.313,597,9.892,758,10.146,375,3.57,3.89,4.94,2.681,2.3499,2.8912,5.3223,3.6409,0.7571,4.1779,1.356,2.505,4.1794,3.1054,3.0895,5.6176,6.0548,4.2539,6.2171,2.5677,renting
09173,7.027,1085,7.197,1228,7.206,1230,7.139,1256,7.357,1115,7.434,1440,7.68,1334,7.837,919,8.231,614,8.542,656,8.83,665,9.255,585,9.591,658,10.131,612,10.61,580,10.896,866,11.433,1057,12.053,489,3.24,4.4,4.68,2.4192,0.1251,-0.9298,3.0536,1.0466,3.3091,2.0443,5.0274,3.7784,3.3716,4.8131,3.6305,5.6303,4.7281,2.6956,4.9284,5.4229,renting
09174,7.356,2014,7.451,2422,7.514,2031,7.585,1837,7.774,1511,7.941,1589,8.146,1497,8.194,1280,8.367,1155,9.197,1121,9.81,900,10.522,779,10.942,1179,11.132,1556,11.522,1263,12.026,1495,12.053,1962,12.945,892,3.42,4.72,3.45,1.2915,0.8455,0.9449,2.4918,2.1482,2.5815,0.5892,2.1113,9.9199,6.6652,7.2579,3.9916,1.7364,3.5034,4.3742,0.2245,7.4006,renting
09175,7.487,2902,7.487,2803,7.483,2664,7.55,2778,7.738,1893,8.091,1714,8.439,1740,8.733,1239,8.84,1008,9.33,1119,10.045,987,10.364,964,10.588,1157,10.962,1482,11.473,1237,11.863,1629,12.492,1718,13.124,665,3.38,4.17,4.39,0.0,-0.0534,0.8954,2.4901,4.5619,4.3011,3.4838,1.2252,5.543,7.6635,3.1757,2.1613,3.5323,4.6616,3.3993,5.3022,5.0592,renting
09176,5.232,375,6.111,362,5.644,404,5.537,372,5.904,364,6.465,486,6.542,681,6.747,341,7.563,221,7.662,337,7.696,424,8.133,379,7.88,625,8.008,626,8.245,474,8.532,629,9.225,694,9.477,325,3.71,3.53,3.78,16.8005,-7.642,-1.8958,6.6281,9.502,1.191,3.1336,12.0943,1.309,0.4437,5.6783,-3.1108,1.6244,2.9595,3.4809,8.1224,2.7317,renting
09177,6.485,2260,6.625,3365,6.624,2318,6.913,2927,7.002,1509,7.152,1698,7.437,1470,7.704,1176,8.09,846,8.352,826,8.911,766,9.173,772,9.263,1109,9.429,1226,9.899,1029,10.207,1247,10.73,1400,11.09,618,3.22,3.72,3.67,2.1588,-0.0151,4.3629,1.2874,2.1422,3.9849,3.5902,5.0104,3.2386,6.693,2.9402,0.9811,1.7921,4.9846,3.1114,5.1239,3.3551,renting
09178,7.043,2966,7.099,3149,7.094,3152,7.242,2972,7.36,2738,7.192,2452,7.859,2166,8.229,1777,8.458,1420,9.081,1547,9.662,1392,9.849,1111,10.177,1887,10.297,2438,10.726,1872,11.362,2391,11.654,2733,12.665,1047,3.56,4.43,4.5,0.7951,-0.0704,2.0863,1.6294,-2.2826,9.2742,4.708,2.7828,7.3658,6.398,1.9354,3.3303,1.1791,4.1663,5.9295,2.57,8.6751,renting
09179,7.737,3542,7.79,3876,7.734,3682,7.857,3658,8.115,2719,8.336,2494,8.745,2457,9.092,1958,9.018,1636,9.771,1410,10.487,1261,11.086,1013,11.479,1635,11.664,1969,12.41,1844,12.714,2075,13.222,2379,13.723,1212,3.46,4.24,3.65,0.685,-0.7189,1.5904,3.2837,2.7234,4.9064,3.968,-0.8139,8.35,7.3278,5.7118,3.545,1.6116,6.3957,2.4496,3.9956,3.7891,renting
09180,6.87,943,6.818,1123,6.861,1200,7.016,1142,7.183,1251,7.247,1431,7.405,1393,7.616,900,7.512,632,8.019,482,8.472,396,8.876,317,9.163,433,9.996,405,10.176,370,10.727,546,11.397,658,12.063,357,3.4,4.74,5.68,-0.7569,0.6307,2.2591,2.3803,0.891,2.1802,2.8494,-1.3655,6.7492,5.6491,4.7686,3.2334,9.0909,1.8007,5.4147,6.2459,5.8436,renting
09181,6.255,1135,6.316,1224,6.299,1260,6.418,1313,6.785,1010,6.589,1189,6.843,1028,7.054,935,7.445,687,7.935,637,8.223,613,8.536,567,8.813,715,9.169,665,9.568,714,9.721,842,10.079,1014,10.968,415,3.39,4.53,4.5,0.9752,-0.2692,1.8892,5.7183,-2.8887,3.8549,3.0834,5.543,6.5816,3.6295,3.8064,3.2451,4.0395,4.3516,1.5991,3.6827,8.8203,renting
09182,7.649,883,7.309,1023,7.412,1369,7.269,2020,7.673,1186,8.028,1359,8.069,1355,8.219,913,8.68,551,9.091,645,9.891,551,10.065,466,10.305,617,10.886,582,11.844,547,12.246,825,12.678,873,13.383,372,3.4,5.02,5.38,-4.445,1.4092,-1.9293,5.5578,4.6266,0.5107,1.859,5.609,4.735,8.7999,1.7592,2.3845,5.638,8.8003,3.3941,3.5277,5.5608,renting
09183,4.669,570,4.659,587,4.7,582,4.734,633,4.844,547,4.996,667,5.372,570,5.583,617,5.821,563,6.007,515,6.426,668,6.895,632,6.951,789,7.16,905,7.608,715,8.05,862,8.491,1029,8.83,522,3.85,4.71,4.91,-0.2142,0.88,0.7234,2.3236,3.1379,7.526,3.9278,4.2629,3.1953,6.9752,7.2985,0.8122,3.0068,6.257,5.8097,5.4783,3.9925,renting
09184,8.785,6742,8.721,7928,8.736,8416,9.032,6754,9.314,4845,9.637,4646,9.936,4212,10.196,3511,10.996,2683,11.8,2897,12.587,2844,13.065,2797,13.577,3596,13.496,4503,14.056,4005,14.463,4307,14.847,4951,15.973,2413,3.61,4.62,3.34,-0.7285,0.172,3.3883,3.1222,3.4679,3.1026,2.6167,7.8462,7.3117,6.6695,3.7976,3.9189,-0.5966,4.1494,2.8956,2.6551,7.584,renting
09185,4.62,377,4.878,182,5.104,272,5.126,392,5.569,347,5.844,566,6.096,634,6.4,309,6.99,202,6.987,334,7.245,421,7.495,383,7.617,508,7.895,650,8.052,575,8.627,642,9.067,601,9.457,288,4.33,4.01,4.44,5.5844,4.633,0.431,8.6422,4.938,4.3121,4.9869,9.2187,-0.0429,3.6926,3.4507,1.6278,3.6497,1.9886,7.1411,5.1003,4.3013,renting
09186,5.264,724,5.416,727,5.557,740,5.745,882,5.924,939,6.299,915,6.511,1096,6.725,712,7.211,442,7.511,589,7.843,661,8.161,591,8.093,924,8.288,1028,8.605,883,9.072,1052,9.666,1171,9.928,478,3.82,3.99,4.18,2.8875,2.6034,3.3831,3.1158,6.3302,3.3656,3.2867,7.2268,4.1603,4.4202,4.0546,-0.8332,2.4095,3.8248,5.4271,6.5476,2.7105,renting
09187,5.961,1532,6.075,1774,6.131,2131,6.165,2514,6.373,1945,6.556,2436,6.664,2355,7.02,1546,7.254,1279,7.67,1241,8.091,1212,8.317,976,8.612,1235,9.014,1241,9.593,1199,9.896,1658,10.459,1818,10.805,793,3.57,4.41,4.65,1.9124,0.9218,0.5546,3.3739,2.8715,1.6473,5.3421,3.3333,5.7348,5.4889,2.7932,3.547,4.6679,6.4233,3.1586,5.6892,3.3082,renting
09188,8.46,2504,8.516,2370,8.507,2612,8.661,2523,8.857,2207,9.145,1939,9.433,1779,9.659,1444,9.302,1345,10.274,1100,11.01,1045,11.592,873,11.862,983,12.183,1194,12.735,1122,13.075,1431,14.023,1614,14.255,780,3.16,4.03,3.76,0.6619,-0.1057,1.8103,2.263,3.2517,3.1493,2.3958,-3.696,10.4494,7.1637,5.2861,2.3292,2.7061,4.5309,2.6698,7.2505,1.6544,renting
09189,5.363,794,5.527,743,5.527,980,5.577,877,5.699,688,6.094,1037,6.177,1480,6.371,778,6.505,529,6.922,515,7.217,658,7.52,517,7.776,629,8.106,683,8.794,630,9.166,851,9.839,1148,10.187,499,3.87,4.82,5.57,3.058,0.0,0.9046,2.1876,6.931,1.362,3.1407,2.1033,6.4105,4.2618,4.1984,3.4043,4.2438,8.4875,4.2302,7.3424,3.5369,renting
09190,6.345,754,6.442,786,6.247,1010,6.355,1062,6.509,865,6.644,981,6.834,904,7.112,642,7.336,370,7.809,487,8.176,452,8.64,313,8.697,468,9.141,493,9.633,446,9.909,666,10.417,875,10.936,486,3.28,4.41,4.69,1.5288,-3.027,1.7288,2.4233,2.0741,2.8597,4.0679,3.1496,6.4477,4.6997,5.6751,0.6597,5.1052,5.3823,2.8652,5.1267,4.9822,renting
09261,5.627,639,5.71,677,5.863,809,5.923,956,6.112,869,6.521,1119,6.983,1113,7.406,829,7.206,970,7.823,793,8.262,854,8.5,824,8.718,995,8.872,1164,9.17,889,9.69,798,9.925,1109,10.678,566,3.88,3.77,4.16,1.475,2.6795,1.0234,3.191,6.6918,7.0848,6.0576,-2.7005,8.5623,5.6117,2.8807,2.5647,1.7665,3.3589,5.6707,2.4252,7.5869,renting
09262,5.105,293,5.141,306,5.086,383,5.468,447,5.857,639,5.898,862,6.105,1034,6.384,969,6.735,869,7.124,945,7.567,908,8.008,908,7.907,1197,7.99,1181,8.355,1032,8.553,1087,9.019,1409,9.369,641,3.67,3.94,3.46,0.7052,-1.0698,7.5108,7.1141,0.7,3.5097,4.57,5.4981,5.7758,6.2184,5.8279,-1.2612,1.0497,4.5682,2.3698,5.4484,3.8807,renting
09263,4.595,204,4.756,169,4.929,211,4.96,242,5.136,277,5.262,465,5.658,665,6.858,1297,6.504,325,6.256,392,6.542,327,7.003,320,7.208,418,7.405,561,7.659,418,8.048,487,8.373,548,8.773,277,4.01,2.56,4.01,3.5038,3.6375,0.6289,3.5484,2.4533,7.5257,21.2089,-5.1619,-3.813,4.5716,7.0468,2.9273,2.7331,3.4301,5.079,4.0383,4.7773,renting
09271,4.596,292,4.629,413,4.758,728,4.825,706,5.036,943,5.002,1180,5.274,1314,6.197,802,5.511,612,6.039,489,6.293,509,6.305,428,6.736,551,6.982,581,7.178,542,7.357,602,7.99,625,8.321,387,3.71,3.14,4.34,0.718,2.7868,1.4082,4.3731,-0.6751,5.4378,17.5009,-11.0699,9.5808,4.206,0.1907,6.8358,3.652,2.8072,2.4937,8.6041,4.1427,renting
09273,4.925,339,4.838,379,5.007,341,5.292,480,5.402,357,5.315,579,5.682,874,5.887,443,6.193,229,6.599,270,6.668,346,6.849,364,7.164,527,7.493,661,7.532,507,8.927,604,8.301,700,8.651,307,3.49,4.1,4.17,-1.7665,3.4932,5.692,2.0786,-1.6105,6.905,3.6079,5.1979,6.5558,1.0456,2.7145,4.5992,4.5924,0.5205,18.521,-7.0124,4.2164,renting
09274,4.705,409,4.845,426,4.862,448,5.022,482,5.151,518,5.323,725,5.377,734,5.82,386,5.774,359,6.413,344,6.65,444,6.792,390,7.071,676,7.395,715,7.77,605,8.09,774,8.477,867,8.8,387,3.79,4.26,4.47,2.9756,0.3509,3.2908,2.5687,3.3392,1.0145,8.2388,-0.7904,11.0669,3.6956,2.1353,4.1078,4.5821,5.071,4.1184,4.7837,3.8103,renting
09275,4.461,264,4.368,320,4.388,582,4.369,489,4.662,421,4.586,494,4.834,1660,4.903,1079,5.17,384,5.53,445,5.798,399,5.947,361,5.98,599,6.211,724,6.531,602,6.885,807,7.308,846,7.483,395,3.13,4.34,4.59,-2.0847,0.4579,-0.433,6.7063,-1.6302,5.4078,1.4274,5.4456,6.9632,4.8463,2.5699,0.5549,3.8629,5.1521,5.4203,6.1438,2.3946,renting
09276,3.616,78,3.644,84,3.769,87,3.817,106,3.848,126,4.076,163,4.016,203,4.215,169,4.46,134,4.888,133,5.085,121,5.8,77,5.318,137,5.765,162,6.094,118,6.091,159,6.964,216,7.615,91,4.63,6.29,7.55,0.7743,3.4303,1.2735,0.8122,5.9252,-1.472,4.9552,5.8126,9.5964,4.0303,14.061,-8.3103,8.4054,5.7069,-0.0492,14.3326,9.3481,renting
09277,4.182,57,4.079,68,3.963,178,4.117,130,4.361,103,4.575,147,4.634,520,4.77,309,5.004,142,5.263,160,5.608,199,5.609,191,6.06,325,6.13,346,6.411,258,6.911,371,7.253,387,7.407,178,3.47,4.53,4.12,-2.4629,-2.8438,3.8859,5.9266,4.9071,1.2896,2.9348,4.9057,5.1759,6.5552,0.0178,8.0406,1.1551,4.584,7.7991,4.9486,2.1233,renting
09278,3.977,66,3.923,73,4.522,78,4.311,58,4.552,74,4.619,128,4.523,226,5.588,143,5.529,65,5.793,93,5.777,100,6.318,128,6.14,184,6.166,179,6.547,148,6.848,176,7.348,206,7.924,147,4.36,3.63,5.27,-1.3578,15.2689,-4.6661,5.5904,1.4719,-2.0784,23.5463,-1.0558,4.7748,-0.2762,9.3647,-2.8173,0.4235,6.179,4.5975,7.3014,7.8389,renting
09279,4.254,165,4.383,182,4.457,184,4.47,176,4.65,208,4.827,271,4.772,156,5.555,84,5.8,113,6.207,170,5.925,193,6.221,137,6.374,218,6.544,268,7.129,206,7.623,310,7.904,378,8.192,150,4.02,4.02,5.17,3.0324,1.6883,0.2917,4.0268,3.8065,-1.1394,16.4082,4.4104,7.0172,-4.5433,4.9958,2.4594,2.6671,8.9395,6.9294,3.6862,3.6437,renting
09361,4.726,237,4.628,105,4.848,176,4.739,438,5.131,344,5.414,727,5.47,609,5.527,279,5.742,163,6.101,189,6.173,137,6.551,167,6.704,235,7.095,216,7.606,197,8.058,248,8.478,321,8.621,203,3.64,4.57,5.18,-2.0736,4.7537,-2.2483,8.2718,5.5155,1.0344,1.042,3.89,6.2522,1.1801,6.1234,2.3355,5.8323,7.2023,5.9427,5.2122,1.6867,renting
09362,6.778,3456,6.802,3454,6.918,2997,7.179,2656,7.216,3075,7.126,3627,7.707,4186,7.481,3317,7.23,2556,8.438,2063,8.939,1809,9.355,1917,9.578,2826,9.685,4231,9.936,3146,10.191,3450,10.562,3104,11.346,1636,3.18,4.37,3.47,0.3541,1.7054,3.7728,0.5154,-1.2472,8.1532,-2.9324,-3.3552,16.7082,5.9374,4.6538,2.3838,1.1171,2.5916,2.5664,3.6405,7.4228,renting
09363,4.403,155,4.767,109,4.753,112,5.329,410,5.105,372,5.346,629,5.34,1221,5.391,368,5.524,119,5.585,122,5.799,92,6.155,92,6.444,119,6.442,165,6.875,135,7.386,180,7.965,261,8.325,136,3.89,4.47,5.3,8.2671,-0.2937,12.1187,-4.2034,4.7209,-0.1122,0.9551,2.4671,1.1043,3.8317,6.139,4.6954,-0.031,6.7215,7.4327,7.8392,4.5198,renting
09371,4.263,267,4.228,91,4.121,139,4.831,595,4.759,483,4.668,1115,4.473,2279,4.614,575,4.806,111,4.903,109,5.204,131,5.501,113,5.661,167,5.83,155,6.362,111,6.723,156,6.986,219,8.469,99,4.31,6.39,8.58,-0.821,-2.5307,17.2288,-1.4904,-1.9122,-4.1774,3.1522,4.1612,2.0183,6.1391,5.7071,2.9086,2.9853,9.1252,5.6743,3.9119,21.2282,renting
09372,3.855,96,3.981,104,3.875,107,4.038,102,4.046,176,4.227,208,4.435,260,4.35,197,4.785,163,5.182,174,5.341,190,5.446,143,5.776,251,5.844,236,6.252,193,6.431,223,7.136,265,7.238,126,3.84,5.28,4.68,3.2685,-2.6626,4.2065,0.1981,4.4736,4.9207,-1.9166,10.0,8.2968,3.0683,1.9659,6.0595,1.1773,6.9815,2.8631,10.9625,1.4294,renting
09373,4.616,259,4.914,323,5.094,507,5.162,588,5.425,518,5.531,729,5.671,744,5.943,449,6.238,349,6.55,379,6.661,337,6.86,279,6.986,357,7.348,495,7.509,326,7.8,381,8.342,430,8.838,212,3.91,4.06,4.83,6.4558,3.663,1.3349,5.0949,1.9539,2.5312,4.7963,4.9638,5.0016,1.6947,2.9875,1.8367,5.1818,2.1911,3.8753,6.9487,5.9458,renting
09375,5.324,973,5.305,1041,5.359,821,5.41,1034,5.76,859,5.875,1319,6.167,1712,6.335,1031,6.784,388,6.805,517,6.935,540,7.367,468,7.447,791,7.548,1146,7.751,802,7.904,1260,8.559,1048,9.048,427,3.2,3.66,4.0,-0.3569,1.0179,0.9517,6.4695,1.9965,4.9702,2.7242,7.0876,0.3096,1.9104,6.2293,1.0859,1.3563,2.6895,1.9739,8.2869,5.7133,renting
09376,4.162,447,4.177,299,4.069,359,4.173,424,4.224,389,4.601,608,4.715,1312,5.001,568,5.118,273,5.689,213,5.787,259,6.09,220,6.219,348,6.488,549,6.908,360,7.104,490,7.507,505,7.725,234,3.75,4.48,4.44,0.3604,-2.5856,2.5559,1.2221,8.9252,2.4777,6.0657,2.3395,11.1567,1.7226,5.2359,2.1182,4.3255,6.4735,2.8373,5.6729,2.904,renting
09377,3.637,57,3.578,62,3.75,74,3.479,178,3.868,269,3.985,270,4.156,265,4.08,132,4.008,74,4.346,68,4.527,70,4.607,50,4.897,87,5.326,91,5.419,78,5.925,119,6.484,165,6.325,66,3.43,4.57,5.37,-1.6222,4.8072,-7.2267,11.1814,3.0248,4.2911,-1.8287,-1.7647,8.4331,4.1647,1.7672,6.2948,8.7605,1.7462,9.3375,9.4346,-2.4522,renting
09461,5.311,517,5.729,706,5.676,814,6.08,579,6.578,573,6.301,728,6.547,1292,6.717,1041,6.795,776,7.465,606,7.894,640,8.219,439,8.388,649,8.448,834,8.914,784,9.037,998,9.566,1149,9.976,599,3.84,4.07,3.55,7.8705,-0.9251,7.1177,8.1908,-4.211,3.9041,2.5966,1.1612,9.8602,5.7468,4.1171,2.0562,0.7153,5.5161,1.3799,5.8537,4.286,renting
09462,5.164,1017,5.326,1154,5.542,1156,5.857,1040,6.07,1071,6.273,1171,6.523,1321,6.563,1329,6.592,1057,7.165,906,7.492,928,7.872,803,8.105,869,8.249,1007,8.546,838,8.775,976,9.248,1248,9.597,505,3.73,3.9,3.44,3.1371,4.0556,5.6839,3.6367,3.3443,3.9853,0.6132,0.4419,8.6924,4.5639,5.0721,2.9599,1.7767,3.6004,2.6796,5.3903,3.7738,renting
09463,4.46,193,4.686,230,4.849,468,5.0,530,5.157,436,5.46,567,5.565,631,5.738,450,5.942,346,5.989,411,6.341,412,6.341,333,6.636,583,6.859,683,6.974,557,7.451,554,7.65,601,7.746,283,3.32,3.07,3.16,5.0673,3.4784,3.114,3.14,5.8755,1.9231,3.1087,3.5552,0.791,5.8774,0.0,4.6523,3.3605,1.6766,6.8397,2.6708,1.2549,renting
09464,3.406,403,3.613,257,3.723,448,3.812,514,3.822,454,3.981,744,3.947,545,4.173,478,4.596,558,4.728,381,4.993,353,5.138,304,5.39,457,5.374,482,5.912,298,6.382,402,6.716,547,6.999,286,4.37,5.35,5.42,6.0775,3.0446,2.3905,0.2623,4.1601,-0.8541,5.7259,10.1366,2.8721,5.6049,2.9041,4.9046,-0.2968,10.0112,7.9499,5.2335,4.2138,renting
09471,4.402,447,4.627,402,4.54,637,4.701,431,4.899,457,4.841,767,5.142,1281,5.181,597,5.402,303,5.899,297,6.459,252,6.268,185,6.763,274,6.746,282,7.307,276,7.407,358,7.864,380,8.502,192,4.02,5.16,4.74,5.1113,-1.8803,3.5463,4.2119,-1.1839,6.2177,0.7585,4.2656,9.2003,9.4931,-2.9571,7.8973,-0.2514,8.316,1.3686,6.1698,8.1129,renting
09472,4.196,327,4.318,393,4.311,728,4.267,799,4.562,575,4.627,622,4.397,840,4.724,394,5.007,201,5.414,166,5.723,175,5.876,175,6.067,222,6.362,251,6.562,188,7.036,274,7.496,287,7.993,159,3.92,5.41,5.68,2.9075,-0.1621,-1.0206,6.9135,1.4248,-4.9708,7.4369,5.9907,8.1286,5.7074,2.6734,3.2505,4.8624,3.1437,7.2234,6.5378,6.6302,renting
09473,4.172,128,4.247,187,4.373,305,4.656,431,4.423,284,4.689,326,4.647,351,4.859,304,5.205,193,5.271,236,5.398,218,5.574,165,5.516,266,5.416,354,5.969,249,6.285,287,6.61,284,6.784,116,2.97,3.45,4.3,1.7977,2.9668,6.4715,-5.0043,6.014,-0.8957,4.5621,7.1208,1.268,2.4094,3.2605,-1.0405,-1.8129,10.2105,5.294,5.171,2.6324,renting
09474,4.836,624,4.984,646,5.0,709,5.102,651,5.336,720,5.448,759,5.784,1339,6.014,856,6.237,512,6.358,521,6.83,445,7.638,323,7.15,414,7.486,337,7.677,310,8.147,398,8.513,437,8.721,204,3.59,3.88,4.06,3.0604,0.321,2.04,4.5864,2.099,6.1674,3.9765,3.708,1.94,7.4237,11.8302,-6.3891,4.6993,2.5514,6.1222,4.4925,2.4433,renting
09475,3.754,107,3.642,163,3.898,307,3.703,325,3.644,328,3.828,434,4.021,394,4.085,294,4.143,235,4.393,213,4.474,173,4.767,151,5.086,184,5.093,196,5.519,122,5.891,179,6.057,216,6.075,112,2.94,4.09,3.67,-2.9835,7.0291,-5.0026,-1.5933,5.0494,5.0418,1.5916,1.4198,6.0343,1.8438,6.5489,6.6918,0.1376,8.3644,6.7404,2.8179,0.2972,renting
09477,4.169,126,3.946,161,4.379,371,4.478,447,4.212,319,4.394,293,4.495,497,4.726,241,4.989,187,5.271,164,5.4,152,5.449,121,5.959,125,6.031,150,6.634,105,7.129,174,7.585,251,8.035,118,4.04,5.49,6.2,-5.349,10.9731,2.2608,-5.9402,4.321,2.2986,5.139,5.565,5.6524,2.4474,0.9074,9.3595,1.2083,9.9983,7.4616,6.3964,5.9328,renting
09479,3.174,144,3.307,145,3.573,261,3.572,353,3.526,321,3.76,334,3.837,457,3.919,435,4.079,598,4.072,549,4.294,190,4.76,126,4.957,157,5.007,128,5.416,98,6.173,139,6.511,146,6.461,80,4.35,5.22,5.57,4.1903,8.0435,-0.028,-1.2878,6.6364,2.0479,2.1371,4.0827,-0.1716,5.4519,10.8524,4.1387,1.0087,8.1686,13.9771,5.4755,-0.7679,renting
09561,4.483,137,4.64,125,4.988,385,5.048,807,5.128,951,5.47,667,5.726,494,5.707,367,6.171,235,6.301,230,6.737,191,7.693,95,7.61,196,7.524,195,7.653,135,7.975,240,8.381,316,8.825,160,4.13,4.54,3.04,3.5021,7.5,1.2029,1.5848,6.6693,4.6801,-0.3318,8.1304,2.1066,6.9195,14.1903,-1.0789,-1.1301,1.7145,4.2075,5.0909,5.2977,renting
09562,6.862,841,6.83,1148,6.943,1653,7.365,1271,7.478,1331,7.498,2059,8.153,2304,7.929,2267,8.019,2256,8.84,1500,9.276,1172,9.443,1123,9.702,1631,9.962,1854,10.22,1261,10.415,1383,11.018,1455,12.567,877,3.7,4.79,5.41,-0.4663,1.6545,6.0781,1.5343,0.2675,8.7357,-2.7475,1.1351,10.2382,4.9321,1.8003,2.7428,2.6799,2.5898,1.908,5.7897,14.0588,renting
09563,5.512,1782,5.641,2404,5.749,2872,6.022,2331,6.361,2177,6.652,2318,6.765,3071,6.873,2558,6.864,1615,7.6,1462,7.911,1064,8.435,906,8.807,1378,8.422,1441,8.908,1257,8.953,1143,9.4,1407,10.457,677,3.9,4.39,3.63,2.3403,1.9146,4.7487,5.6294,4.5748,1.6987,1.5965,-0.1309,10.7226,4.0921,6.6237,4.4102,-4.3715,5.7706,0.5052,4.9927,11.2447,renting
09564,5.906,9242,6.113,12727,6.129,11576,6.289,9719,6.507,8597,6.55,10075,7.178,11477,7.406,10020,7.477,8015,8.263,6270,8.718,5387,8.998,5136,9.5,6852,10.218,8579,9.902,6460,9.962,6851,10.604,7403,11.395,3737,4.0,4.47,3.8,3.5049,0.2617,2.6105,3.4664,0.6608,9.5878,3.1764,0.9587,10.5122,5.5065,3.2117,5.579,7.5579,-3.0926,0.6059,6.4445,7.4594,renting
09565,5.28,328,5.251,636,5.298,513,5.502,380,5.867,483,5.94,352,6.141,459,6.304,380,6.629,168,6.785,215,7.161,194,7.32,119,7.836,179,8.103,169,8.151,137,8.736,195,9.072,231,9.616,117,3.61,4.33,4.2,-0.5492,0.8951,3.8505,6.634,1.2442,3.3838,2.6543,5.1555,2.3533,5.5416,2.2204,7.0492,3.4074,0.5924,7.177,3.8462,5.9965,renting
09571,4.367,221,4.275,204,4.4,1558,4.339,2265,4.523,1602,4.71,1117,4.817,682,5.095,595,5.288,364,5.495,321,5.826,300,6.229,213,6.375,321,6.71,296,6.979,286,7.333,388,7.555,409,7.889,211,3.57,4.48,4.36,-2.1067,2.924,-1.3864,4.2406,4.1344,2.2718,5.7712,3.788,3.9145,6.0237,6.9173,2.3439,5.2549,4.0089,5.0724,3.0274,4.4209,renting
09572,5.37,888,5.622,858,5.453,1001,5.609,998,5.994,1029,6.184,1201,6.247,1457,6.757,1047,7.278,802,7.323,790,7.767,556,7.893,572,8.278,704,8.08,667,8.338,452,9.335,701,9.292,729,10.393,361,4.05,4.5,4.83,4.6927,-3.006,2.8608,6.864,3.1698,1.0188,8.1639,7.7105,0.6183,6.0631,1.6222,4.8777,-2.3919,3.1931,11.9573,-0.4606,11.8489,renting
09573,5.231,754,5.52,965,5.317,1229,5.61,1152,5.875,1075,6.076,1123,6.932,1156,6.23,698,6.754,489,7.015,493,7.212,342,8.19,321,7.981,486,8.116,541,8.344,397,8.827,517,9.026,502,9.866,274,3.97,4.79,4.37,5.5248,-3.6775,5.5106,4.7237,3.4213,14.0882,-10.1269,8.4109,3.8644,2.8083,13.5607,-2.5519,1.6915,2.8093,5.7886,2.2544,9.3064,renting
09574,5.228,893,5.296,1087,5.287,1314,5.532,1284,5.636,1137,5.737,1306,5.95,1182,6.396,921,6.466,690,6.776,643,6.922,527,7.317,382,7.623,427,7.77,506,8.085,489,8.487,527,8.775,595,9.815,311,3.81,4.41,5.24,1.3007,-0.1699,4.634,1.88,1.7921,3.7127,7.4958,1.0944,4.7943,2.1547,5.7064,4.182,1.9284,4.0541,4.9722,3.3934,11.8519,renting
09575,4.499,134,4.002,127,4.21,603,4.246,1057,4.551,590,4.544,348,4.688,324,4.843,201,5.126,184,5.515,191,5.572,117,5.818,72,6.323,165,6.362,128,6.976,96,7.362,186,7.602,236,8.964,104,4.3,6.45,7.4,-11.0469,5.1974,0.8551,7.1832,-0.1538,3.169,3.3063,5.8435,7.5888,1.0335,4.4149,8.68,0.6168,9.6511,5.5333,3.26,17.9163,renting
09576,4.961,560,4.923,604,4.86,1148,5.06,1158,5.018,1220,5.423,963,5.532,1011,5.661,564,5.982,300,6.332,305,6.815,237,7.008,158,7.162,229,7.462,294,7.887,224,8.079,303,8.693,332,8.915,139,3.55,4.67,4.49,-0.766,-1.2797,4.1152,-0.83,8.0709,2.01,2.3319,5.6704,5.8509,7.6279,2.832,2.1975,4.1888,5.6955,2.4344,7.6,2.5538,renting
09577,4.095,139,4.233,242,4.255,1038,4.373,2181,4.406,1567,4.424,985,4.753,729,4.77,254,5.249,159,5.627,136,5.501,106,6.403,99,6.029,167,6.631,177,6.535,117,7.236,188,7.666,200,7.838,129,4.04,5.3,5.49,3.37,0.5197,2.7732,0.7546,0.4085,7.4367,0.3577,10.0419,7.2014,-2.2392,16.397,-5.841,9.9851,-1.4477,10.7269,5.9425,2.2437,renting
09661,5.749,865,5.843,994,5.918,957,6.133,945,6.29,1137,6.45,1741,6.575,1590,6.744,1153,6.923,875,7.335,915,7.683,915,8.016,829,8.395,1193,8.7,1439,9.105,1115,9.541,1231,9.786,1596,10.026,788,3.33,4.05,3.62,1.6351,1.2836,3.633,2.5599,2.5437,1.938,2.5703,2.6542,5.9512,4.7444,4.3342,4.728,3.6331,4.6552,4.7886,2.5679,2.4525,renting
09662,4.427,342,4.499,390,4.798,351,4.988,408,4.958,230,5.054,231,5.035,251,5.325,271,5.489,273,5.739,205,6.252,171,6.72,153,7.09,258,6.908,261,7.389,185,7.393,251,8.037,294,9.432,170,4.65,6.01,6.1,1.6264,6.6459,3.96,-0.6014,1.9363,-0.3759,5.7597,3.0798,4.5546,8.9388,7.4856,5.506,-2.567,6.9629,0.0541,8.7109,17.3572,renting
09663,5.707,1969,5.941,2234,6.135,1927,6.356,1510,6.483,1542,6.758,1936,7.484,1609,8.188,1828,7.659,1595,8.302,1374,8.774,1369,9.037,1185,9.313,1403,9.46,1754,10.128,1516,10.424,1629,10.477,2070,11.188,946,4.11,3.25,3.77,4.1002,3.2654,3.6023,1.9981,4.2419,10.7428,9.4067,-6.4607,8.3954,5.6854,2.9975,3.0541,1.5784,7.0613,2.9226,0.5084,6.7863,renting
09671,5.416,1198,5.423,1056,5.411,998,5.452,1204,5.607,1340,5.666,1823,5.741,2077,5.982,1174,6.293,645,6.442,737,6.73,696,7.011,584,7.302,995,7.724,1029,8.016,821,8.3,1012,8.773,1224,9.103,554,3.12,4.29,4.51,0.1292,-0.2213,0.7577,2.843,1.0523,1.3237,4.1979,5.1989,2.3677,4.4707,4.1753,4.1506,5.7792,3.7804,3.5429,5.6988,3.7615,renting
09672,4.504,285,3.732,445,3.871,468,3.684,1210,3.771,929,4.137,817,4.298,732,4.582,556,4.719,500,5.198,380,5.492,349,5.872,258,5.948,420,5.894,423,6.362,329,6.739,395,7.07,455,7.59,185,3.33,5.22,5.04,-17.1403,3.7245,-4.8308,2.3616,9.7056,3.8917,6.6077,2.99,10.1505,5.656,6.9192,1.2943,-0.9079,7.9403,5.9258,4.9117,7.355,renting
09675,4.267,214,4.123,264,4.222,236,4.375,313,4.359,228,4.484,306,4.665,227,5.091,233,5.432,167,5.653,182,5.877,179,6.038,192,6.463,198,6.673,212,7.141,167,7.662,258,7.8,281,8.389,130,4.1,5.14,5.38,-3.3747,2.4012,3.6239,-0.3657,2.8676,4.0366,9.1318,6.6981,4.0685,3.9625,2.7395,7.0388,3.2493,7.0133,7.2959,1.8011,7.5513,renting
09676,4.579,419,4.648,635,4.693,636,4.686,698,4.795,704,4.997,821,5.251,681,5.406,446,5.64,273,5.754,357,5.814,399,6.301,293,6.608,467,7.076,438,7.28,447,7.842,626,8.268,715,8.652,337,3.84,4.84,5.55,1.5069,0.9682,-0.1492,2.3261,4.2127,5.083,2.9518,4.3285,2.0213,1.0428,8.3763,4.8722,7.0823,2.883,7.7198,5.4323,4.6444,renting
09677,4.512,156,4.327,188,4.517,207,4.467,240,4.718,212,4.77,476,4.783,445,5.091,327,5.055,217,5.412,218,5.713,209,5.795,166,6.513,227,6.521,254,6.813,216,7.168,241,7.634,297,7.857,163,3.39,4.5,3.85,-4.1002,4.391,-1.1069,5.619,1.1022,0.2725,6.4395,-0.7071,7.0623,5.5617,1.4353,12.39,0.1228,4.4778,5.2106,6.5011,2.9211,renting
09678,4.35,263,4.279,375,4.348,249,4.552,429,5.045,195,4.684,166,4.708,354,5.011,168,5.259,116,5.389,100,5.691,88,5.995,93,6.385,147,6.659,146,7.054,114,7.663,175,7.366,205,7.889,101,3.66,4.7,4.42,-1.6322,1.6125,4.6918,10.8304,-7.1556,0.5124,6.4359,4.9491,2.472,5.604,5.3418,6.5054,4.2913,5.9318,8.6334,-3.8758,7.1002,renting
09679,4.74,1369,4.84,1396,4.948,1081,5.096,1175,5.327,1006,5.5,1041,5.831,1019,6.25,988,6.354,509,6.51,528,6.881,415,7.287,438,7.4,600,7.804,645,8.207,559,8.76,757,8.692,815,9.173,345,3.98,3.94,4.42,2.1097,2.2314,2.9911,4.533,3.2476,6.0182,7.1857,1.664,2.4551,5.6989,5.9003,1.5507,5.4595,5.164,6.7382,-0.7763,5.5338,renting
09761,5.639,3842,5.748,4599,5.806,5295,6.011,5332,6.14,5293,6.445,5436,6.997,5529,7.149,5582,7.174,4944,8.237,3540,8.852,3903,9.111,3290,9.419,4093,9.585,5288,10.093,4740,10.383,5070,11.004,6023,11.814,2614,4.5,5.22,4.66,1.933,1.009,3.5308,2.1461,4.9674,8.5648,2.1724,0.3497,14.8174,7.4663,2.9259,3.3805,1.7624,5.2999,2.8733,5.9809,7.361,renting
09762,4.639,348,4.678,382,4.708,424,4.912,446,5.09,334,5.302,435,5.486,475,5.791,366,5.94,329,6.22,335,6.483,295,6.817,265,7.039,373,7.593,371,7.91,294,8.457,363,9.18,410,9.159,272,4.11,4.72,5.46,0.8407,0.6413,4.3331,3.6238,4.165,3.4704,5.5596,2.573,4.7138,4.2283,5.1519,3.2566,7.8704,4.1749,6.9153,8.5491,-0.2288,renting
09763,5.13,589,5.318,729,5.449,865,5.527,986,5.532,911,5.804,907,6.037,1112,6.266,766,6.705,500,7.075,623,7.609,456,7.919,329,8.757,467,8.725,450,9.221,392,9.607,527,10.281,755,10.527,372,4.35,5.36,3.78,3.6647,2.4633,1.4315,0.0905,4.9168,4.0145,3.7933,7.0061,5.5183,7.5477,4.0741,10.5821,-0.3654,5.6848,4.1861,7.0157,2.3928,renting
09764,5.513,111,5.332,107,5.335,202,5.424,453,5.385,402,5.425,282,6.158,371,6.4,194,6.578,204,6.915,228,7.286,203,7.867,178,7.857,300,8.324,374,8.711,236,8.834,306,9.242,387,9.394,187,3.25,3.94,3.65,-3.2831,0.0563,1.6682,-0.719,0.7428,13.5115,3.9298,2.7813,5.1231,5.3651,7.9742,-0.1271,5.9437,4.6492,1.412,4.6185,1.6447,renting
09771,5.278,556,5.318,637,5.361,661,5.354,714,5.537,662,5.839,906,6.048,663,6.317,551,6.661,416,7.055,474,7.674,522,7.895,388,8.079,561,8.527,698,8.909,607,9.321,804,9.59,1070,9.927,410,3.81,4.64,4.21,0.7579,0.8086,-0.1306,3.418,5.4542,3.5794,4.4478,5.4456,5.915,8.7739,2.8799,2.3306,5.5452,4.4799,4.6245,2.886,3.5141,renting
09772,5.324,1255,5.312,1437,5.327,1677,5.434,1581,5.535,1586,5.85,2024,6.014,1648,6.325,1436,6.678,1013,7.18,1178,7.453,1127,7.869,929,8.12,1349,8.555,1644,8.938,1488,9.266,1965,9.7,2137,10.216,928,3.93,4.92,4.7,-0.2254,0.2824,2.0086,1.8587,5.6911,2.8034,5.1713,5.581,7.5172,3.8022,5.5816,3.1897,5.3571,4.4769,3.6697,4.6838,5.3196,renting
09773,4.512,165,4.572,141,4.437,149,4.519,207,4.745,164,4.922,167,5.063,186,5.185,188,5.419,145,5.862,195,6.286,215,6.767,228,6.807,282,7.285,332,7.748,348,8.045,429,8.222,450,8.254,200,3.66,4.8,3.96,1.3298,-2.9528,1.8481,5.0011,3.7302,2.8647,2.4096,4.513,8.1749,7.233,7.6519,0.5911,7.0222,6.3555,3.8332,2.2001,0.3892,renting
09774,4.729,257,4.701,302,4.797,349,4.831,560,4.991,747,5.182,601,5.372,534,5.63,428,5.714,327,5.968,360,6.361,293,6.52,271,6.871,415,7.374,403,7.671,495,8.146,601,8.515,628,8.588,283,3.59,4.33,4.59,-0.5921,2.0421,0.7088,3.3119,3.8269,3.6665,4.8027,1.492,4.4452,6.5851,2.4996,5.3834,7.3206,4.0277,6.1922,4.5298,0.8573,renting
09775,5.652,1050,5.707,1084,5.831,1739,5.968,1627,6.196,1419,6.459,1789,6.549,1563,6.968,980,7.754,845,7.458,938,7.862,946,8.248,678,8.551,1115,8.82,1228,9.131,1093,9.368,1327,9.891,1581,10.422,786,3.71,4.17,4.04,0.9731,2.1728,2.3495,3.8204,4.2447,1.3934,6.3979,11.2801,-3.8174,5.417,4.9097,3.6736,3.1458,3.5261,2.5956,5.5828,5.3685,renting
09776,6.6,372,5.949,437,6.089,608,6.11,666,6.558,586,6.972,616,7.242,688,7.357,615,7.658,458,7.803,435,8.215,496,8.766,348,9.071,514,9.277,584,10.076,499,10.145,640,10.235,800,10.713,376,2.97,3.86,3.43,-9.8636,2.3533,0.3449,7.3322,6.3129,3.8726,1.588,4.0913,1.8934,5.28,6.7072,3.4794,2.271,8.6127,0.6848,0.8871,4.6702,renting
09777,5.235,506,5.354,628,5.316,671,5.298,767,5.528,619,5.696,599,5.766,687,6.027,459,6.07,378,6.518,425,6.955,429,7.192,263,7.724,437,7.824,525,8.408,322,8.827,546,9.423,618,9.972,318,3.9,5.19,5.26,2.2732,-0.7097,-0.3386,4.3413,3.0391,1.2289,4.5265,0.7135,7.3806,6.7045,3.4076,7.3971,1.2947,7.4642,4.9833,6.752,5.8262,renting
09778,4.912,520,4.963,587,5.03,701,4.941,788,5.238,927,5.383,1003,5.502,800,5.634,584,6.216,363,6.414,414,6.748,426,7.26,346,7.241,550,7.568,510,8.067,447,8.3,630,8.696,728,9.462,417,3.98,5.36,5.52,1.0383,1.35,-1.7694,6.0109,2.7682,2.2107,2.3991,10.3301,3.1853,5.2074,7.5874,-0.2617,4.516,6.5936,2.8883,4.7711,8.8086,renting
09779,4.648,121,4.629,139,4.432,408,4.401,468,4.907,303,5.325,319,5.483,350,5.499,340,6.088,243,6.053,257,6.563,284,6.861,215,6.786,313,7.042,337,7.585,313,7.79,474,8.031,549,8.644,244,3.81,4.69,4.98,-0.4088,-4.2558,-0.6995,11.4974,8.5184,2.9671,0.2918,10.711,-0.5749,8.4256,4.5406,-1.0931,3.7725,7.7109,2.7027,3.0937,7.6329,renting
09780,5.451,375,5.162,418,5.263,642,5.426,1107,5.534,976,5.744,1116,5.988,1248,6.229,772,6.439,545,6.903,472,7.245,399,7.39,285,8.271,511,8.276,487,8.669,377,9.363,558,9.878,727,10.315,340,3.88,5.22,4.55,-5.3018,1.9566,3.0971,1.9904,3.7947,4.2479,4.0247,3.3713,7.2061,4.9544,2.0014,11.9215,0.0605,4.7487,8.0055,5.5004,4.424,renting
10041,5.193,1236,5.22,847,5.261,1165,5.509,1478,5.566,1929,5.765,1933,5.899,2071,5.872,1326,5.889,1709,6.265,2291,6.32,1627,6.476,1410,6.726,1642,6.952,1600,7.218,1323,7.615,1414,7.925,1656,8.681,790,3.1,4.02,5.26,0.5199,0.7854,4.7139,1.0347,3.5753,2.3244,-0.4577,0.2895,6.3848,0.8779,2.4684,3.8604,3.3601,3.8262,5.5001,4.0709,9.5394,renting
10043,4.467,123,4.551,114,4.501,178,4.641,160,4.675,163,4.632,323,4.716,408,4.993,172,5.26,187,5.164,323,5.393,238,5.61,176,5.692,236,5.733,220,6.216,203,6.847,187,6.882,263,6.911,126,2.65,3.37,4.05,1.8805,-1.0987,3.1104,0.7326,-0.9198,1.8135,5.8736,5.3475,-1.8251,4.4345,4.0237,1.4617,0.7203,8.4249,10.1512,0.5112,0.4214,renting
10044,4.868,80,4.758,100,5.042,170,4.923,310,5.009,262,4.971,321,5.091,496,5.669,218,5.779,240,6.166,502,6.103,491,6.484,473,6.203,396,6.645,413,6.677,230,7.049,302,7.763,287,7.887,210,2.97,3.44,4.98,-2.2597,5.9689,-2.3602,1.7469,-0.7586,2.414,11.3534,1.9404,6.6967,-1.0217,6.2428,-4.3337,7.1256,0.4816,5.5714,10.1291,1.5973,renting
10045,5.035,393,5.042,486,4.933,560,5.011,508,5.305,527,5.306,1183,5.285,1006,5.509,452,5.71,268,5.98,522,6.033,426,6.243,320,6.327,402,6.72,387,6.985,348,7.65,366,8.183,566,8.567,285,3.22,4.54,6.27,0.139,-2.1618,1.5812,5.8671,0.0189,-0.3958,4.2384,3.6486,4.7285,0.8863,3.4809,1.3455,6.2115,3.9435,9.5204,6.9673,4.6927,renting
11000,5.134,168415,5.266,173612,5.605,149842,6.009,125078,6.488,117124,6.988,114404,7.335,115475,7.565,87395,7.823,66359,8.584,61689,9.288,57029,9.767,52277,9.894,37547,10.508,36468,12.415,28038,14.547,81126,14.2,131124,13.696,49129,6.08,6.34,7.12,2.5711,6.4375,7.2079,7.9714,7.7065,4.9657,3.1357,3.4104,9.7277,8.2013,5.1572,1.3003,6.2058,18.1481,17.1728,-2.3854,-3.5493,renting
12051,4.106,1463,3.946,1519,4.089,1474,4.136,1530,4.369,1430,4.371,1598,4.292,1746,4.534,1256,5.048,705,5.055,792,5.29,1179,5.416,876,5.844,991,6.096,1404,6.214,1088,6.51,1157,7.315,910,7.508,478,3.69,5.24,5.2,-3.8967,3.6239,1.1494,5.6335,0.0458,-1.8074,5.6384,11.3366,0.1387,4.6489,2.3819,7.9025,4.3121,1.9357,4.7634,12.3656,2.6384,renting
12052,4.497,1097,4.514,843,4.35,1993,4.474,2067,4.256,2753,4.637,2307,5.023,4481,5.024,2695,4.909,1315,4.98,1323,4.843,850,4.975,537,4.95,537,5.366,1180,5.714,1322,6.05,1175,6.587,1016,6.932,500,2.68,3.35,6.98,0.378,-3.6331,2.8506,-4.8726,8.9521,8.3243,0.0199,-2.289,1.4463,-2.751,2.7256,-0.5025,8.404,6.4853,5.8803,8.876,5.2376,renting
12053,4.639,340,4.647,324,4.805,348,4.98,452,4.872,359,4.709,701,4.934,1505,4.948,989,5.019,344,5.116,387,5.118,578,5.102,470,5.306,633,5.538,667,5.726,474,6.083,408,6.485,439,6.89,211,2.39,3.39,5.37,0.1725,3.4,3.642,-2.1687,-3.3456,4.7781,0.2837,1.4349,1.9327,0.0391,-0.3126,3.9984,4.3724,3.3947,6.2347,6.6086,6.2452,renting
12054,6.204,4464,6.244,4759,6.323,4969,6.467,4383,6.678,4879,6.781,5998,6.898,5114,6.764,3891,6.927,4125,7.521,3248,7.908,2435,8.309,2069,8.905,1966,9.409,1690,10.252,1179,10.02,2723,10.323,3531,10.872,2516,3.4,4.91,4.14,0.6447,1.2652,2.2774,3.2627,1.5424,1.7254,-1.9426,2.4098,8.5751,5.1456,5.0708,7.1729,5.6597,8.9595,-2.263,3.024,5.3182,renting
12060,4.5,1249,4.729,1106,4.885,992,5.059,1048,5.137,871,5.451,1514,5.562,1976,5.552,1154,5.653,986,5.871,970,6.079,2728,6.449,4137,6.725,1860,7.323,1447,7.594,866,8.612,1112,9.322,1662,9.719,851,4.68,5.81,7.7,5.0889,3.2988,3.5619,1.5418,6.1125,2.0363,-0.1798,1.8192,3.8564,3.5428,6.0865,4.2797,8.8922,3.7007,13.4053,8.2443,4.2587,renting
12061,5.125,915,5.099,1065,5.298,1131,5.583,1082,5.756,1058,5.928,1188,5.914,1067,5.985,909,6.197,668,6.709,578,7.038,691,7.157,603,8.113,918,8.408,1156,9.003,737,10.132,1115,10.535,1632,12.935,1206,5.74,8.18,10.0,-0.5073,3.9027,5.3794,3.0987,2.9882,-0.2362,1.2005,3.5422,8.2621,4.9039,1.6908,13.3576,3.6361,7.0766,12.5403,3.9775,22.7812,renting
12062,4.111,129,3.916,152,4.089,189,4.076,132,4.195,252,4.264,220,4.279,266,4.331,188,4.23,154,4.628,185,4.789,243,4.753,220,4.955,261,5.178,245,5.258,246,5.414,374,5.501,262,5.798,130,2.09,3.01,3.2,-4.7434,4.4178,-0.3179,2.9195,1.6448,0.3518,1.2152,-2.332,9.409,3.4788,-0.7517,4.2499,4.5005,1.545,2.9669,1.6069,5.399,renting
12063,4.746,1079,4.817,1356,4.894,1477,5.032,939,5.199,1014,5.598,1141,5.715,1079,5.568,1009,6.145,942,6.279,922,6.388,718,6.749,618,7.223,823,7.746,757,8.254,648,8.609,883,9.145,1386,9.852,673,4.44,5.9,6.41,1.496,1.5985,2.8198,3.3188,7.6746,2.09,-2.5722,10.3628,2.1806,1.7359,5.6512,7.0233,7.2408,6.5582,4.3009,6.226,7.731,renting
12064,4.914,842,4.868,1002,4.984,940,5.002,921,5.184,979,5.535,1100,5.55,1080,5.586,938,5.673,714,5.775,557,6.442,633,6.818,661,6.984,878,7.179,713,8.201,523,8.741,758,8.996,835,9.874,389,4.27,5.95,7.26,-0.9361,2.3829,0.3612,3.6385,6.7708,0.271,0.6486,1.5575,1.798,11.5498,5.8367,2.4347,2.7921,14.236,6.5846,2.9173,9.7599,renting
12065,5.003,1713,5.055,1887,5.186,1662,5.329,1456,5.432,1700,5.693,1436,5.844,1297,6.04,1107,6.202,949,6.632,824,7.021,1060,7.387,799,7.832,1005,7.989,954,8.82,732,9.083,937,9.964,1399,10.302,699,4.37,5.52,5.7,1.0394,2.5915,2.7574,1.9328,4.8049,2.6524,3.3539,2.6821,6.9332,5.8655,5.2129,6.0241,2.0046,10.4018,2.9819,9.6994,3.3922,renting
12066,4.168,314,4.304,379,4.303,363,4.315,346,4.577,329,4.638,437,4.663,477,4.844,605,4.798,606,4.739,601,4.888,703,4.927,442,5.137,398,5.449,316,5.663,231,5.946,250,6.285,332,6.339,113,2.53,2.76,4.31,3.263,-0.0232,0.2789,6.0718,1.3328,0.539,3.8816,-0.9496,-1.2297,3.1441,0.7979,4.2622,6.0736,3.9273,4.9974,5.7013,0.8592,renting
12067,5.226,552,5.128,587,4.897,587,5.052,515,5.191,720,5.269,813,5.524,786,5.479,972,5.742,668,6.079,620,6.208,603,6.439,540,6.824,654,7.584,662,7.95,507,9.243,860,10.055,1449,10.775,640,4.45,7.07,9.63,-1.8752,-4.5047,3.1652,2.7514,1.5026,4.8396,-0.8146,4.8001,5.869,2.1221,3.721,5.9792,11.1372,4.8259,16.2642,8.785,7.1606,renting
12068,4.345,239,3.859,615,3.915,427,4.014,645,3.923,709,4.197,469,4.229,702,4.566,348,4.952,220,5.275,305,5.542,327,5.6,300,5.993,326,6.156,371,6.488,255,6.963,328,7.43,402,7.976,202,3.76,5.76,5.9,-11.1853,1.4512,2.5287,-2.2671,6.9845,0.7624,7.9688,8.4538,6.5226,5.0616,1.0466,7.0179,2.7198,5.3931,7.3212,6.7069,7.3486,renting
12069,5.298,2669,5.414,2617,5.688,1923,5.661,1627,5.802,1430,5.965,1460,6.165,1260,6.087,1780,6.386,879,6.794,1003,7.202,957,7.327,814,7.787,763,8.377,863,8.687,523,9.655,978,10.232,1380,10.763,744,4.3,5.89,6.72,2.1895,5.061,-0.4747,2.4907,2.8094,3.3529,-1.2652,4.9121,6.389,6.0053,1.7356,6.2781,7.5767,3.7006,11.1431,5.9762,5.1896,renting
12070,3.859,229,3.859,188,3.977,250,4.031,301,4.026,354,3.999,306,4.267,252,4.277,137,4.33,108,4.607,158,4.53,168,4.843,162,4.877,180,5.113,176,5.166,133,5.787,174,6.255,253,6.091,86,2.79,3.69,4.67,0.0,3.0578,1.3578,-0.124,-0.6706,6.7017,0.2344,1.2392,6.3972,-1.6714,6.9095,0.702,4.839,1.0366,12.0209,8.0871,-2.6219,renting
12071,4.138,131,3.995,166,3.828,199,3.985,129,4.257,203,4.281,306,4.634,717,4.483,394,4.578,296,4.704,230,4.464,197,4.5,158,4.958,243,5.101,341,5.383,268,5.799,293,5.862,273,5.947,95,2.25,2.94,3.74,-3.4558,-4.1802,4.1014,6.8256,0.5638,8.2457,-3.2585,2.1191,2.7523,-5.102,0.8065,10.1778,2.8842,5.5283,7.728,1.0864,1.45,renting
12072,4.544,1415,4.53,1213,4.666,1198,4.715,1137,4.861,1004,4.939,1233,5.508,1375,5.567,1256,5.722,1205,6.043,1007,6.324,870,6.744,880,7.073,836,7.417,821,7.524,578,8.386,900,8.457,1209,9.55,650,4.54,5.61,6.31,-0.3081,3.0022,1.0502,3.0965,1.6046,11.5206,1.0712,2.7843,5.6099,4.65,6.6414,4.8784,4.8636,1.4426,11.4567,0.8466,12.9242,renting
12073,4.291,245,4.578,284,4.628,372,4.714,598,4.867,624,4.866,733,4.773,1688,4.668,807,4.959,668,5.199,691,5.214,692,5.259,792,5.322,757,5.588,793,5.668,561,6.109,581,6.568,506,6.688,221,2.69,3.7,4.71,6.6884,1.0922,1.8583,3.2457,-0.0205,-1.9112,-2.1999,6.2339,4.8397,0.2885,0.8631,1.1979,4.9981,1.4316,7.7805,7.5135,1.827,renting
13003,5.198,7749,5.215,7439,5.28,4663,5.321,4163,5.518,4666,5.605,5316,5.744,5128,5.881,4388,5.723,3902,6.288,2980,6.53,3030,6.467,2936,6.574,2967,6.759,2432,7.831,1166,7.842,1985,8.287,2419,8.652,1002,3.12,4.06,5.78,0.327,1.2464,0.7765,3.7023,1.5767,2.4799,2.3851,-2.6866,9.8724,3.8486,-0.9648,1.6546,2.8141,15.8603,0.1405,5.6746,4.4045,renting
13004,4.805,1510,4.842,1448,4.676,1930,4.567,1976,4.784,2458,5.317,2525,5.342,2883,5.252,1841,5.402,1494,5.513,1546,5.633,1582,5.8,1410,6.119,1703,6.23,2018,6.655,1346,7.252,1098,7.546,1601,8.0,820,3.11,4.32,5.54,0.77,-3.4283,-2.3311,4.7515,11.1413,0.4702,-1.6848,2.8561,2.0548,2.1767,2.9647,5.5,1.814,6.8218,8.9707,4.0541,6.0164,renting
13071,4.46,1159,4.598,1259,4.435,1487,4.366,1899,4.641,2217,4.621,1870,4.564,4848,4.648,2302,4.771,2032,4.779,2070,4.911,2255,4.902,2106,5.017,2226,4.947,2530,5.201,2214,5.724,1974,5.985,1679,6.239,818,2.05,3.03,4.52,3.0942,-3.545,-1.5558,6.2987,-0.4309,-1.2335,1.8405,2.6463,0.1677,2.7621,-0.1833,2.346,-1.3953,5.1344,10.0558,4.5597,4.2439,renting
13072,4.924,798,4.885,868,4.866,1050,5.063,1081,5.086,1287,5.21,1153,5.215,1214,5.223,1168,5.327,897,5.532,930,5.792,840,5.819,805,5.978,856,6.204,765,6.583,491,7.237,604,7.89,797,8.253,406,3.13,4.72,6.69,-0.792,-0.3889,4.0485,0.4543,2.4381,0.096,0.1534,1.9912,3.8483,4.6999,0.4662,2.7324,3.7805,6.109,9.9347,9.0231,4.6008,renting
13073,4.919,868,5.098,1206,5.195,1381,5.113,1449,5.249,1572,5.297,1579,5.323,1821,5.31,1494,5.351,1219,5.587,1160,5.603,1437,5.702,1227,5.984,1208,5.961,1566,6.361,1091,6.994,1138,7.597,1516,7.835,767,2.82,4.02,5.61,3.639,1.9027,-1.5784,2.6599,0.9145,0.4908,-0.2442,0.7721,4.4104,0.2864,1.7669,4.9456,-0.3844,6.7103,9.9513,8.6217,3.1328,renting
13074,4.735,735,4.82,899,4.967,935,4.989,955,5.105,906,5.129,998,5.191,1480,5.227,1075,5.388,870,5.475,869,5.521,951,5.616,1116,5.874,1053,6.02,1133,6.392,726,6.734,839,7.299,759,7.792,408,3.0,4.1,5.83,1.7951,3.0498,0.4429,2.3251,0.4701,1.2088,0.6935,3.0802,1.6147,0.8402,1.7207,4.594,2.4855,6.1794,5.3504,8.3903,6.7543,renting
13075,4.77,708,5.126,915,5.166,725,5.06,568,5.22,734,5.464,768,5.623,1082,5.65,1408,5.727,1306,5.67,1838,5.608,1786,5.679,1364,5.791,1347,5.545,1516,6.245,931,7.025,883,7.519,1241,7.837,594,3.06,3.46,6.43,7.4633,0.7803,-2.0519,3.1621,4.6743,2.91,0.4802,1.3628,-0.9953,-1.0935,1.266,1.9722,-4.248,12.624,12.49,7.032,4.2293,renting
13076,4.269,454,4.454,498,4.385,793,4.411,663,4.557,781,4.571,833,4.761,1031,4.784,692,4.807,607,4.918,678,5.017,683,5.205,665,5.425,747,5.539,749,5.777,548,6.223,575,6.576,578,6.792,271,2.79,3.59,4.62,4.3336,-1.5492,0.5929,3.3099,0.3072,4.1566,0.4831,0.4808,2.3091,2.013,3.7473,4.2267,2.1014,4.2968,7.7203,5.6725,3.2847,renting
14511,4.276,8684,4.273,10246,4.17,16505,4.231,9655,4.274,14577,4.351,17087,4.381,17245,4.469,8844,4.542,6318,4.51,5637,4.578,2898,4.61,4673,4.628,4796,4.823,7601,4.928,12502,5.026,14634,5.201,17405,5.303,6805,1.29,1.73,2.76,-0.0702,-2.4105,1.4628,1.0163,1.8016,0.6895,2.0087,1.6335,-0.7045,1.5078,0.699,0.3905,4.2135,2.1771,1.9886,3.4819,1.9612,renting
14521,4.079,663,4.051,773,4.104,940,4.145,735,4.135,966,4.178,1470,4.177,2136,4.265,1593,4.3,1488,4.389,1234,4.512,1105,4.533,1062,4.652,1444,4.764,2028,4.859,1739,5.085,2050,5.24,2216,5.296,977,1.56,2.2,2.63,-0.6864,1.3083,0.999,-0.2413,1.0399,-0.0239,2.1068,0.8206,2.0698,2.8025,0.4654,2.6252,2.4076,1.9941,4.6512,3.0482,1.0687,renting
14522,4.184,1493,4.197,1369,4.324,1904,4.438,1676,4.46,1856,4.458,2138,4.441,2689,4.733,4860,4.706,3057,4.751,3292,4.728,3620,4.816,2753,4.872,2855,4.976,3084,5.06,2992,5.358,3603,5.497,3188,5.763,1252,1.92,2.01,3.43,0.3107,3.026,2.6364,0.4957,-0.0448,-0.3813,6.5751,-0.5705,0.9562,-0.4841,1.8613,1.1628,2.1346,1.6881,5.8893,2.5943,4.839,renting
14523,3.84,1391,3.825,1616,3.784,2506,3.722,2182,3.787,2175,3.834,2297,3.81,2599,3.933,2733,3.989,1567,4.181,1379,4.157,1069,4.298,1039,4.247,1125,4.383,1965,4.445,2896,4.847,2389,5.025,2826,4.988,1190,1.59,2.45,3.32,-0.3906,-1.0719,-1.6385,1.7464,1.2411,-0.626,3.2283,1.4238,4.8132,-0.574,3.3919,-1.1866,3.2023,1.4146,9.0439,3.6724,-0.7363,renting
14524,4.331,9485,4.242,6687,4.159,5808,4.087,3716,4.224,5012,4.245,4709,4.302,4563,4.257,3701,4.501,3445,4.709,4406,4.666,4250,4.68,3404,4.824,3329,4.981,3650,5.122,4357,5.238,7538,5.51,7424,5.626,3178,1.58,2.85,3.13,-2.055,-1.9566,-1.7312,3.3521,0.4972,1.3428,-1.046,5.7317,4.6212,-0.9131,0.3,3.0769,3.2546,2.8308,2.2647,5.1928,2.1053,renting
14612,5.071,38123,5.108,34000,5.261,31146,5.475,26893,5.715,24731,6.05,25147,6.156,25778,6.233,25160,6.349,13423,6.891,10111,7.108,2371,6.869,3510,7.067,2384,7.24,9730,7.631,16636,8.063,18127,8.388,17779,8.67,6895,3.24,3.4,4.18,0.7296,2.9953,4.0677,4.3836,5.8618,1.7521,1.2508,1.8611,8.5368,3.149,-3.3624,2.8825,2.448,5.4006,5.6611,4.0308,3.3619,renting
14625,4.398,1582,4.422,1760,4.312,2583,4.483,2389,4.544,2345,4.613,2097,4.657,1976,4.65,3009,4.822,1780,4.906,1864,4.874,2031,5.152,1904,5.175,1699,5.294,1781,5.349,1711,5.531,1682,5.751,1832,5.887,846,1.75,2.4,2.62,0.5457,-2.4876,3.9657,1.3607,1.5185,0.9538,-0.1503,3.6989,1.742,-0.6523,5.7037,0.4464,2.2995,1.0389,3.4025,3.9776,2.3648,renting
14626,3.888,1093,3.878,912,3.973,1475,3.993,1524,3.828,1997,4.08,1657,4.106,1484,4.216,1640,4.218,1239,4.282,1326,4.334,978,4.33,1041,4.544,1615,4.869,1955,4.987,2098,5.072,2022,5.271,2752,5.638,1417,2.25,2.98,4.43,-0.2572,2.4497,0.5034,-4.1322,6.5831,0.6373,2.679,0.0474,1.5173,1.2144,-0.0923,4.9423,7.1523,2.4235,1.7044,3.9235,6.9626,renting
14627,5.054,4808,4.897,5125,4.824,4791,4.823,3901,4.967,4404,5.056,4630,4.796,8241,5.136,4492,5.225,2556,5.468,2914,5.684,2592,5.437,1799,5.595,1759,5.613,2116,5.99,2629,6.131,2653,6.47,2199,6.812,864,1.84,2.91,4.04,-3.1065,-1.4907,-0.0207,2.9857,1.7918,-5.1424,7.0892,1.7329,4.6507,3.9503,-4.3455,2.906,0.3217,6.7166,2.3539,5.5293,5.2859,renting
14628,4.383,4295,4.425,3502,4.427,3909,4.5,4403,4.557,4747,4.791,3560,5.024,3228,5.086,5494,5.284,3603,5.485,3375,5.578,3061,5.563,2111,5.488,2068,5.715,2179,5.954,2216,6.411,2363,6.477,2008,6.756,724,2.6,2.91,4.27,0.9582,0.0452,1.649,1.2667,5.135,4.8633,1.2341,3.893,3.8039,1.6955,-0.2689,-1.3482,4.1363,4.182,7.6755,1.0295,4.3075,renting
14713,4.385,70076,4.347,71268,4.321,106904,4.472,82866,4.566,81319,4.813,70532,5.129,50098,5.455,51743,5.732,21472,5.996,17436,6.067,3370,6.309,4008,6.464,3585,6.88,10479,7.276,13979,8.02,13778,8.333,15792,8.619,9417,4.09,4.71,5.95,-0.8666,-0.5981,3.4946,2.102,5.4095,6.5656,6.356,5.0779,4.6057,1.1841,3.9888,2.4568,6.4356,5.7558,10.2254,3.9027,3.4321,renting
14729,4.412,4276,4.389,4264,4.419,9012,4.537,5583,4.596,6558,4.675,7323,4.689,5072,4.951,5001,4.999,3409,4.862,3479,5.057,3338,5.172,3275,4.946,4367,5.114,4360,5.457,3524,5.609,4043,6.091,3838,6.567,1493,2.42,2.94,5.86,-0.5213,0.6835,2.6703,1.3004,1.7189,0.2995,5.5875,0.9695,-2.7405,4.0107,2.2741,-4.3697,3.3967,6.7071,2.7854,8.5933,7.8148,renting
14730,4.52,2140,4.38,2000,4.427,3547,4.446,2748,4.447,3366,4.537,2623,4.55,2161,4.759,1672,4.749,1364,5.036,2073,5.229,2990,5.353,1994,5.351,2294,5.772,2524,5.97,1665,6.503,1550,6.734,2015,7.082,836,2.72,4.09,5.79,-3.0973,1.0731,0.4292,0.0225,2.0238,0.2865,4.5934,-0.2101,6.0434,3.8324,2.3714,-0.0374,7.8677,3.4304,8.928,3.5522,5.1678,renting
15001,4.351,450,4.46,379,4.275,624,4.569,501,4.72,528,4.935,526,4.977,526,5.009,676,5.013,565,5.131,671,4.885,411,5.04,380,5.224,499,5.257,1144,5.646,1500,6.012,1738,6.259,1328,6.444,644,2.39,2.6,4.32,2.5052,-4.148,6.8772,3.3049,4.5551,0.8511,0.643,0.0799,2.3539,-4.7944,3.173,3.6508,0.6317,7.3997,6.4825,4.1084,2.9557,renting
15002,4.47,5275,4.419,5287,4.53,6773,4.632,7172,4.748,8578,4.803,7112,5.138,8339,5.02,7416,5.179,3964,5.323,3550,5.628,1470,5.699,1574,5.844,1476,6.088,3589,6.29,5672,6.589,5934,6.87,6910,7.117,3107,2.8,3.56,4.02,-1.1409,2.5119,2.2517,2.5043,1.1584,6.9748,-2.2966,3.1673,2.7805,5.7299,1.2615,2.5443,4.1752,3.318,4.7536,4.2647,3.5953,renting
15003,4.192,30536,4.243,19252,4.57,9707,4.698,6847,4.672,8630,4.789,9509,4.81,11107,4.884,13285,5.095,11982,5.086,28893,5.527,6227,5.639,7790,5.619,10137,5.708,9644,5.953,7710,6.336,9144,6.492,8923,6.822,3692,2.94,3.43,3.97,1.2166,7.7068,2.8009,-0.5534,2.5043,0.4385,1.5385,4.3202,-0.1766,8.6709,2.0264,-0.3547,1.5839,4.2922,6.4337,2.4621,5.0832,renting
15081,4.013,206,3.911,199,3.966,212,3.932,194,4.092,250,4.062,286,4.252,339,5.016,225,4.326,156,4.487,194,4.706,283,5.412,303,4.704,325,4.88,374,5.155,326,5.66,345,5.667,372,5.474,172,2.16,1.27,3.18,-2.5417,1.4063,-0.8573,4.0692,-0.7331,4.6775,17.968,-13.756,3.7217,4.8808,15.0021,-13.082,3.7415,5.6352,9.7963,0.1237,-3.4057,renting
15082,4.291,439,4.347,372,4.376,388,4.456,568,4.43,551,4.419,578,4.567,646,4.737,743,4.819,643,4.761,611,4.781,723,4.862,649,5.081,712,5.173,1098,5.431,686,5.907,869,6.087,730,6.212,297,2.23,2.78,4.13,1.3051,0.6671,1.8282,-0.5835,-0.2483,3.3492,3.7224,1.7311,-1.2036,0.4201,1.6942,4.5043,1.8107,4.9874,8.7645,3.0472,2.0536,renting
15083,4.116,464,4.071,451,4.136,668,4.119,651,4.234,726,4.419,540,4.538,562,4.53,670,4.679,587,4.694,703,4.74,907,5.045,682,5.026,733,5.035,883,5.339,768,5.696,726,5.893,940,5.983,466,2.25,2.85,3.58,-1.0933,1.5967,-0.411,2.7919,4.3694,2.6929,-0.1763,3.2892,0.3206,0.98,6.4346,-0.3766,0.1791,6.0377,6.6866,3.4586,1.5272,renting
15084,4.252,973,4.357,966,4.308,830,4.304,809,4.27,1092,4.389,915,4.397,1280,4.502,1171,4.528,926,4.701,944,4.796,1040,4.761,1136,4.904,1312,5.019,1200,5.069,1125,5.322,1176,5.579,1382,5.672,661,1.73,2.35,2.97,2.4694,-1.1246,-0.0929,-0.79,2.7869,0.1823,2.388,0.5775,3.8207,2.0208,-0.7298,3.0036,2.345,0.9962,4.9911,4.829,1.667,renting
15085,3.837,2079,4.205,1301,4.283,1106,4.32,1083,4.419,1197,4.578,1706,4.623,2069,4.674,1733,4.698,1416,4.832,1256,4.835,1538,4.882,1433,5.031,1493,5.11,1564,5.368,1304,5.648,1397,6.07,1664,6.091,783,2.79,2.71,3.93,9.5908,1.8549,0.8639,2.2917,3.5981,0.983,1.1032,0.5135,2.8523,0.0621,0.9721,3.052,1.5703,5.0489,5.2161,7.4717,0.346,renting
15086,4.382,273,4.208,218,4.114,234,4.169,234,4.193,224,4.154,396,4.264,573,4.472,471,4.61,503,4.733,294,4.847,352,5.169,360,5.567,821,5.755,945,5.979,1000,6.078,761,6.142,1028,6.504,398,2.39,3.84,3.17,-3.9708,-2.2338,1.3369,0.5757,-0.9301,2.6481,4.878,3.0859,2.6681,2.4086,6.6433,7.6997,3.377,3.8923,1.6558,1.053,5.8938,renting
15087,4.187,426,4.171,415,4.188,498,4.21,603,4.315,725,4.385,597,4.466,645,4.731,601,4.814,514,4.826,444,4.995,509,5.115,715,5.157,445,5.197,809,5.371,972,5.377,673,5.584,425,5.536,201,1.67,1.6,1.45,-0.3821,0.4076,0.5253,2.4941,1.6222,1.8472,5.9337,1.7544,0.2493,3.5019,2.4024,0.8211,0.7756,3.3481,0.1117,3.8497,-0.8596,renting
15088,4.441,625,4.305,984,4.364,1379,4.325,841,4.391,1020,4.456,1339,4.442,1662,4.662,1955,4.849,1571,4.897,1653,5.039,1437,5.066,1163,5.115,1440,5.268,1579,5.484,1410,5.859,1543,6.024,1762,6.345,836,2.15,3.15,4.41,-3.0624,1.3705,-0.8937,1.526,1.4803,-0.3142,4.9527,4.0112,0.9899,2.8997,0.5358,0.9672,2.9912,4.1002,6.8381,2.8162,5.3287,renting
15089,4.075,1642,4.105,1351,4.199,1237,4.16,999,4.189,882,4.306,1061,4.261,1330,4.378,802,4.509,794,4.591,929,4.664,673,4.837,763,4.879,829,5.064,1064,5.129,1003,5.493,1093,5.5,1123,6.421,1134,2.78,4.0,5.81,0.7362,2.2899,-0.9288,0.6971,2.793,-1.0451,2.7458,2.9922,1.8186,1.5901,3.7093,0.8683,3.7918,1.2836,7.0969,0.1274,16.7455,renting
15090,4.024,310,3.974,259,4.118,400,4.147,397,4.233,401,4.176,572,4.227,772,4.459,853,4.66,661,4.638,638,4.722,745,4.863,570,4.932,670,5.118,858,5.407,509,5.486,577,5.889,709,5.983,268,2.39,3.01,3.96,-1.2425,3.6236,0.7042,2.0738,-1.3466,1.2213,5.4885,4.5077,-0.4721,1.8111,2.986,1.4189,3.7713,5.6467,1.4611,7.346,1.5962,renting
15091,3.892,600,4.045,585,4.141,556,4.158,635,4.109,703,4.367,524,4.321,489,4.449,569,4.498,738,4.698,577,4.76,732,4.827,723,4.976,803,5.08,980,5.255,530,5.742,605,6.009,512,6.157,183,2.76,3.33,4.38,3.9311,2.3733,0.4105,-1.1785,6.2789,-1.0534,2.9623,1.1014,4.4464,1.3197,1.4076,3.0868,2.09,3.4449,9.2674,4.6499,2.463,renting
16051,4.996,4659,5.021,4640,5.133,4426,5.229,2598,5.697,4515,5.809,5806,5.757,7117,5.87,5036,6.008,2936,6.24,2736,6.408,3483,6.496,3685,6.67,3373,6.753,2960,7.07,2295,7.322,2494,7.77,2030,8.67,831,3.34,4.02,5.44,0.5004,2.2306,1.8703,8.9501,1.9659,-0.8952,1.9628,2.3509,3.8615,2.6923,1.3733,2.6786,1.2444,4.6942,3.5644,6.1185,11.583,renting
16052,4.129,718,4.224,842,4.195,1293,4.167,1274,4.245,1692,4.214,2300,4.212,2979,4.457,1695,4.444,893,4.592,1054,4.69,504,4.842,563,4.903,613,4.955,1136,5.092,1869,5.414,1571,5.703,1597,5.965,901,2.21,2.98,4.02,2.3008,-0.6866,-0.6675,1.8719,-0.7303,-0.0475,5.8167,-0.2917,3.3303,2.1341,3.2409,1.2598,1.0606,2.7649,6.3236,5.338,4.5941,renting
16053,6.24,620,6.346,630,6.431,412,6.561,351,7.019,555,6.656,801,7.398,1233,7.068,998,6.691,533,7.217,410,6.921,162,7.574,173,7.21,191,7.663,330,8.047,375,8.596,412,8.858,567,9.564,269,2.69,3.22,5.83,1.6987,1.3394,2.0215,6.9806,-5.1717,11.1478,-4.4607,-5.3339,7.8613,-4.1014,9.4351,-4.8059,6.2829,5.0111,6.8224,3.0479,7.9702,renting
16054,4.621,207,4.637,229,4.557,260,4.671,188,4.747,225,4.945,205,4.847,128,4.828,178,4.879,207,4.941,241,5.022,229,5.332,211,5.374,254,5.446,327,5.394,248,5.379,222,5.799,297,5.851,131,1.43,1.97,1.76,0.3462,-1.7253,2.5016,1.6271,4.1711,-1.9818,-0.392,1.0563,1.2708,1.6393,6.1728,0.7877,1.3398,-0.9548,-0.2781,7.8081,0.8967,renting
16055,4.914,779,5.101,819,5.131,663,5.369,577,5.732,591,5.695,512,6.117,607,6.05,1419,6.209,725,6.404,461,6.512,486,6.702,432,7.048,415,7.211,380,7.383,315,7.512,392,7.948,408,8.564,190,3.35,3.55,4.0,3.8055,0.5881,4.6385,6.761,-0.6455,7.41,-1.0953,2.6281,3.1406,1.6864,2.9177,5.1626,2.3127,2.3852,1.7473,5.804,7.7504,renting
16056,4.553,723,4.547,1001,4.548,938,4.635,667,4.775,674,4.855,651,4.753,727,5.059,1013,5.161,600,5.345,438,5.352,538,5.478,548,5.602,696,5.667,662,5.748,416,6.084,415,6.251,332,6.69,193,2.32,2.85,3.64,-0.1318,0.022,1.9129,3.0205,1.6754,-2.1009,6.438,2.0162,3.5652,0.131,2.3543,2.2636,1.1603,1.4293,5.8455,2.7449,7.0229,renting
16061,4.223,75,4.047,83,4.178,58,4.216,52,4.161,93,4.508,150,4.526,125,4.553,145,4.751,131,4.951,109,5.168,195,5.12,148,5.255,170,5.399,231,5.549,93,5.804,97,6.019,93,6.116,51,2.24,3.01,3.09,-4.1677,3.237,0.9095,-1.3046,8.3393,0.3993,0.5966,4.3488,4.2096,4.383,-0.9288,2.6367,2.7402,2.7783,4.5954,3.7043,1.6116,renting
16062,4.203,146,4.429,371,4.57,631,4.62,595,4.543,572,4.733,478,4.926,532,4.947,467,5.027,482,5.057,433,5.058,457,4.96,492,5.112,580,5.453,615,5.528,552,5.702,474,5.891,452,5.952,162,2.09,1.89,3.11,5.3771,3.1836,1.0941,-1.6667,4.1823,4.0778,0.4263,1.6171,0.5968,0.0198,-1.9375,3.0645,6.6706,1.3754,3.1476,3.3146,1.0355,renting
16063,4.273,174,4.109,225,4.13,274,4.253,186,4.396,267,4.56,242,4.576,189,4.644,181,4.758,213,4.674,214,5.123,187,5.229,179,5.175,234,5.62,230,5.616,191,5.836,234,6.104,252,6.533,131,2.59,3.54,4.81,-3.8381,0.5111,2.9782,3.3623,3.7307,0.3509,1.486,2.4548,-1.7654,9.6063,2.0691,-1.0327,8.599,-0.0712,3.9174,4.5922,7.0282,renting
16064,4.224,321,4.209,302,4.298,241,4.337,282,4.479,397,4.495,430,4.546,319,4.548,249,4.674,312,4.778,401,4.923,543,4.96,463,5.076,518,5.222,480,5.306,394,5.737,338,6.269,449,7.089,232,3.15,4.61,6.99,-0.3551,2.1145,0.9074,3.2742,0.3572,1.1346,0.044,2.7704,2.2251,3.0347,0.7516,2.3387,2.8763,1.6086,8.1229,9.2731,13.0802,renting
16065,4.114,76,4.262,74,3.966,85,4.187,104,4.162,88,4.058,171,3.996,184,4.519,181,4.543,142,4.548,120,4.694,131,4.853,76,4.772,141,4.862,164,5.088,67,5.38,92,5.517,100,5.451,55,1.76,1.92,2.72,3.5975,-6.9451,5.5724,-0.5971,-2.4988,-1.5278,13.0881,0.5311,0.1101,3.2102,3.3873,-1.6691,1.886,4.6483,5.739,2.5465,-1.1963,renting
16066,4.308,419,4.371,490,4.377,568,4.502,509,4.482,780,4.554,982,4.77,1182,4.816,544,4.831,403,4.828,384,4.964,339,5.055,281,5.266,332,5.522,412,5.78,340,5.879,375,5.999,434,5.94,201,1.92,2.14,2.46,1.4624,0.1373,2.8558,-0.4442,1.6064,4.7431,0.9644,0.3115,-0.0621,2.8169,1.8332,4.1741,4.8614,4.6722,1.7128,2.0412,-0.9835,renting
16067,4.342,507,4.338,505,4.36,482,4.408,355,4.685,662,4.681,884,4.796,822,4.715,654,5.042,408,5.185,475,5.425,485,5.465,541,5.573,924,5.749,715,5.852,556,6.12,496,6.262,523,6.236,192,2.18,2.85,2.29,-0.0921,0.5071,1.1009,6.284,-0.0854,2.4567,-1.6889,6.9353,2.8362,4.6287,0.7373,1.9762,3.1581,1.7916,4.5796,2.3203,-0.4152,renting
16068,3.932,129,4.189,126,3.897,102,4.179,139,4.628,164,4.563,168,4.51,112,4.613,129,4.925,128,5.28,147,5.236,128,5.716,100,5.639,102,5.888,101,5.862,93,6.635,87,6.64,109,7.222,52,3.78,4.7,5.2,6.5361,-6.9706,7.2363,10.7442,-1.4045,-1.1615,2.2838,6.7635,7.2081,-0.8333,9.1673,-1.3471,4.4157,-0.4416,13.1866,0.0754,8.7651,renting
16069,4.197,50,4.338,60,4.151,65,4.435,62,4.576,87,4.577,85,4.619,78,4.888,91,4.745,67,4.756,78,4.768,68,4.844,60,5.261,79,5.214,84,5.595,58,5.4,73,6.162,281,6.277,76,2.5,2.67,3.78,3.3595,-4.3107,6.8417,3.1793,0.0219,0.9176,5.8238,-2.9255,0.2318,0.2523,1.594,8.6086,-0.8934,7.3072,-3.4853,14.1111,1.8663,renting
16070,4.417,237,4.423,330,4.494,388,4.569,236,4.915,343,4.952,628,5.062,337,5.022,289,5.397,297,5.331,407,5.467,437,5.463,331,5.624,469,5.779,443,6.067,276,6.351,286,6.641,404,6.623,202,2.44,2.84,3.34,0.1358,1.6052,1.6689,7.5728,0.7528,2.2213,-0.7902,7.4671,-1.2229,2.5511,-0.0732,2.9471,2.756,4.9836,4.6811,4.5662,-0.271,renting
16071,4.324,173,4.286,131,4.143,224,4.364,157,4.788,179,4.755,289,4.532,301,4.647,312,4.956,244,5.02,293,5.145,277,5.276,180,5.357,252,5.449,240,5.842,157,6.501,210,6.609,175,6.81,62,2.79,3.94,4.98,-0.8788,-3.3364,5.3343,9.7159,-0.6892,-4.6898,2.5375,6.6495,1.2914,2.49,2.5462,1.5353,1.7174,7.2123,11.2804,1.6613,3.0413,renting
16073,4.235,84,4.21,123,4.292,151,4.355,123,4.585,130,4.541,105,4.763,137,4.864,159,4.893,139,4.708,102,4.919,73,5.09,96,5.359,137,5.511,84,5.476,64,5.868,101,5.929,144,6.122,71,2.23,2.37,2.73,-0.5903,1.9477,1.4678,5.2813,-0.9597,4.8888,2.1205,0.5962,-3.7809,4.4817,3.4763,5.2849,2.8364,-0.6351,7.1585,1.0395,3.2552,renting
16075,4.439,110,4.525,105,4.492,101,4.501,94,4.64,80,4.498,90,4.625,116,4.689,134,4.713,77,4.826,93,4.669,87,4.923,69,5.273,81,4.995,59,4.938,72,5.507,194,5.804,208,5.915,89,1.78,2.46,2.48,1.9374,-0.7293,0.2004,3.0882,-3.0603,2.8235,1.3838,0.5118,2.3976,-3.2532,5.4401,7.1095,-5.2721,-1.1411,11.5229,5.3931,1.9125,renting
16076,4.066,168,4.09,210,4.187,321,4.206,180,4.259,309,4.232,445,4.154,299,4.263,294,4.275,197,4.455,335,4.416,285,4.493,343,4.608,373,4.582,450,4.83,445,5.115,479,5.245,692,5.398,207,1.7,2.41,3.24,0.5903,2.3716,0.4538,1.2601,-0.634,-1.8431,2.624,0.2815,4.2105,-0.8754,1.7437,2.5595,-0.5642,5.4125,5.9006,2.5415,2.9171,renting
16077,4.316,355,4.13,351,4.164,523,4.264,416,4.316,510,4.323,663,4.437,706,4.498,780,4.563,564,4.536,476,4.692,420,4.653,443,4.699,650,4.768,496,4.969,648,5.118,529,5.425,468,5.593,175,1.56,2.22,3.56,-4.3095,0.8232,2.4015,1.2195,0.1622,2.6371,1.3748,1.4451,-0.5917,3.4392,-0.8312,0.9886,1.4684,4.2156,2.9986,5.9984,3.0968,renting
Weighted Mean,5.614,0,5.781,0,5.834,0,5.931,0,6.041,0,6.279,0,6.45,0,6.554,0,6.753,0,7.283,0,7.765,0,8.201,0,8.448,0,8.731,0,8.913,0,9.791,0,10.306,0,10.654,0,3.87,5.01,4.78,2.9747,0.9168,1.6627,1.8547,3.9397,2.7234,1.6124,3.0363,7.8484,6.6182,5.6149,3.0118,3.3499,2.0845,9.8508,5.2599,3.3767,renting
